2026-09-11 23:16:47,190 [INFO] ============================================================
2026-09-11 23:16:47,190 [INFO] MSGKO Scraper v4 — 2026-09-11 23:16:47
2026-09-11 23:16:47,191 [INFO] Kanal [0]: Zero 3 (serverType=0)
2026-09-11 23:16:48,379 [INFO] Token alindi: eyJzaWQiOiJkMDg3NWU4...
2026-09-11 23:16:48,379 [INFO] [Zero 3] Sayfa 1 cekiliyor...
2026-09-11 23:16:48,534 [WARNING] Sayfa 1: HTTP 429
2026-09-11 23:16:48,534 [INFO] 60sn bekleniyor...
2026-09-11 23:17:49,199 [INFO] Token yenilendi: eyJzaWQiOiJkMDg3NWU4...
2026-09-11 23:17:49,303 [WARNING] Sayfa 1: HTTP 429
2026-09-11 23:17:49,303 [INFO] 120sn bekleniyor...
2026-09-11 23:19:49,477 [INFO] Token yenilendi: eyJzaWQiOiJkMDg3NWU4...
2026-09-11 23:19:49,622 [WARNING] Sayfa 1: HTTP 429
2026-09-11 23:19:49,623 [WARNING] Site engelliyor — run atlaniyor
2026-09-11 23:22:24,501 [INFO] ============================================================
2026-09-11 23:22:24,501 [INFO] MSGKO Scraper v4 — 2026-09-11 23:22:24
2026-09-11 23:22:24,502 [INFO] Kanal [1]: Zero 4 (serverType=5)
2026-09-11 23:22:25,037 [INFO] Token alindi: eyJzaWQiOiJkMDdiYzll...
2026-09-11 23:22:25,038 [INFO] [Zero 4] Sayfa 1 cekiliyor...
2026-09-11 23:22:25,399 [INFO] Baglanti OK!
2026-09-11 23:22:25,495 [INFO]   [Zero 4] Sayfa   1: 192 ilan (toplam=  192, 0s)
2026-09-11 23:22:26,243 [INFO]   [Zero 4] Sayfa   2: 192 ilan (toplam=  384, 1s)
2026-09-11 23:22:26,982 [INFO]   [Zero 4] Sayfa   3: 192 ilan (toplam=  576, 2s)
2026-09-11 23:22:28,507 [INFO]   [Zero 4] Sayfa   4: 192 ilan (toplam=  768, 4s)
2026-09-11 23:22:30,496 [INFO]   [Zero 4] Sayfa   5: 192 ilan (toplam=  960, 5s)
2026-09-11 23:22:31,245 [INFO]   [Zero 4] Sayfa   6: 192 ilan (toplam= 1152, 6s)
2026-09-11 23:22:32,048 [INFO]   [Zero 4] Sayfa   7: 192 ilan (toplam= 1344, 7s)
2026-09-11 23:22:32,798 [INFO]   [Zero 4] Sayfa   8: 192 ilan (toplam= 1536, 8s)
2026-09-11 23:22:33,590 [INFO]   [Zero 4] Sayfa   9: 192 ilan (toplam= 1728, 9s)
2026-09-11 23:22:34,348 [INFO]   [Zero 4] Sayfa  10: 192 ilan (toplam= 1920, 9s)
2026-09-11 23:22:35,868 [INFO]   [Zero 4] Sayfa  11: 192 ilan (toplam= 2112, 11s)
2026-09-11 23:22:37,258 [INFO]   [Zero 4] Sayfa  12: 192 ilan (toplam= 2304, 12s)
2026-09-11 23:22:38,050 [INFO]   [Zero 4] Sayfa  13: 192 ilan (toplam= 2496, 13s)
2026-09-11 23:22:38,833 [INFO]   [Zero 4] Sayfa  14: 192 ilan (toplam= 2688, 14s)
2026-09-11 23:22:39,658 [INFO]   [Zero 4] Sayfa  15: 192 ilan (toplam= 2880, 15s)
2026-09-11 23:22:40,439 [INFO]   [Zero 4] Sayfa  16: 192 ilan (toplam= 3072, 15s)
2026-09-11 23:22:41,240 [INFO]   [Zero 4] Sayfa  17: 192 ilan (toplam= 3264, 16s)
2026-09-11 23:22:42,091 [INFO]   [Zero 4] Sayfa  18: 192 ilan (toplam= 3456, 17s)
2026-09-11 23:22:42,902 [INFO]   [Zero 4] Sayfa  19: 192 ilan (toplam= 3648, 18s)
2026-09-11 23:22:44,091 [INFO]   [Zero 4] Sayfa  20: 192 ilan (toplam= 3840, 19s)
2026-09-11 23:22:44,924 [INFO]   [Zero 4] Sayfa  21: 192 ilan (toplam= 4032, 20s)
2026-09-11 23:22:46,369 [INFO]   [Zero 4] Sayfa  22: 192 ilan (toplam= 4224, 21s)
2026-09-11 23:22:47,218 [INFO]   [Zero 4] Sayfa  23: 192 ilan (toplam= 4416, 22s)
2026-09-11 23:22:48,097 [INFO]   [Zero 4] Sayfa  24: 192 ilan (toplam= 4608, 23s)
2026-09-11 23:22:48,869 [INFO]   [Zero 4] Sayfa  25: 192 ilan (toplam= 4800, 24s)
2026-09-11 23:22:49,637 [INFO]   [Zero 4] Sayfa  26: 192 ilan (toplam= 4992, 25s)
2026-09-11 23:22:50,500 [INFO]   [Zero 4] Sayfa  27: 192 ilan (toplam= 5184, 25s)
2026-09-11 23:22:51,282 [INFO]   [Zero 4] Sayfa  28: 192 ilan (toplam= 5376, 26s)
2026-09-11 23:22:52,056 [INFO]   [Zero 4] Sayfa  29: 192 ilan (toplam= 5568, 27s)
2026-09-11 23:22:52,897 [INFO]   [Zero 4] Sayfa  30: 157 ilan (toplam= 5725, 28s)
2026-09-11 23:22:52,897 [INFO]   [Zero 4] Son sayfa — bitti
2026-09-11 23:22:52,897 [INFO] [Zero 4] TOPLAM: 5725 ilan
2026-09-11 23:23:01,564 [INFO] [zero4] 5725 ilan yazildi (8305ms)
2026-09-11 23:23:01,564 [INFO] Tamamlandi — 37sn
2026-09-11 23:23:01,564 [INFO] ============================================================
2026-09-11 23:25:24,505 [INFO] ============================================================
2026-09-11 23:25:24,506 [INFO] MSGKO Scraper v4 — 2026-09-11 23:25:24
2026-09-11 23:25:24,506 [INFO] Kanal [2]: Zero 5 (serverType=8)
2026-09-11 23:25:25,016 [INFO] Token alindi: eyJzaWQiOiI3NjcwNmU2...
2026-09-11 23:25:25,016 [INFO] [Zero 5] Sayfa 1 cekiliyor...
2026-09-11 23:25:26,475 [INFO] Baglanti OK!
2026-09-11 23:25:26,572 [INFO]   [Zero 5] Sayfa   1: 192 ilan (toplam=  192, 2s)
2026-09-11 23:25:27,917 [INFO]   [Zero 5] Sayfa   2: 192 ilan (toplam=  384, 3s)
2026-09-11 23:25:29,473 [INFO]   [Zero 5] Sayfa   3: 192 ilan (toplam=  576, 4s)
2026-09-11 23:25:30,228 [INFO]   [Zero 5] Sayfa   4: 192 ilan (toplam=  768, 5s)
2026-09-11 23:25:31,030 [INFO]   [Zero 5] Sayfa   5: 192 ilan (toplam=  960, 6s)
2026-09-11 23:25:32,479 [INFO]   [Zero 5] Sayfa   6: 192 ilan (toplam= 1152, 7s)
2026-09-11 23:25:33,271 [INFO]   [Zero 5] Sayfa   7: 192 ilan (toplam= 1344, 8s)
2026-09-11 23:25:34,077 [INFO]   [Zero 5] Sayfa   8: 192 ilan (toplam= 1536, 9s)
2026-09-11 23:25:35,582 [INFO]   [Zero 5] Sayfa   9: 192 ilan (toplam= 1728, 11s)
2026-09-11 23:25:36,357 [INFO]   [Zero 5] Sayfa  10: 192 ilan (toplam= 1920, 11s)
2026-09-11 23:25:37,131 [INFO]   [Zero 5] Sayfa  11: 192 ilan (toplam= 2112, 12s)
2026-09-11 23:25:38,887 [INFO]   [Zero 5] Sayfa  12: 192 ilan (toplam= 2304, 14s)
2026-09-11 23:25:39,628 [INFO]   [Zero 5] Sayfa  13: 192 ilan (toplam= 2496, 15s)
2026-09-11 23:25:40,370 [INFO]   [Zero 5] Sayfa  14: 192 ilan (toplam= 2688, 15s)
2026-09-11 23:25:41,266 [INFO]   [Zero 5] Sayfa  15: 192 ilan (toplam= 2880, 16s)
2026-09-11 23:25:42,056 [INFO]   [Zero 5] Sayfa  16: 192 ilan (toplam= 3072, 17s)
2026-09-11 23:25:42,823 [INFO]   [Zero 5] Sayfa  17: 192 ilan (toplam= 3264, 18s)
2026-09-11 23:25:43,622 [INFO]   [Zero 5] Sayfa  18: 192 ilan (toplam= 3456, 19s)
2026-09-11 23:25:44,408 [INFO]   [Zero 5] Sayfa  19: 192 ilan (toplam= 3648, 19s)
2026-09-11 23:25:45,174 [INFO]   [Zero 5] Sayfa  20: 192 ilan (toplam= 3840, 20s)
2026-09-11 23:25:45,996 [INFO]   [Zero 5] Sayfa  21: 192 ilan (toplam= 4032, 21s)
2026-09-11 23:25:47,231 [INFO]   [Zero 5] Sayfa  22: 192 ilan (toplam= 4224, 22s)
2026-09-11 23:25:48,006 [INFO]   [Zero 5] Sayfa  23: 192 ilan (toplam= 4416, 23s)
2026-09-11 23:25:48,808 [INFO]   [Zero 5] Sayfa  24: 192 ilan (toplam= 4608, 24s)
2026-09-11 23:25:49,584 [INFO]   [Zero 5] Sayfa  25: 192 ilan (toplam= 4800, 25s)
2026-09-11 23:25:50,329 [INFO]   [Zero 5] Sayfa  26: 192 ilan (toplam= 4992, 25s)
2026-09-11 23:25:51,142 [INFO]   [Zero 5] Sayfa  27: 192 ilan (toplam= 5184, 26s)
2026-09-11 23:25:51,896 [INFO]   [Zero 5] Sayfa  28: 192 ilan (toplam= 5376, 27s)
2026-09-11 23:25:52,656 [INFO]   [Zero 5] Sayfa  29: 192 ilan (toplam= 5568, 28s)
2026-09-11 23:25:53,465 [INFO]   [Zero 5] Sayfa  30: 192 ilan (toplam= 5760, 28s)
2026-09-11 23:25:54,870 [WARNING]   [Zero 5] p31 → 429 — 60sn bekleniyor
2026-09-11 23:26:56,085 [INFO] Token yenilendi: eyJzaWQiOiI3NjcwNmU2...
2026-09-11 23:26:56,255 [WARNING]   [Zero 5] p31 → 429 — 120sn bekleniyor
2026-09-11 23:28:56,523 [INFO] Token yenilendi: eyJzaWQiOiI3NjcwNmU2...
2026-09-11 23:28:56,700 [WARNING]   [Zero 5] p31 → 429 — 180sn bekleniyor
2026-09-11 23:31:56,836 [INFO] Token yenilendi: eyJzaWQiOiI3NjcwNmU2...
2026-09-11 23:31:56,836 [WARNING]   [Zero 5] Sayfa 31 alinamadi — bitti
2026-09-11 23:31:56,836 [INFO] [Zero 5] TOPLAM: 5760 ilan
2026-09-11 23:32:07,831 [INFO] [zero5] 5760 ilan yazildi (10617ms)
2026-09-11 23:32:07,831 [INFO] Tamamlandi — 403sn
2026-09-11 23:32:07,831 [INFO] ============================================================
2026-09-11 23:34:24,496 [INFO] ============================================================
2026-09-11 23:34:24,497 [INFO] MSGKO Scraper v4 — 2026-09-11 23:34:24
2026-09-11 23:34:24,497 [INFO] Kanal [0]: Zero 3 (serverType=0)
2026-09-11 23:34:25,031 [INFO] Token alindi: eyJzaWQiOiI0YzY0N2Ex...
2026-09-11 23:34:25,031 [INFO] [Zero 3] Sayfa 1 cekiliyor...
2026-09-11 23:34:25,158 [WARNING] Sayfa 1: HTTP 429
2026-09-11 23:34:25,158 [INFO] 60sn bekleniyor...
2026-09-11 23:35:25,275 [INFO] Token yenilendi: eyJzaWQiOiI0YzY0N2Ex...
2026-09-11 23:35:25,427 [WARNING] Sayfa 1: HTTP 429
2026-09-11 23:35:25,428 [INFO] 120sn bekleniyor...
2026-09-11 23:37:26,465 [INFO] Token yenilendi: eyJzaWQiOiI0YzY0N2Ex...
2026-09-11 23:37:26,566 [WARNING] Sayfa 1: HTTP 429
2026-09-11 23:37:26,566 [WARNING] Site engelliyor — run atlaniyor
2026-09-11 23:40:24,494 [INFO] ============================================================
2026-09-11 23:40:24,494 [INFO] MSGKO Scraper v4 — 2026-09-11 23:40:24
2026-09-11 23:40:24,495 [INFO] Kanal [1]: Zero 4 (serverType=5)
2026-09-11 23:40:24,969 [INFO] Token alindi: eyJzaWQiOiJmMzNjNDU2...
2026-09-11 23:40:24,969 [INFO] [Zero 4] Sayfa 1 cekiliyor...
2026-09-11 23:40:25,109 [WARNING] Sayfa 1: HTTP 429
2026-09-11 23:40:25,109 [INFO] 60sn bekleniyor...
2026-09-11 23:41:25,283 [INFO] Token yenilendi: eyJzaWQiOiJmMzNjNDU2...
2026-09-11 23:41:25,402 [WARNING] Sayfa 1: HTTP 429
2026-09-11 23:41:25,402 [INFO] 120sn bekleniyor...
2026-09-11 23:43:26,561 [INFO] Token yenilendi: eyJzaWQiOiJmMzNjNDU2...
2026-09-11 23:43:26,717 [WARNING] Sayfa 1: HTTP 429
2026-09-11 23:43:26,717 [WARNING] Site engelliyor — run atlaniyor
2026-09-11 23:46:24,512 [INFO] ============================================================
2026-09-11 23:46:24,512 [INFO] MSGKO Scraper v4 — 2026-09-11 23:46:24
2026-09-11 23:46:24,512 [INFO] Kanal [2]: Zero 5 (serverType=8)
2026-09-11 23:46:24,993 [INFO] Token alindi: eyJzaWQiOiIyYjEwODdm...
2026-09-11 23:46:24,993 [INFO] [Zero 5] Sayfa 1 cekiliyor...
2026-09-11 23:46:25,178 [WARNING] Sayfa 1: HTTP 429
2026-09-11 23:46:25,178 [INFO] 60sn bekleniyor...
2026-09-11 23:47:25,342 [INFO] Token yenilendi: eyJzaWQiOiIyYjEwODdm...
2026-09-11 23:47:25,477 [WARNING] Sayfa 1: HTTP 429
2026-09-11 23:47:25,477 [INFO] 120sn bekleniyor...
2026-09-11 23:49:25,623 [INFO] Token yenilendi: eyJzaWQiOiIyYjEwODdm...
2026-09-11 23:49:25,729 [WARNING] Sayfa 1: HTTP 429
2026-09-11 23:49:25,729 [WARNING] Site engelliyor — run atlaniyor
2026-09-11 23:52:24,532 [INFO] ============================================================
2026-09-11 23:52:24,533 [INFO] MSGKO Scraper v4 — 2026-09-11 23:52:24
2026-09-11 23:52:24,533 [INFO] Kanal [3]: Zero 8 (serverType=15)
2026-09-11 23:52:35,289 [INFO] Token alindi: eyJzaWQiOiJjYzdjMmE0...
2026-09-11 23:52:35,290 [INFO] [Zero 8] Sayfa 1 cekiliyor...
2026-09-11 23:52:36,168 [WARNING] Sayfa 1: HTTP 429
2026-09-11 23:52:36,168 [INFO] 60sn bekleniyor...
2026-09-11 23:53:37,650 [INFO] Token yenilendi: eyJzaWQiOiJjYzdjMmE0...
2026-09-11 23:53:37,976 [WARNING] Sayfa 1: HTTP 429
2026-09-11 23:53:37,976 [INFO] 120sn bekleniyor...
2026-09-11 23:55:38,450 [INFO] Token yenilendi: eyJzaWQiOiJjYzdjMmE0...
2026-09-11 23:55:38,783 [WARNING] Sayfa 1: HTTP 429
2026-09-11 23:55:38,783 [WARNING] Site engelliyor — run atlaniyor
2026-09-11 23:58:24,521 [INFO] ============================================================
2026-09-11 23:58:24,522 [INFO] MSGKO Scraper v4 — 2026-09-11 23:58:24
2026-09-11 23:58:24,522 [INFO] Kanal [4]: Agartha 3 (serverType=1)
2026-09-11 23:58:25,050 [INFO] Token alindi: eyJzaWQiOiI3YzM5Mjlj...
2026-09-11 23:58:25,051 [INFO] [Agartha 3] Sayfa 1 cekiliyor...
2026-09-11 23:58:25,924 [INFO] Baglanti OK!
2026-09-11 23:58:26,021 [INFO]   [Agartha 3] Sayfa   1: 192 ilan (toplam=  192, 1s)
2026-09-11 23:58:26,782 [INFO]   [Agartha 3] Sayfa   2: 192 ilan (toplam=  384, 2s)
2026-09-11 23:58:28,336 [INFO]   [Agartha 3] Sayfa   3: 192 ilan (toplam=  576, 3s)
2026-09-11 23:58:29,083 [INFO]   [Agartha 3] Sayfa   4: 192 ilan (toplam=  768, 4s)
2026-09-11 23:58:30,590 [INFO]   [Agartha 3] Sayfa   5: 192 ilan (toplam=  960, 6s)
2026-09-11 23:58:31,393 [INFO]   [Agartha 3] Sayfa   6: 192 ilan (toplam= 1152, 6s)
2026-09-11 23:58:32,139 [INFO]   [Agartha 3] Sayfa   7: 192 ilan (toplam= 1344, 7s)
2026-09-11 23:58:32,913 [INFO]   [Agartha 3] Sayfa   8: 192 ilan (toplam= 1536, 8s)
2026-09-11 23:58:33,651 [INFO]   [Agartha 3] Sayfa   9: 192 ilan (toplam= 1728, 9s)
2026-09-11 23:58:34,399 [INFO]   [Agartha 3] Sayfa  10: 192 ilan (toplam= 1920, 9s)
2026-09-11 23:58:35,187 [INFO]   [Agartha 3] Sayfa  11: 192 ilan (toplam= 2112, 10s)
2026-09-11 23:58:35,928 [INFO]   [Agartha 3] Sayfa  12: 192 ilan (toplam= 2304, 11s)
2026-09-11 23:58:36,677 [INFO]   [Agartha 3] Sayfa  13: 192 ilan (toplam= 2496, 12s)
2026-09-11 23:58:38,094 [INFO]   [Agartha 3] Sayfa  14: 192 ilan (toplam= 2688, 13s)
2026-09-11 23:58:38,932 [INFO]   [Agartha 3] Sayfa  15: 192 ilan (toplam= 2880, 14s)
2026-09-11 23:58:40,814 [INFO]   [Agartha 3] Sayfa  16: 192 ilan (toplam= 3072, 16s)
2026-09-11 23:58:41,580 [INFO]   [Agartha 3] Sayfa  17: 192 ilan (toplam= 3264, 17s)
2026-09-11 23:58:42,368 [INFO]   [Agartha 3] Sayfa  18: 192 ilan (toplam= 3456, 17s)
2026-09-11 23:58:44,662 [INFO]   [Agartha 3] Sayfa  19: 192 ilan (toplam= 3648, 20s)
2026-09-11 23:58:46,493 [INFO]   [Agartha 3] Sayfa  20: 192 ilan (toplam= 3840, 21s)
2026-09-11 23:58:47,304 [INFO]   [Agartha 3] Sayfa  21: 192 ilan (toplam= 4032, 22s)
2026-09-11 23:58:48,096 [INFO]   [Agartha 3] Sayfa  22: 192 ilan (toplam= 4224, 23s)
2026-09-11 23:58:48,849 [INFO]   [Agartha 3] Sayfa  23: 192 ilan (toplam= 4416, 24s)
2026-09-11 23:58:49,641 [INFO]   [Agartha 3] Sayfa  24: 192 ilan (toplam= 4608, 25s)
2026-09-11 23:58:50,439 [INFO]   [Agartha 3] Sayfa  25: 192 ilan (toplam= 4800, 25s)
2026-09-11 23:58:52,163 [INFO]   [Agartha 3] Sayfa  26: 192 ilan (toplam= 4992, 27s)
2026-09-11 23:58:54,070 [INFO]   [Agartha 3] Sayfa  27: 192 ilan (toplam= 5184, 29s)
2026-09-11 23:58:54,843 [INFO]   [Agartha 3] Sayfa  28: 192 ilan (toplam= 5376, 30s)
2026-09-11 23:58:55,600 [INFO]   [Agartha 3] Sayfa  29: 192 ilan (toplam= 5568, 31s)
2026-09-11 23:58:56,381 [INFO]   [Agartha 3] Sayfa  30: 192 ilan (toplam= 5760, 31s)
2026-09-11 23:58:57,421 [WARNING]   [Agartha 3] p31 → 429 — 60sn bekleniyor
2026-09-11 23:59:57,588 [INFO] Token yenilendi: eyJzaWQiOiI3YzM5Mjlj...
2026-09-11 23:59:57,712 [WARNING]   [Agartha 3] p31 → 429 — 120sn bekleniyor
2026-09-12 00:01:57,834 [INFO] Token yenilendi: eyJzaWQiOiI3YzM5Mjlj...
2026-09-12 00:01:57,939 [WARNING]   [Agartha 3] p31 → 429 — 180sn bekleniyor
2026-09-12 00:04:58,063 [INFO] Token yenilendi: eyJzaWQiOiI3YzM5Mjlj...
2026-09-12 00:04:58,064 [WARNING]   [Agartha 3] Sayfa 31 alinamadi — bitti
2026-09-12 00:04:58,064 [INFO] [Agartha 3] TOPLAM: 5760 ilan
2026-09-12 00:05:16,967 [INFO] [agartha3] 5760 ilan yazildi (18616ms)
2026-09-12 00:05:16,967 [INFO] Tamamlandi — 412sn
2026-09-12 00:05:16,967 [INFO] ============================================================
2026-09-12 00:07:24,522 [INFO] ============================================================
2026-09-12 00:07:24,522 [INFO] MSGKO Scraper v4 — 2026-09-12 00:07:24
2026-09-12 00:07:24,522 [INFO] Kanal [5]: Agartha 4 (serverType=12)
2026-09-12 00:07:25,904 [INFO] Token alindi: eyJzaWQiOiIxMjdmNjcy...
2026-09-12 00:07:25,904 [INFO] [Agartha 4] Sayfa 1 cekiliyor...
2026-09-12 00:07:26,011 [WARNING] Sayfa 1: HTTP 429
2026-09-12 00:07:26,011 [INFO] 60sn bekleniyor...
2026-09-12 00:08:27,265 [INFO] Token yenilendi: eyJzaWQiOiIxMjdmNjcy...
2026-09-12 00:08:27,398 [WARNING] Sayfa 1: HTTP 429
2026-09-12 00:08:27,398 [INFO] 120sn bekleniyor...
2026-09-12 00:10:27,530 [INFO] Token yenilendi: eyJzaWQiOiIxMjdmNjcy...
2026-09-12 00:10:27,643 [WARNING] Sayfa 1: HTTP 429
2026-09-12 00:10:27,643 [WARNING] Site engelliyor — run atlaniyor
2026-09-12 00:13:24,529 [INFO] ============================================================
2026-09-12 00:13:24,530 [INFO] MSGKO Scraper v4 — 2026-09-12 00:13:24
2026-09-12 00:13:24,530 [INFO] Kanal [6]: Pandora 3 (serverType=2)
2026-09-12 00:13:24,993 [INFO] Token alindi: eyJzaWQiOiJhYmJlMGVm...
2026-09-12 00:13:24,994 [INFO] [Pandora 3] Sayfa 1 cekiliyor...
2026-09-12 00:13:25,122 [WARNING] Sayfa 1: HTTP 429
2026-09-12 00:13:25,122 [INFO] 60sn bekleniyor...
2026-09-12 00:14:25,459 [INFO] Token yenilendi: eyJzaWQiOiJhYmJlMGVm...
2026-09-12 00:14:25,570 [WARNING] Sayfa 1: HTTP 429
2026-09-12 00:14:25,571 [INFO] 120sn bekleniyor...
2026-09-12 00:16:26,401 [INFO] Token yenilendi: eyJzaWQiOiJhYmJlMGVm...
2026-09-12 00:16:26,590 [WARNING] Sayfa 1: HTTP 429
2026-09-12 00:16:26,590 [WARNING] Site engelliyor — run atlaniyor
2026-09-12 00:19:24,494 [INFO] ============================================================
2026-09-12 00:19:24,494 [INFO] MSGKO Scraper v4 — 2026-09-12 00:19:24
2026-09-12 00:19:24,494 [INFO] Kanal [7]: Pandora 4 (serverType=11)
2026-09-12 00:19:25,583 [INFO] Token alindi: eyJzaWQiOiI0YjJhNWI3...
2026-09-12 00:19:25,583 [INFO] [Pandora 4] Sayfa 1 cekiliyor...
2026-09-12 00:19:25,767 [WARNING] Sayfa 1: HTTP 429
2026-09-12 00:19:25,767 [INFO] 60sn bekleniyor...
2026-09-12 00:20:26,801 [INFO] Token yenilendi: eyJzaWQiOiI0YjJhNWI3...
2026-09-12 00:20:26,941 [WARNING] Sayfa 1: HTTP 429
2026-09-12 00:20:26,941 [INFO] 120sn bekleniyor...
2026-09-12 00:22:27,353 [INFO] Token yenilendi: eyJzaWQiOiI0YjJhNWI3...
2026-09-12 00:22:27,486 [WARNING] Sayfa 1: HTTP 429
2026-09-12 00:22:27,486 [WARNING] Site engelliyor — run atlaniyor
2026-09-12 00:25:24,499 [INFO] ============================================================
2026-09-12 00:25:24,499 [INFO] MSGKO Scraper v4 — 2026-09-12 00:25:24
2026-09-12 00:25:24,499 [INFO] Kanal [8]: Destan 2 (serverType=4)
2026-09-12 00:25:30,603 [INFO] Token alindi: eyJzaWQiOiIyOTViOTJl...
2026-09-12 00:25:30,604 [INFO] [Destan 2] Sayfa 1 cekiliyor...
2026-09-12 00:25:30,894 [WARNING] Sayfa 1: HTTP 429
2026-09-12 00:25:30,894 [INFO] 60sn bekleniyor...
2026-09-12 00:26:31,159 [INFO] Token yenilendi: eyJzaWQiOiIyOTViOTJl...
2026-09-12 00:26:31,475 [WARNING] Sayfa 1: HTTP 429
2026-09-12 00:26:31,475 [INFO] 120sn bekleniyor...
2026-09-12 00:28:32,431 [INFO] Token yenilendi: eyJzaWQiOiIyOTViOTJl...
2026-09-12 00:28:32,657 [WARNING] Sayfa 1: HTTP 429
2026-09-12 00:28:32,658 [WARNING] Site engelliyor — run atlaniyor
2026-09-12 00:30:54,296 [INFO] ============================================================
2026-09-12 00:30:54,297 [INFO] MSGKO Scraper v4 — 2026-09-12 00:30:54
2026-09-12 00:30:54,297 [INFO] Kanal [0]: Zero 3 (serverType=0)
2026-09-12 00:30:55,183 [INFO] Token alindi: eyJzaWQiOiJkN2RiNDhl...
2026-09-12 00:30:55,183 [INFO] [Zero 3] Sayfa 1 cekiliyor...
2026-09-12 00:30:55,679 [INFO] Baglanti OK!
2026-09-12 00:30:55,760 [INFO]   [Zero 3] Sayfa   1: 192 ilan (toplam=  192, 1s)
2026-09-12 00:30:56,521 [INFO]   [Zero 3] Sayfa   2: 192 ilan (toplam=  384, 2s)
2026-09-12 00:30:57,335 [INFO]   [Zero 3] Sayfa   3: 192 ilan (toplam=  576, 3s)
2026-09-12 00:30:58,078 [INFO]   [Zero 3] Sayfa   4: 192 ilan (toplam=  768, 3s)
2026-09-12 00:30:58,854 [INFO]   [Zero 3] Sayfa   5: 192 ilan (toplam=  960, 4s)
2026-09-12 00:30:59,596 [INFO]   [Zero 3] Sayfa   6: 192 ilan (toplam= 1152, 5s)
2026-09-12 00:31:00,339 [INFO]   [Zero 3] Sayfa   7: 192 ilan (toplam= 1344, 6s)
2026-09-12 00:31:01,106 [INFO]   [Zero 3] Sayfa   8: 192 ilan (toplam= 1536, 6s)
2026-09-12 00:31:01,874 [INFO]   [Zero 3] Sayfa   9: 192 ilan (toplam= 1728, 7s)
2026-09-12 00:31:02,639 [INFO]   [Zero 3] Sayfa  10: 192 ilan (toplam= 1920, 8s)
2026-09-12 00:31:03,403 [INFO]   [Zero 3] Sayfa  11: 192 ilan (toplam= 2112, 9s)
2026-09-12 00:31:04,162 [INFO]   [Zero 3] Sayfa  12: 192 ilan (toplam= 2304, 9s)
2026-09-12 00:31:04,904 [INFO]   [Zero 3] Sayfa  13: 192 ilan (toplam= 2496, 10s)
2026-09-12 00:31:05,652 [INFO]   [Zero 3] Sayfa  14: 192 ilan (toplam= 2688, 11s)
2026-09-12 00:31:06,438 [INFO]   [Zero 3] Sayfa  15: 192 ilan (toplam= 2880, 12s)
2026-09-12 00:31:07,204 [INFO]   [Zero 3] Sayfa  16: 192 ilan (toplam= 3072, 12s)
2026-09-12 00:31:08,797 [INFO]   [Zero 3] Sayfa  17: 192 ilan (toplam= 3264, 14s)
2026-09-12 00:31:10,408 [INFO]   [Zero 3] Sayfa  18: 192 ilan (toplam= 3456, 16s)
2026-09-12 00:31:11,240 [INFO]   [Zero 3] Sayfa  19: 192 ilan (toplam= 3648, 16s)
2026-09-12 00:31:12,111 [INFO]   [Zero 3] Sayfa  20: 192 ilan (toplam= 3840, 17s)
2026-09-12 00:31:12,890 [INFO]   [Zero 3] Sayfa  21: 192 ilan (toplam= 4032, 18s)
2026-09-12 00:31:13,643 [INFO]   [Zero 3] Sayfa  22: 192 ilan (toplam= 4224, 19s)
2026-09-12 00:31:14,947 [INFO]   [Zero 3] Sayfa  23: 192 ilan (toplam= 4416, 20s)
2026-09-12 00:31:15,756 [INFO]   [Zero 3] Sayfa  24: 192 ilan (toplam= 4608, 21s)
2026-09-12 00:31:16,549 [INFO]   [Zero 3] Sayfa  25: 192 ilan (toplam= 4800, 22s)
2026-09-12 00:31:17,305 [INFO]   [Zero 3] Sayfa  26: 192 ilan (toplam= 4992, 23s)
2026-09-12 00:31:18,125 [INFO]   [Zero 3] Sayfa  27: 192 ilan (toplam= 5184, 23s)
2026-09-12 00:31:19,420 [INFO]   [Zero 3] Sayfa  28: 192 ilan (toplam= 5376, 25s)
2026-09-12 00:31:20,215 [INFO]   [Zero 3] Sayfa  29: 192 ilan (toplam= 5568, 25s)
2026-09-12 00:31:21,482 [INFO]   [Zero 3] Sayfa  30: 192 ilan (toplam= 5760, 27s)
2026-09-12 00:31:23,051 [WARNING]   [Zero 3] p31 → 429 — 60sn bekleniyor
2026-09-12 00:32:24,151 [INFO] Token yenilendi: eyJzaWQiOiJkN2RiNDhl...
2026-09-12 00:32:24,314 [WARNING]   [Zero 3] p31 → 429 — 120sn bekleniyor
2026-09-12 00:34:24,430 [INFO] Token yenilendi: eyJzaWQiOiJkN2RiNDhl...
2026-09-12 00:34:24,535 [WARNING]   [Zero 3] p31 → 429 — 180sn bekleniyor
2026-09-12 00:37:24,665 [INFO] Token yenilendi: eyJzaWQiOiJkN2RiNDhl...
2026-09-12 00:37:24,665 [WARNING]   [Zero 3] Sayfa 31 alinamadi — bitti
2026-09-12 00:37:24,665 [INFO] [Zero 3] TOPLAM: 5760 ilan
2026-09-12 00:37:36,478 [INFO] [zero3] 5760 ilan yazildi (11508ms)
2026-09-12 00:37:36,478 [INFO] Tamamlandi — 402sn
2026-09-12 00:37:36,478 [INFO] ============================================================
2026-09-12 00:40:24,538 [INFO] ============================================================
2026-09-12 00:40:24,538 [INFO] MSGKO Scraper v4 — 2026-09-12 00:40:24
2026-09-12 00:40:24,538 [INFO] Kanal [1]: Zero 4 (serverType=5)
2026-09-12 00:40:24,978 [INFO] Token alindi: eyJzaWQiOiJlM2M3NmUw...
2026-09-12 00:40:24,979 [INFO] [Zero 4] Sayfa 1 cekiliyor...
2026-09-12 00:40:25,091 [WARNING] Sayfa 1: HTTP 429
2026-09-12 00:40:25,091 [INFO] 60sn bekleniyor...
2026-09-12 00:41:25,239 [INFO] Token yenilendi: eyJzaWQiOiJlM2M3NmUw...
2026-09-12 00:41:25,357 [WARNING] Sayfa 1: HTTP 429
2026-09-12 00:41:25,357 [INFO] 120sn bekleniyor...
2026-09-12 00:43:25,524 [INFO] Token yenilendi: eyJzaWQiOiJlM2M3NmUw...
2026-09-12 00:43:25,634 [WARNING] Sayfa 1: HTTP 429
2026-09-12 00:43:25,634 [WARNING] Site engelliyor — run atlaniyor
2026-09-12 00:46:24,559 [INFO] ============================================================
2026-09-12 00:46:24,559 [INFO] MSGKO Scraper v4 — 2026-09-12 00:46:24
2026-09-12 00:46:24,560 [INFO] Kanal [2]: Zero 5 (serverType=8)
2026-09-12 00:46:25,204 [INFO] Token alindi: eyJzaWQiOiI0MTJlZmVk...
2026-09-12 00:46:25,204 [INFO] [Zero 5] Sayfa 1 cekiliyor...
2026-09-12 00:46:25,351 [WARNING] Sayfa 1: HTTP 429
2026-09-12 00:46:25,351 [INFO] 60sn bekleniyor...
2026-09-12 00:47:25,582 [INFO] Token yenilendi: eyJzaWQiOiI0MTJlZmVk...
2026-09-12 00:47:25,711 [WARNING] Sayfa 1: HTTP 429
2026-09-12 00:47:25,712 [INFO] 120sn bekleniyor...
2026-09-12 00:49:25,836 [INFO] Token yenilendi: eyJzaWQiOiI0MTJlZmVk...
2026-09-12 00:49:25,964 [WARNING] Sayfa 1: HTTP 429
2026-09-12 00:49:25,964 [WARNING] Site engelliyor — run atlaniyor
2026-09-12 08:13:25,945 [INFO] ============================================================
2026-09-12 08:13:25,945 [INFO] MSGKO Scraper v4 — 2026-09-12 08:13:25
2026-09-12 08:13:25,946 [INFO] Kanal [3]: Zero 8 (serverType=15)
2026-09-12 08:13:26,876 [INFO] Token alindi: eyJzaWQiOiI0OGExZGU1...
2026-09-12 08:13:26,876 [INFO] [Zero 8] Sayfa 1 cekiliyor...
2026-09-12 08:13:28,344 [INFO] Baglanti OK!
2026-09-12 08:13:28,422 [INFO]   [Zero 8] Sayfa   1: 192 ilan (toplam=  192, 2s)
2026-09-12 08:13:29,862 [INFO]   [Zero 8] Sayfa   2: 192 ilan (toplam=  384, 3s)
2026-09-12 08:13:31,143 [INFO]   [Zero 8] Sayfa   3: 192 ilan (toplam=  576, 5s)
2026-09-12 08:13:32,050 [INFO]   [Zero 8] Sayfa   4: 192 ilan (toplam=  768, 6s)
2026-09-12 08:13:32,973 [INFO]   [Zero 8] Sayfa   5: 192 ilan (toplam=  960, 7s)
2026-09-12 08:13:33,927 [INFO]   [Zero 8] Sayfa   6: 192 ilan (toplam= 1152, 7s)
2026-09-12 08:13:34,755 [INFO]   [Zero 8] Sayfa   7: 192 ilan (toplam= 1344, 8s)
2026-09-12 08:13:35,615 [INFO]   [Zero 8] Sayfa   8: 192 ilan (toplam= 1536, 9s)
2026-09-12 08:13:36,707 [INFO]   [Zero 8] Sayfa   9: 192 ilan (toplam= 1728, 10s)
2026-09-12 08:13:37,559 [INFO]   [Zero 8] Sayfa  10: 192 ilan (toplam= 1920, 11s)
2026-09-12 08:13:39,221 [INFO]   [Zero 8] Sayfa  11: 192 ilan (toplam= 2112, 13s)
2026-09-12 08:13:40,045 [INFO]   [Zero 8] Sayfa  12: 192 ilan (toplam= 2304, 14s)
2026-09-12 08:13:41,210 [INFO]   [Zero 8] Sayfa  13: 192 ilan (toplam= 2496, 15s)
2026-09-12 08:13:42,556 [INFO]   [Zero 8] Sayfa  14: 192 ilan (toplam= 2688, 16s)
2026-09-12 08:13:43,401 [INFO]   [Zero 8] Sayfa  15: 192 ilan (toplam= 2880, 17s)
2026-09-12 08:13:44,804 [INFO]   [Zero 8] Sayfa  16: 192 ilan (toplam= 3072, 18s)
2026-09-12 08:13:45,624 [INFO]   [Zero 8] Sayfa  17: 192 ilan (toplam= 3264, 19s)
2026-09-12 08:13:47,265 [INFO]   [Zero 8] Sayfa  18: 192 ilan (toplam= 3456, 21s)
2026-09-12 08:13:48,718 [INFO]   [Zero 8] Sayfa  19: 192 ilan (toplam= 3648, 22s)
2026-09-12 08:13:50,129 [INFO]   [Zero 8] Sayfa  20: 192 ilan (toplam= 3840, 24s)
2026-09-12 08:13:51,452 [INFO]   [Zero 8] Sayfa  21: 192 ilan (toplam= 4032, 25s)
2026-09-12 08:13:52,608 [INFO]   [Zero 8] Sayfa  22: 192 ilan (toplam= 4224, 26s)
2026-09-12 08:13:54,406 [INFO]   [Zero 8] Sayfa  23: 192 ilan (toplam= 4416, 28s)
2026-09-12 08:13:55,238 [INFO]   [Zero 8] Sayfa  24: 192 ilan (toplam= 4608, 29s)
2026-09-12 08:13:56,384 [INFO]   [Zero 8] Sayfa  25: 192 ilan (toplam= 4800, 30s)
2026-09-12 08:13:57,210 [INFO]   [Zero 8] Sayfa  26: 192 ilan (toplam= 4992, 31s)
2026-09-12 08:13:58,657 [INFO]   [Zero 8] Sayfa  27: 192 ilan (toplam= 5184, 32s)
2026-09-12 08:13:59,501 [INFO]   [Zero 8] Sayfa  28: 192 ilan (toplam= 5376, 33s)
2026-09-12 08:14:01,294 [INFO]   [Zero 8] Sayfa  29: 192 ilan (toplam= 5568, 35s)
2026-09-12 08:14:03,120 [INFO]   [Zero 8] Sayfa  30: 192 ilan (toplam= 5760, 37s)
2026-09-12 08:14:03,827 [WARNING]   [Zero 8] p31 → 429 — 60sn bekleniyor
2026-09-12 08:15:04,025 [INFO] Token yenilendi: eyJzaWQiOiI0OGExZGU1...
2026-09-12 08:15:05,194 [INFO]   [Zero 8] Sayfa  31: 192 ilan (toplam= 5952, 99s)
2026-09-12 08:15:06,263 [INFO]   [Zero 8] Sayfa  32: 192 ilan (toplam= 6144, 100s)
2026-09-12 08:15:07,842 [INFO]   [Zero 8] Sayfa  33: 192 ilan (toplam= 6336, 101s)
2026-09-12 08:15:08,775 [INFO]   [Zero 8] Sayfa  34: 192 ilan (toplam= 6528, 102s)
2026-09-12 08:15:09,601 [INFO]   [Zero 8] Sayfa  35: 192 ilan (toplam= 6720, 103s)
2026-09-12 08:15:10,450 [INFO]   [Zero 8] Sayfa  36: 192 ilan (toplam= 6912, 104s)
2026-09-12 08:15:11,442 [INFO]   [Zero 8] Sayfa  37: 192 ilan (toplam= 7104, 105s)
2026-09-12 08:15:12,263 [INFO]   [Zero 8] Sayfa  38: 192 ilan (toplam= 7296, 106s)
2026-09-12 08:15:13,170 [INFO]   [Zero 8] Sayfa  39: 192 ilan (toplam= 7488, 107s)
2026-09-12 08:15:14,910 [INFO]   [Zero 8] Sayfa  40: 192 ilan (toplam= 7680, 108s)
2026-09-12 08:15:16,717 [INFO]   [Zero 8] Sayfa  41: 192 ilan (toplam= 7872, 110s)
2026-09-12 08:15:17,752 [INFO]   [Zero 8] Sayfa  42: 192 ilan (toplam= 8064, 111s)
2026-09-12 08:15:19,508 [INFO]   [Zero 8] Sayfa  43: 192 ilan (toplam= 8256, 113s)
2026-09-12 08:15:20,728 [INFO]   [Zero 8] Sayfa  44: 192 ilan (toplam= 8448, 114s)
2026-09-12 08:15:22,900 [INFO]   [Zero 8] Sayfa  45: 192 ilan (toplam= 8640, 116s)
2026-09-12 08:15:23,720 [INFO]   [Zero 8] Sayfa  46: 192 ilan (toplam= 8832, 117s)
2026-09-12 08:15:24,635 [INFO]   [Zero 8] Sayfa  47: 192 ilan (toplam= 9024, 118s)
2026-09-12 08:15:25,513 [INFO]   [Zero 8] Sayfa  48: 192 ilan (toplam= 9216, 119s)
2026-09-12 08:15:26,365 [INFO]   [Zero 8] Sayfa  49: 192 ilan (toplam= 9408, 120s)
2026-09-12 08:15:28,257 [INFO]   [Zero 8] Sayfa  50: 192 ilan (toplam= 9600, 122s)
2026-09-12 08:15:29,144 [INFO]   [Zero 8] Sayfa  51: 192 ilan (toplam= 9792, 123s)
2026-09-12 08:15:30,016 [INFO]   [Zero 8] Sayfa  52: 192 ilan (toplam= 9984, 124s)
2026-09-12 08:15:30,834 [INFO]   [Zero 8] Sayfa  53: 192 ilan (toplam=10176, 124s)
2026-09-12 08:15:32,527 [INFO]   [Zero 8] Sayfa  54: 192 ilan (toplam=10368, 126s)
2026-09-12 08:15:33,652 [INFO]   [Zero 8] Sayfa  55: 192 ilan (toplam=10560, 127s)
2026-09-12 08:15:34,470 [INFO]   [Zero 8] Sayfa  56: 192 ilan (toplam=10752, 128s)
2026-09-12 08:15:35,329 [INFO]   [Zero 8] Sayfa  57: 192 ilan (toplam=10944, 129s)
2026-09-12 08:15:36,195 [INFO]   [Zero 8] Sayfa  58: 192 ilan (toplam=11136, 130s)
2026-09-12 08:15:38,098 [INFO]   [Zero 8] Sayfa  59: 192 ilan (toplam=11328, 132s)
2026-09-12 08:15:38,919 [INFO]   [Zero 8] Sayfa  60: 192 ilan (toplam=11520, 132s)
2026-09-12 08:15:40,693 [WARNING]   [Zero 8] p61 → 429 — 60sn bekleniyor
2026-09-12 08:16:41,763 [INFO] Token yenilendi: eyJzaWQiOiI0OGExZGU1...
2026-09-12 08:16:41,966 [WARNING]   [Zero 8] p61 → 429 — 120sn bekleniyor
2026-09-12 08:18:42,295 [INFO] Token yenilendi: eyJzaWQiOiI0OGExZGU1...
2026-09-12 08:18:42,492 [WARNING]   [Zero 8] p61 → 429 — 180sn bekleniyor
2026-09-12 08:21:43,319 [INFO] Token yenilendi: eyJzaWQiOiI0OGExZGU1...
2026-09-12 08:21:43,319 [WARNING]   [Zero 8] Sayfa 61 alinamadi — bitti
2026-09-12 08:21:43,319 [INFO] [Zero 8] TOPLAM: 11520 ilan
2026-09-12 08:22:06,759 [INFO] [zero8] 11520 ilan yazildi (23122ms)
2026-09-12 08:22:06,759 [INFO] Tamamlandi — 520sn
2026-09-12 08:22:06,759 [INFO] ============================================================
2026-09-12 08:22:24,664 [INFO] ============================================================
2026-09-12 08:22:24,665 [INFO] MSGKO Scraper v4 — 2026-09-12 08:22:24
2026-09-12 08:22:24,665 [INFO] Kanal [4]: Agartha 3 (serverType=1)
2026-09-12 08:22:25,457 [INFO] Token alindi: eyJzaWQiOiI4MzJlZTU5...
2026-09-12 08:22:25,457 [INFO] [Agartha 3] Sayfa 1 cekiliyor...
2026-09-12 08:22:27,359 [INFO] Baglanti OK!
2026-09-12 08:22:27,434 [INFO]   [Agartha 3] Sayfa   1: 192 ilan (toplam=  192, 2s)
2026-09-12 08:22:28,474 [INFO]   [Agartha 3] Sayfa   2: 192 ilan (toplam=  384, 3s)
2026-09-12 08:22:29,301 [INFO]   [Agartha 3] Sayfa   3: 192 ilan (toplam=  576, 4s)
2026-09-12 08:22:30,123 [INFO]   [Agartha 3] Sayfa   4: 192 ilan (toplam=  768, 5s)
2026-09-12 08:22:31,949 [INFO]   [Agartha 3] Sayfa   5: 192 ilan (toplam=  960, 7s)
2026-09-12 08:22:33,149 [INFO]   [Agartha 3] Sayfa   6: 192 ilan (toplam= 1152, 8s)
2026-09-12 08:22:34,437 [INFO]   [Agartha 3] Sayfa   7: 192 ilan (toplam= 1344, 9s)
2026-09-12 08:22:35,662 [INFO]   [Agartha 3] Sayfa   8: 192 ilan (toplam= 1536, 10s)
2026-09-12 08:22:36,597 [INFO]   [Agartha 3] Sayfa   9: 192 ilan (toplam= 1728, 11s)
2026-09-12 08:22:37,684 [INFO]   [Agartha 3] Sayfa  10: 192 ilan (toplam= 1920, 13s)
2026-09-12 08:22:38,524 [INFO]   [Agartha 3] Sayfa  11: 192 ilan (toplam= 2112, 13s)
2026-09-12 08:22:39,346 [INFO]   [Agartha 3] Sayfa  12: 192 ilan (toplam= 2304, 14s)
2026-09-12 08:22:40,696 [INFO]   [Agartha 3] Sayfa  13: 192 ilan (toplam= 2496, 16s)
2026-09-12 08:22:41,512 [INFO]   [Agartha 3] Sayfa  14: 192 ilan (toplam= 2688, 16s)
2026-09-12 08:22:42,343 [INFO]   [Agartha 3] Sayfa  15: 192 ilan (toplam= 2880, 17s)
2026-09-12 08:22:43,151 [INFO]   [Agartha 3] Sayfa  16: 192 ilan (toplam= 3072, 18s)
2026-09-12 08:22:43,980 [INFO]   [Agartha 3] Sayfa  17: 192 ilan (toplam= 3264, 19s)
2026-09-12 08:22:44,849 [INFO]   [Agartha 3] Sayfa  18: 192 ilan (toplam= 3456, 20s)
2026-09-12 08:22:46,103 [INFO]   [Agartha 3] Sayfa  19: 192 ilan (toplam= 3648, 21s)
2026-09-12 08:22:47,671 [INFO]   [Agartha 3] Sayfa  20: 192 ilan (toplam= 3840, 23s)
2026-09-12 08:22:48,516 [INFO]   [Agartha 3] Sayfa  21: 192 ilan (toplam= 4032, 23s)
2026-09-12 08:22:49,786 [INFO]   [Agartha 3] Sayfa  22: 192 ilan (toplam= 4224, 25s)
2026-09-12 08:22:50,637 [INFO]   [Agartha 3] Sayfa  23: 192 ilan (toplam= 4416, 25s)
2026-09-12 08:22:51,843 [INFO]   [Agartha 3] Sayfa  24: 192 ilan (toplam= 4608, 27s)
2026-09-12 08:22:52,663 [INFO]   [Agartha 3] Sayfa  25: 192 ilan (toplam= 4800, 27s)
2026-09-12 08:22:54,466 [INFO]   [Agartha 3] Sayfa  26: 192 ilan (toplam= 4992, 29s)
2026-09-12 08:22:56,335 [INFO]   [Agartha 3] Sayfa  27: 192 ilan (toplam= 5184, 31s)
2026-09-12 08:22:58,143 [INFO]   [Agartha 3] Sayfa  28: 192 ilan (toplam= 5376, 33s)
2026-09-12 08:22:59,616 [INFO]   [Agartha 3] Sayfa  29: 192 ilan (toplam= 5568, 34s)
2026-09-12 08:23:00,467 [INFO]   [Agartha 3] Sayfa  30: 192 ilan (toplam= 5760, 35s)
2026-09-12 08:23:01,987 [WARNING]   [Agartha 3] p31 → 429 — 60sn bekleniyor
2026-09-12 08:24:02,277 [INFO] Token yenilendi: eyJzaWQiOiI4MzJlZTU5...
2026-09-12 08:24:02,493 [WARNING]   [Agartha 3] p31 → 429 — 120sn bekleniyor
2026-09-12 08:26:02,778 [INFO] Token yenilendi: eyJzaWQiOiI4MzJlZTU5...
2026-09-12 08:26:02,980 [WARNING]   [Agartha 3] p31 → 429 — 180sn bekleniyor
2026-09-12 08:29:03,197 [INFO] Token yenilendi: eyJzaWQiOiI4MzJlZTU5...
2026-09-12 08:29:03,198 [WARNING]   [Agartha 3] Sayfa 31 alinamadi — bitti
2026-09-12 08:29:03,198 [INFO] [Agartha 3] TOPLAM: 5760 ilan
2026-09-12 08:29:14,923 [INFO] [agartha3] 5760 ilan yazildi (11433ms)
2026-09-12 08:29:14,923 [INFO] Tamamlandi — 410sn
2026-09-12 08:29:14,923 [INFO] ============================================================
2026-09-12 08:31:24,701 [INFO] ============================================================
2026-09-12 08:31:24,701 [INFO] MSGKO Scraper v4 — 2026-09-12 08:31:24
2026-09-12 08:31:24,701 [INFO] Kanal [5]: Agartha 4 (serverType=12)
2026-09-12 08:31:25,170 [INFO] Token alindi: eyJzaWQiOiJhYjRlMmRk...
2026-09-12 08:31:25,170 [INFO] [Agartha 4] Sayfa 1 cekiliyor...
2026-09-12 08:31:25,271 [WARNING] Sayfa 1: HTTP 429
2026-09-12 08:31:25,271 [INFO] 60sn bekleniyor...
2026-09-12 08:32:25,400 [INFO] Token yenilendi: eyJzaWQiOiJhYjRlMmRk...
2026-09-12 08:32:25,510 [WARNING] Sayfa 1: HTTP 429
2026-09-12 08:32:25,510 [INFO] 120sn bekleniyor...
2026-09-12 08:34:25,637 [INFO] Token yenilendi: eyJzaWQiOiJhYjRlMmRk...
2026-09-12 08:34:25,743 [WARNING] Sayfa 1: HTTP 429
2026-09-12 08:34:25,743 [WARNING] Site engelliyor — run atlaniyor
2026-09-12 08:37:24,719 [INFO] ============================================================
2026-09-12 08:37:24,719 [INFO] MSGKO Scraper v4 — 2026-09-12 08:37:24
2026-09-12 08:37:24,719 [INFO] Kanal [6]: Pandora 3 (serverType=2)
2026-09-12 08:37:25,154 [INFO] Token alindi: eyJzaWQiOiIxMjRmYzNh...
2026-09-12 08:37:25,154 [INFO] [Pandora 3] Sayfa 1 cekiliyor...
2026-09-12 08:37:25,296 [WARNING] Sayfa 1: HTTP 429
2026-09-12 08:37:25,296 [INFO] 60sn bekleniyor...
2026-09-12 08:38:25,414 [INFO] Token yenilendi: eyJzaWQiOiIxMjRmYzNh...
2026-09-12 08:38:25,527 [WARNING] Sayfa 1: HTTP 429
2026-09-12 08:38:25,527 [INFO] 120sn bekleniyor...
2026-09-12 08:40:25,637 [INFO] Token yenilendi: eyJzaWQiOiIxMjRmYzNh...
2026-09-12 08:40:25,755 [WARNING] Sayfa 1: HTTP 429
2026-09-12 08:40:25,755 [WARNING] Site engelliyor — run atlaniyor
2026-09-12 08:43:24,737 [INFO] ============================================================
2026-09-12 08:43:24,737 [INFO] MSGKO Scraper v4 — 2026-09-12 08:43:24
2026-09-12 08:43:24,737 [INFO] Kanal [7]: Pandora 4 (serverType=11)
2026-09-12 08:43:25,843 [INFO] Token alindi: eyJzaWQiOiJkNzM1NzE0...
2026-09-12 08:43:25,843 [INFO] [Pandora 4] Sayfa 1 cekiliyor...
2026-09-12 08:43:25,944 [WARNING] Sayfa 1: HTTP 429
2026-09-12 08:43:25,944 [INFO] 60sn bekleniyor...
2026-09-12 08:44:26,075 [INFO] Token yenilendi: eyJzaWQiOiJkNzM1NzE0...
2026-09-12 08:44:26,186 [WARNING] Sayfa 1: HTTP 429
2026-09-12 08:44:26,186 [INFO] 120sn bekleniyor...
2026-09-12 09:17:15,891 [INFO] ============================================================
2026-09-12 09:17:15,891 [INFO] MSGKO Scraper v4 — 2026-09-12 09:17:15
2026-09-12 09:17:15,892 [INFO] Kanal [0]: Zero 3 (serverType=0)
2026-09-12 09:17:16,342 [INFO] Token alindi: eyJzaWQiOiI3ZDRmZDI4...
2026-09-12 09:17:16,342 [INFO] [Zero 3] Sayfa 1 cekiliyor...
2026-09-12 09:17:16,495 [INFO] Baglanti OK!
2026-09-12 09:17:16,574 [INFO]   [Zero 3] Sayfa   1: 192 ilan (toplam=  192, 0s)
2026-09-12 09:17:17,319 [INFO]   [Zero 3] Sayfa   2: 192 ilan (toplam=  384, 1s)
2026-09-12 09:17:18,069 [INFO]   [Zero 3] Sayfa   3: 192 ilan (toplam=  576, 2s)
2026-09-12 09:17:18,811 [INFO]   [Zero 3] Sayfa   4: 192 ilan (toplam=  768, 2s)
2026-09-12 09:17:20,487 [INFO]   [Zero 3] Sayfa   5: 192 ilan (toplam=  960, 4s)
2026-09-12 09:17:21,270 [INFO]   [Zero 3] Sayfa   6: 192 ilan (toplam= 1152, 5s)
2026-09-12 09:17:22,017 [INFO]   [Zero 3] Sayfa   7: 192 ilan (toplam= 1344, 6s)
2026-09-12 09:17:23,769 [INFO]   [Zero 3] Sayfa   8: 192 ilan (toplam= 1536, 7s)
2026-09-12 09:17:24,565 [INFO]   [Zero 3] Sayfa   9: 192 ilan (toplam= 1728, 8s)
2026-09-12 09:17:25,915 [INFO]   [Zero 3] Sayfa  10: 192 ilan (toplam= 1920, 10s)
2026-09-12 09:17:27,311 [INFO]   [Zero 3] Sayfa  11: 192 ilan (toplam= 2112, 11s)
2026-09-12 09:17:28,064 [INFO]   [Zero 3] Sayfa  12: 192 ilan (toplam= 2304, 12s)
2026-09-12 09:17:29,432 [INFO]   [Zero 3] Sayfa  13: 192 ilan (toplam= 2496, 13s)
2026-09-12 09:17:30,158 [INFO]   [Zero 3] Sayfa  14: 192 ilan (toplam= 2688, 14s)
2026-09-12 09:17:30,916 [INFO]   [Zero 3] Sayfa  15: 192 ilan (toplam= 2880, 15s)
2026-09-12 09:17:31,662 [INFO]   [Zero 3] Sayfa  16: 192 ilan (toplam= 3072, 15s)
2026-09-12 09:17:32,393 [INFO]   [Zero 3] Sayfa  17: 192 ilan (toplam= 3264, 16s)
2026-09-12 09:17:33,840 [INFO]   [Zero 3] Sayfa  18: 192 ilan (toplam= 3456, 17s)
2026-09-12 09:17:34,594 [INFO]   [Zero 3] Sayfa  19: 192 ilan (toplam= 3648, 18s)
2026-09-12 09:17:35,786 [INFO]   [Zero 3] Sayfa  20: 192 ilan (toplam= 3840, 19s)
2026-09-12 09:17:36,533 [INFO]   [Zero 3] Sayfa  21: 192 ilan (toplam= 4032, 20s)
2026-09-12 09:17:38,034 [INFO]   [Zero 3] Sayfa  22: 192 ilan (toplam= 4224, 22s)
2026-09-12 09:17:38,770 [INFO]   [Zero 3] Sayfa  23: 192 ilan (toplam= 4416, 22s)
2026-09-12 09:17:39,522 [INFO]   [Zero 3] Sayfa  24: 192 ilan (toplam= 4608, 23s)
2026-09-12 09:17:40,300 [INFO]   [Zero 3] Sayfa  25: 192 ilan (toplam= 4800, 24s)
2026-09-12 09:17:41,043 [INFO]   [Zero 3] Sayfa  26: 192 ilan (toplam= 4992, 25s)
2026-09-12 09:17:41,846 [INFO]   [Zero 3] Sayfa  27: 192 ilan (toplam= 5184, 25s)
2026-09-12 09:17:42,590 [INFO]   [Zero 3] Sayfa  28: 192 ilan (toplam= 5376, 26s)
2026-09-12 09:17:43,310 [INFO]   [Zero 3] Sayfa  29: 192 ilan (toplam= 5568, 27s)
2026-09-12 09:17:44,045 [INFO]   [Zero 3] Sayfa  30: 192 ilan (toplam= 5760, 28s)
2026-09-12 09:17:45,781 [INFO]   [Zero 3] Sayfa  31: 192 ilan (toplam= 5952, 29s)
2026-09-12 09:17:46,507 [INFO]   [Zero 3] Sayfa  32: 192 ilan (toplam= 6144, 30s)
2026-09-12 09:17:47,626 [INFO]   [Zero 3] Sayfa  33: 192 ilan (toplam= 6336, 31s)
2026-09-12 09:17:49,367 [INFO]   [Zero 3] Sayfa  34: 192 ilan (toplam= 6528, 33s)
2026-09-12 09:17:50,095 [INFO]   [Zero 3] Sayfa  35: 192 ilan (toplam= 6720, 34s)
2026-09-12 09:17:50,821 [INFO]   [Zero 3] Sayfa  36: 192 ilan (toplam= 6912, 34s)
2026-09-12 09:17:52,070 [INFO]   [Zero 3] Sayfa  37: 192 ilan (toplam= 7104, 36s)
2026-09-12 09:17:53,787 [INFO]   [Zero 3] Sayfa  38: 192 ilan (toplam= 7296, 37s)
2026-09-12 09:17:54,530 [INFO]   [Zero 3] Sayfa  39: 192 ilan (toplam= 7488, 38s)
2026-09-12 09:17:55,289 [INFO]   [Zero 3] Sayfa  40: 192 ilan (toplam= 7680, 39s)
2026-09-12 09:17:56,780 [WARNING]   [Zero 3] p41 → 429 — 60sn bekleniyor
2026-09-12 09:18:56,906 [INFO] Token yenilendi: eyJzaWQiOiI3ZDRmZDI4...
2026-09-12 09:18:57,022 [WARNING]   [Zero 3] p41 → 429 — 120sn bekleniyor
2026-09-12 09:20:57,160 [INFO] Token yenilendi: eyJzaWQiOiI3ZDRmZDI4...
2026-09-12 09:20:57,278 [WARNING]   [Zero 3] p41 → 429 — 180sn bekleniyor
2026-09-12 09:23:58,235 [INFO] Token yenilendi: eyJzaWQiOiI3ZDRmZDI4...
2026-09-12 09:23:58,235 [WARNING]   [Zero 3] Sayfa 41 alinamadi — bitti
2026-09-12 09:23:58,235 [INFO] [Zero 3] TOPLAM: 7680 ilan
2026-09-12 09:24:13,266 [INFO] [zero3] 7680 ilan yazildi (14733ms)
2026-09-12 09:24:13,266 [INFO] Tamamlandi — 417sn
2026-09-12 09:24:13,266 [INFO] ============================================================
2026-09-12 09:25:24,874 [INFO] ============================================================
2026-09-12 09:25:24,874 [INFO] MSGKO Scraper v4 — 2026-09-12 09:25:24
2026-09-12 09:25:24,875 [INFO] Kanal [1]: Zero 4 (serverType=5)
2026-09-12 09:25:25,359 [INFO] Token alindi: eyJzaWQiOiJjNjNmZDM4...
2026-09-12 09:25:25,359 [INFO] [Zero 4] Sayfa 1 cekiliyor...
2026-09-12 09:25:25,480 [WARNING] Sayfa 1: HTTP 429
2026-09-12 09:25:25,480 [INFO] 60sn bekleniyor...
2026-09-12 09:26:25,606 [INFO] Token yenilendi: eyJzaWQiOiJjNjNmZDM4...
2026-09-12 09:26:25,707 [WARNING] Sayfa 1: HTTP 429
2026-09-12 09:26:25,707 [INFO] 120sn bekleniyor...
2026-09-12 09:28:25,834 [INFO] Token yenilendi: eyJzaWQiOiJjNjNmZDM4...
2026-09-12 09:28:25,941 [WARNING] Sayfa 1: HTTP 429
2026-09-12 09:28:25,941 [WARNING] Site engelliyor — run atlaniyor
2026-09-12 09:31:24,878 [INFO] ============================================================
2026-09-12 09:31:24,878 [INFO] MSGKO Scraper v4 — 2026-09-12 09:31:24
2026-09-12 09:31:24,878 [INFO] Kanal [2]: Zero 5 (serverType=8)
2026-09-12 09:31:25,334 [INFO] Token alindi: eyJzaWQiOiJiMGUwOGE3...
2026-09-12 09:31:25,334 [INFO] [Zero 5] Sayfa 1 cekiliyor...
2026-09-12 09:31:25,439 [WARNING] Sayfa 1: HTTP 429
2026-09-12 09:31:25,439 [INFO] 60sn bekleniyor...
2026-09-12 09:32:25,594 [INFO] Token yenilendi: eyJzaWQiOiJiMGUwOGE3...
2026-09-12 09:32:25,705 [WARNING] Sayfa 1: HTTP 429
2026-09-12 09:32:25,705 [INFO] 120sn bekleniyor...
2026-09-12 09:34:25,816 [INFO] Token yenilendi: eyJzaWQiOiJiMGUwOGE3...
2026-09-12 09:34:25,926 [WARNING] Sayfa 1: HTTP 429
2026-09-12 09:34:25,926 [WARNING] Site engelliyor — run atlaniyor
2026-09-12 09:37:24,888 [INFO] ============================================================
2026-09-12 09:37:24,888 [INFO] MSGKO Scraper v4 — 2026-09-12 09:37:24
2026-09-12 09:37:24,889 [INFO] Kanal [3]: Zero 8 (serverType=15)
2026-09-12 09:37:25,370 [INFO] Token alindi: eyJzaWQiOiJjNzdkZjQ1...
2026-09-12 09:37:25,370 [INFO] [Zero 8] Sayfa 1 cekiliyor...
2026-09-12 09:37:25,496 [WARNING] Sayfa 1: HTTP 429
2026-09-12 09:37:25,496 [INFO] 60sn bekleniyor...
2026-09-12 09:38:26,604 [INFO] Token yenilendi: eyJzaWQiOiJjNzdkZjQ1...
2026-09-12 09:38:26,720 [WARNING] Sayfa 1: HTTP 429
2026-09-12 09:38:26,720 [INFO] 120sn bekleniyor...
2026-09-12 09:40:26,838 [INFO] Token yenilendi: eyJzaWQiOiJjNzdkZjQ1...
2026-09-12 09:40:26,946 [WARNING] Sayfa 1: HTTP 429
2026-09-12 09:40:26,946 [WARNING] Site engelliyor — run atlaniyor
2026-09-12 09:43:24,908 [INFO] ============================================================
2026-09-12 09:43:24,908 [INFO] MSGKO Scraper v4 — 2026-09-12 09:43:24
2026-09-12 09:43:24,909 [INFO] Kanal [4]: Agartha 3 (serverType=1)
2026-09-12 09:43:25,529 [INFO] Token alindi: eyJzaWQiOiJkNzhjNmFh...
2026-09-12 09:43:25,529 [INFO] [Agartha 3] Sayfa 1 cekiliyor...
2026-09-12 09:43:25,642 [WARNING] Sayfa 1: HTTP 429
2026-09-12 09:43:25,642 [INFO] 60sn bekleniyor...
2026-09-12 09:44:25,828 [INFO] Token yenilendi: eyJzaWQiOiJkNzhjNmFh...
2026-09-12 09:44:25,940 [WARNING] Sayfa 1: HTTP 429
2026-09-12 09:44:25,940 [INFO] 120sn bekleniyor...
2026-09-12 09:46:26,422 [INFO] Token yenilendi: eyJzaWQiOiJkNzhjNmFh...
2026-09-12 09:46:26,528 [WARNING] Sayfa 1: HTTP 429
2026-09-12 09:46:26,528 [WARNING] Site engelliyor — run atlaniyor
2026-09-12 09:49:24,918 [INFO] ============================================================
2026-09-12 09:49:24,918 [INFO] MSGKO Scraper v4 — 2026-09-12 09:49:24
2026-09-12 09:49:24,919 [INFO] Kanal [5]: Agartha 4 (serverType=12)
2026-09-12 09:49:25,386 [INFO] Token alindi: eyJzaWQiOiI1YmNiYTZl...
2026-09-12 09:49:25,386 [INFO] [Agartha 4] Sayfa 1 cekiliyor...
2026-09-12 09:49:25,646 [INFO] Baglanti OK!
2026-09-12 09:49:25,719 [INFO]   [Agartha 4] Sayfa   1: 192 ilan (toplam=  192, 0s)
2026-09-12 09:49:26,435 [INFO]   [Agartha 4] Sayfa   2: 192 ilan (toplam=  384, 1s)
2026-09-12 09:49:27,232 [INFO]   [Agartha 4] Sayfa   3: 192 ilan (toplam=  576, 2s)
2026-09-12 09:49:28,343 [INFO]   [Agartha 4] Sayfa   4: 192 ilan (toplam=  768, 3s)
2026-09-12 09:49:29,076 [INFO]   [Agartha 4] Sayfa   5: 192 ilan (toplam=  960, 4s)
2026-09-12 09:49:30,544 [INFO]   [Agartha 4] Sayfa   6: 192 ilan (toplam= 1152, 5s)
2026-09-12 09:49:31,339 [INFO]   [Agartha 4] Sayfa   7: 192 ilan (toplam= 1344, 6s)
2026-09-12 09:49:32,079 [INFO]   [Agartha 4] Sayfa   8: 192 ilan (toplam= 1536, 7s)
2026-09-12 09:49:33,288 [INFO]   [Agartha 4] Sayfa   9: 192 ilan (toplam= 1728, 8s)
2026-09-12 09:49:34,006 [INFO]   [Agartha 4] Sayfa  10: 192 ilan (toplam= 1920, 9s)
2026-09-12 09:49:34,738 [INFO]   [Agartha 4] Sayfa  11: 192 ilan (toplam= 2112, 9s)
2026-09-12 09:49:36,535 [INFO]   [Agartha 4] Sayfa  12: 192 ilan (toplam= 2304, 11s)
2026-09-12 09:49:37,250 [INFO]   [Agartha 4] Sayfa  13: 192 ilan (toplam= 2496, 12s)
2026-09-12 09:49:37,976 [INFO]   [Agartha 4] Sayfa  14: 192 ilan (toplam= 2688, 13s)
2026-09-12 09:49:38,712 [INFO]   [Agartha 4] Sayfa  15: 192 ilan (toplam= 2880, 13s)
2026-09-12 09:49:39,474 [INFO]   [Agartha 4] Sayfa  16: 192 ilan (toplam= 3072, 14s)
2026-09-12 09:49:40,275 [INFO]   [Agartha 4] Sayfa  17: 192 ilan (toplam= 3264, 15s)
2026-09-12 09:49:41,045 [INFO]   [Agartha 4] Sayfa  18: 192 ilan (toplam= 3456, 16s)
2026-09-12 09:49:42,218 [INFO]   [Agartha 4] Sayfa  19: 192 ilan (toplam= 3648, 17s)
2026-09-12 09:49:42,930 [INFO]   [Agartha 4] Sayfa  20: 192 ilan (toplam= 3840, 18s)
2026-09-12 09:49:43,675 [INFO]   [Agartha 4] Sayfa  21: 192 ilan (toplam= 4032, 18s)
2026-09-12 09:49:45,140 [INFO]   [Agartha 4] Sayfa  22: 192 ilan (toplam= 4224, 20s)
2026-09-12 09:49:46,395 [INFO]   [Agartha 4] Sayfa  23: 192 ilan (toplam= 4416, 21s)
2026-09-12 09:49:47,132 [INFO]   [Agartha 4] Sayfa  24: 192 ilan (toplam= 4608, 22s)
2026-09-12 09:49:48,329 [INFO]   [Agartha 4] Sayfa  25: 192 ilan (toplam= 4800, 23s)
2026-09-12 09:49:49,048 [INFO]   [Agartha 4] Sayfa  26: 192 ilan (toplam= 4992, 24s)
2026-09-12 09:49:49,819 [INFO]   [Agartha 4] Sayfa  27: 192 ilan (toplam= 5184, 24s)
2026-09-12 09:49:50,527 [INFO]   [Agartha 4] Sayfa  28: 192 ilan (toplam= 5376, 25s)
2026-09-12 09:49:51,246 [INFO]   [Agartha 4] Sayfa  29: 192 ilan (toplam= 5568, 26s)
2026-09-12 09:49:51,987 [INFO]   [Agartha 4] Sayfa  30: 192 ilan (toplam= 5760, 27s)
2026-09-12 09:49:52,599 [WARNING]   [Agartha 4] p31 → 429 — 60sn bekleniyor
2026-09-12 09:50:52,729 [INFO] Token yenilendi: eyJzaWQiOiI1YmNiYTZl...
2026-09-12 09:50:52,862 [WARNING]   [Agartha 4] p31 → 429 — 120sn bekleniyor
2026-09-12 09:52:53,281 [INFO] Token yenilendi: eyJzaWQiOiI1YmNiYTZl...
2026-09-12 09:52:53,376 [WARNING]   [Agartha 4] p31 → 429 — 180sn bekleniyor
2026-09-12 09:55:53,507 [INFO] Token yenilendi: eyJzaWQiOiI1YmNiYTZl...
2026-09-12 09:55:53,508 [WARNING]   [Agartha 4] Sayfa 31 alinamadi — bitti
2026-09-12 09:55:53,508 [INFO] [Agartha 4] TOPLAM: 5760 ilan
2026-09-12 09:56:04,579 [INFO] [agartha4] 5760 ilan yazildi (10770ms)
2026-09-12 09:56:04,579 [INFO] Tamamlandi — 399sn
2026-09-12 09:56:04,579 [INFO] ============================================================
2026-09-12 09:58:24,938 [INFO] ============================================================
2026-09-12 09:58:24,939 [INFO] MSGKO Scraper v4 — 2026-09-12 09:58:24
2026-09-12 09:58:24,939 [INFO] Kanal [6]: Pandora 3 (serverType=2)
2026-09-12 09:58:25,414 [INFO] Token alindi: eyJzaWQiOiJmYWU4MWQ1...
2026-09-12 09:58:25,414 [INFO] [Pandora 3] Sayfa 1 cekiliyor...
2026-09-12 09:58:25,543 [WARNING] Sayfa 1: HTTP 429
2026-09-12 09:58:25,543 [INFO] 60sn bekleniyor...
2026-09-12 09:59:25,653 [INFO] Token yenilendi: eyJzaWQiOiJmYWU4MWQ1...
2026-09-12 09:59:25,762 [WARNING] Sayfa 1: HTTP 429
2026-09-12 09:59:25,762 [INFO] 120sn bekleniyor...
2026-09-12 10:01:25,878 [INFO] Token yenilendi: eyJzaWQiOiJmYWU4MWQ1...
2026-09-12 10:01:25,998 [WARNING] Sayfa 1: HTTP 429
2026-09-12 10:01:25,998 [WARNING] Site engelliyor — run atlaniyor
2026-09-12 10:04:24,945 [INFO] ============================================================
2026-09-12 10:04:24,945 [INFO] MSGKO Scraper v4 — 2026-09-12 10:04:24
2026-09-12 10:04:24,946 [INFO] Kanal [7]: Pandora 4 (serverType=11)
2026-09-12 10:04:25,431 [INFO] Token alindi: eyJzaWQiOiJiNGYzZmIx...
2026-09-12 10:04:25,431 [INFO] [Pandora 4] Sayfa 1 cekiliyor...
2026-09-12 10:04:25,554 [WARNING] Sayfa 1: HTTP 429
2026-09-12 10:04:25,554 [INFO] 60sn bekleniyor...
2026-09-12 10:05:25,687 [INFO] Token yenilendi: eyJzaWQiOiJiNGYzZmIx...
2026-09-12 10:05:25,811 [WARNING] Sayfa 1: HTTP 429
2026-09-12 10:05:25,811 [INFO] 120sn bekleniyor...
2026-09-12 10:07:26,692 [INFO] Token yenilendi: eyJzaWQiOiJiNGYzZmIx...
2026-09-12 10:07:26,794 [WARNING] Sayfa 1: HTTP 429
2026-09-12 10:07:26,794 [WARNING] Site engelliyor — run atlaniyor
2026-09-12 10:10:24,981 [INFO] ============================================================
2026-09-12 10:10:24,981 [INFO] MSGKO Scraper v4 — 2026-09-12 10:10:24
2026-09-12 10:10:24,981 [INFO] Kanal [8]: Destan 2 (serverType=4)
2026-09-12 10:10:25,468 [INFO] Token alindi: eyJzaWQiOiJiNTMzNzg5...
2026-09-12 10:10:25,468 [INFO] [Destan 2] Sayfa 1 cekiliyor...
2026-09-12 10:10:25,597 [WARNING] Sayfa 1: HTTP 429
2026-09-12 10:10:25,597 [INFO] 60sn bekleniyor...
2026-09-12 10:11:26,228 [INFO] Token yenilendi: eyJzaWQiOiJiNTMzNzg5...
2026-09-12 10:11:26,343 [WARNING] Sayfa 1: HTTP 429
2026-09-12 10:11:26,343 [INFO] 120sn bekleniyor...
2026-09-12 10:13:26,470 [INFO] Token yenilendi: eyJzaWQiOiJiNTMzNzg5...
2026-09-12 10:13:26,588 [WARNING] Sayfa 1: HTTP 429
2026-09-12 10:13:26,588 [WARNING] Site engelliyor — run atlaniyor
2026-09-12 10:16:24,978 [INFO] ============================================================
2026-09-12 10:16:24,978 [INFO] MSGKO Scraper v4 — 2026-09-12 10:16:24
2026-09-12 10:16:24,979 [INFO] Kanal [9]: Destan 3 (serverType=13)
2026-09-12 10:16:25,409 [INFO] Token alindi: eyJzaWQiOiI2ODdjNmQ5...
2026-09-12 10:16:25,409 [INFO] [Destan 3] Sayfa 1 cekiliyor...
2026-09-12 10:16:25,513 [WARNING] Sayfa 1: HTTP 429
2026-09-12 10:16:25,513 [INFO] 60sn bekleniyor...
2026-09-12 10:17:25,620 [INFO] Token yenilendi: eyJzaWQiOiI2ODdjNmQ5...
2026-09-12 10:17:25,721 [WARNING] Sayfa 1: HTTP 429
2026-09-12 10:17:25,721 [INFO] 120sn bekleniyor...
2026-09-12 10:19:26,216 [INFO] Token yenilendi: eyJzaWQiOiI2ODdjNmQ5...
2026-09-12 10:19:26,323 [WARNING] Sayfa 1: HTTP 429
2026-09-12 10:19:26,323 [WARNING] Site engelliyor — run atlaniyor
2026-09-12 10:22:24,981 [INFO] ============================================================
2026-09-12 10:22:24,981 [INFO] MSGKO Scraper v4 — 2026-09-12 10:22:24
2026-09-12 10:22:24,981 [INFO] Kanal [0]: Zero 3 (serverType=0)
2026-09-12 10:22:26,572 [INFO] Token alindi: eyJzaWQiOiIyYzViYmQ3...
2026-09-12 10:22:26,572 [INFO] [Zero 3] Sayfa 1 cekiliyor...
2026-09-12 10:22:27,171 [INFO] Baglanti OK!
2026-09-12 10:22:27,242 [INFO]   [Zero 3] Sayfa   1: 192 ilan (toplam=  192, 2s)
2026-09-12 10:22:28,158 [INFO]   [Zero 3] Sayfa   2: 192 ilan (toplam=  384, 3s)
2026-09-12 10:22:29,956 [INFO]   [Zero 3] Sayfa   3: 192 ilan (toplam=  576, 4s)
2026-09-12 10:22:30,795 [INFO]   [Zero 3] Sayfa   4: 192 ilan (toplam=  768, 5s)
2026-09-12 10:22:31,910 [INFO]   [Zero 3] Sayfa   5: 192 ilan (toplam=  960, 6s)
2026-09-12 10:22:34,053 [INFO]   [Zero 3] Sayfa   6: 192 ilan (toplam= 1152, 9s)
2026-09-12 10:22:35,449 [INFO]   [Zero 3] Sayfa   7: 192 ilan (toplam= 1344, 10s)
2026-09-12 10:22:36,339 [INFO]   [Zero 3] Sayfa   8: 192 ilan (toplam= 1536, 11s)
2026-09-12 10:22:37,924 [INFO]   [Zero 3] Sayfa   9: 192 ilan (toplam= 1728, 12s)
2026-09-12 10:22:39,786 [INFO]   [Zero 3] Sayfa  10: 192 ilan (toplam= 1920, 14s)
2026-09-12 10:22:41,703 [INFO]   [Zero 3] Sayfa  11: 192 ilan (toplam= 2112, 16s)
2026-09-12 10:22:42,608 [INFO]   [Zero 3] Sayfa  12: 192 ilan (toplam= 2304, 17s)
2026-09-12 10:22:43,407 [INFO]   [Zero 3] Sayfa  13: 192 ilan (toplam= 2496, 18s)
2026-09-12 10:22:44,206 [INFO]   [Zero 3] Sayfa  14: 192 ilan (toplam= 2688, 19s)
2026-09-12 10:22:45,038 [INFO]   [Zero 3] Sayfa  15: 192 ilan (toplam= 2880, 20s)
2026-09-12 10:22:45,862 [INFO]   [Zero 3] Sayfa  16: 192 ilan (toplam= 3072, 20s)
2026-09-12 10:22:47,779 [INFO]   [Zero 3] Sayfa  17: 192 ilan (toplam= 3264, 22s)
2026-09-12 10:22:48,624 [INFO]   [Zero 3] Sayfa  18: 192 ilan (toplam= 3456, 23s)
2026-09-12 10:22:50,123 [INFO]   [Zero 3] Sayfa  19: 192 ilan (toplam= 3648, 25s)
2026-09-12 10:22:51,919 [INFO]   [Zero 3] Sayfa  20: 192 ilan (toplam= 3840, 26s)
2026-09-12 10:22:52,763 [INFO]   [Zero 3] Sayfa  21: 192 ilan (toplam= 4032, 27s)
2026-09-12 10:22:53,585 [INFO]   [Zero 3] Sayfa  22: 192 ilan (toplam= 4224, 28s)
2026-09-12 10:22:54,391 [INFO]   [Zero 3] Sayfa  23: 192 ilan (toplam= 4416, 29s)
2026-09-12 10:22:55,250 [INFO]   [Zero 3] Sayfa  24: 192 ilan (toplam= 4608, 30s)
2026-09-12 10:22:56,059 [INFO]   [Zero 3] Sayfa  25: 192 ilan (toplam= 4800, 31s)
2026-09-12 10:22:57,481 [INFO]   [Zero 3] Sayfa  26: 192 ilan (toplam= 4992, 32s)
2026-09-12 10:22:59,012 [INFO]   [Zero 3] Sayfa  27: 192 ilan (toplam= 5184, 34s)
2026-09-12 10:22:59,851 [INFO]   [Zero 3] Sayfa  28: 192 ilan (toplam= 5376, 34s)
2026-09-12 10:23:01,242 [INFO]   [Zero 3] Sayfa  29: 192 ilan (toplam= 5568, 36s)
2026-09-12 10:23:02,042 [INFO]   [Zero 3] Sayfa  30: 192 ilan (toplam= 5760, 37s)
2026-09-12 10:23:02,742 [WARNING]   [Zero 3] p31 → 429 — 60sn bekleniyor
2026-09-12 10:24:04,084 [INFO] Token yenilendi: eyJzaWQiOiIyYzViYmQ3...
2026-09-12 10:24:04,279 [WARNING]   [Zero 3] p31 → 429 — 120sn bekleniyor
2026-09-12 10:26:04,579 [INFO] Token yenilendi: eyJzaWQiOiIyYzViYmQ3...
2026-09-12 10:26:04,780 [WARNING]   [Zero 3] p31 → 429 — 180sn bekleniyor
2026-09-12 10:29:05,076 [INFO] Token yenilendi: eyJzaWQiOiIyYzViYmQ3...
2026-09-12 10:29:05,076 [WARNING]   [Zero 3] Sayfa 31 alinamadi — bitti
2026-09-12 10:29:05,076 [INFO] [Zero 3] TOPLAM: 5760 ilan
2026-09-12 10:29:13,953 [INFO] [zero3] 5760 ilan yazildi (8588ms)
2026-09-12 10:29:13,953 [INFO] Tamamlandi — 408sn
2026-09-12 10:29:13,953 [INFO] ============================================================
2026-09-12 10:31:25,005 [INFO] ============================================================
2026-09-12 10:31:25,005 [INFO] MSGKO Scraper v4 — 2026-09-12 10:31:25
2026-09-12 10:31:25,006 [INFO] Kanal [1]: Zero 4 (serverType=5)
2026-09-12 10:31:25,473 [INFO] Token alindi: eyJzaWQiOiIyOTkxZTIw...
2026-09-12 10:31:25,473 [INFO] [Zero 4] Sayfa 1 cekiliyor...
2026-09-12 10:31:25,583 [WARNING] Sayfa 1: HTTP 429
2026-09-12 10:31:25,583 [INFO] 60sn bekleniyor...
2026-09-12 10:32:25,724 [INFO] Token yenilendi: eyJzaWQiOiIyOTkxZTIw...
2026-09-12 10:32:25,830 [WARNING] Sayfa 1: HTTP 429
2026-09-12 10:32:25,830 [INFO] 120sn bekleniyor...
2026-09-12 10:34:25,940 [INFO] Token yenilendi: eyJzaWQiOiIyOTkxZTIw...
2026-09-12 10:34:26,051 [WARNING] Sayfa 1: HTTP 429
2026-09-12 10:34:26,051 [WARNING] Site engelliyor — run atlaniyor
2026-09-12 10:37:25,012 [INFO] ============================================================
2026-09-12 10:37:25,013 [INFO] MSGKO Scraper v4 — 2026-09-12 10:37:25
2026-09-12 10:37:25,013 [INFO] Kanal [2]: Zero 5 (serverType=8)
2026-09-12 10:37:25,503 [INFO] Token alindi: eyJzaWQiOiIxNmJlMTM2...
2026-09-12 10:37:25,503 [INFO] [Zero 5] Sayfa 1 cekiliyor...
2026-09-12 10:37:25,627 [WARNING] Sayfa 1: HTTP 429
2026-09-12 10:37:25,627 [INFO] 60sn bekleniyor...
2026-09-12 10:38:25,765 [INFO] Token yenilendi: eyJzaWQiOiIxNmJlMTM2...
2026-09-12 10:38:25,899 [WARNING] Sayfa 1: HTTP 429
2026-09-12 10:38:25,899 [INFO] 120sn bekleniyor...
2026-09-12 10:40:26,024 [INFO] Token yenilendi: eyJzaWQiOiIxNmJlMTM2...
2026-09-12 10:40:26,140 [WARNING] Sayfa 1: HTTP 429
2026-09-12 10:40:26,140 [WARNING] Site engelliyor — run atlaniyor
2026-09-12 10:43:25,029 [INFO] ============================================================
2026-09-12 10:43:25,029 [INFO] MSGKO Scraper v4 — 2026-09-12 10:43:25
2026-09-12 10:43:25,029 [INFO] Kanal [3]: Zero 8 (serverType=15)
2026-09-12 10:43:25,926 [INFO] Token alindi: eyJzaWQiOiJkOWE1NmUx...
2026-09-12 10:43:25,926 [INFO] [Zero 8] Sayfa 1 cekiliyor...
2026-09-12 10:43:27,115 [WARNING] Sayfa 1: HTTP 429
2026-09-12 10:43:27,115 [INFO] 60sn bekleniyor...
2026-09-12 10:44:27,370 [INFO] Token yenilendi: eyJzaWQiOiJkOWE1NmUx...
2026-09-12 10:44:27,568 [WARNING] Sayfa 1: HTTP 429
2026-09-12 10:44:27,568 [INFO] 120sn bekleniyor...
2026-09-12 10:46:28,720 [INFO] Token yenilendi: eyJzaWQiOiJkOWE1NmUx...
2026-09-12 10:46:28,914 [WARNING] Sayfa 1: HTTP 429
2026-09-12 10:46:28,914 [WARNING] Site engelliyor — run atlaniyor
2026-09-12 10:49:25,038 [INFO] ============================================================
2026-09-12 10:49:25,038 [INFO] MSGKO Scraper v4 — 2026-09-12 10:49:25
2026-09-12 10:49:25,038 [INFO] Kanal [4]: Agartha 3 (serverType=1)
2026-09-12 10:49:25,651 [INFO] Token alindi: eyJzaWQiOiI1ZGVhYjMw...
2026-09-12 10:49:25,651 [INFO] [Agartha 3] Sayfa 1 cekiliyor...
2026-09-12 10:49:25,771 [WARNING] Sayfa 1: HTTP 429
2026-09-12 10:49:25,771 [INFO] 60sn bekleniyor...
2026-09-12 10:50:25,899 [INFO] Token yenilendi: eyJzaWQiOiI1ZGVhYjMw...
2026-09-12 10:50:26,014 [WARNING] Sayfa 1: HTTP 429
2026-09-12 10:50:26,014 [INFO] 120sn bekleniyor...
2026-09-12 10:52:26,380 [INFO] Token yenilendi: eyJzaWQiOiI1ZGVhYjMw...
2026-09-12 10:52:26,486 [WARNING] Sayfa 1: HTTP 429
2026-09-12 10:52:26,486 [WARNING] Site engelliyor — run atlaniyor
2026-09-12 10:55:25,069 [INFO] ============================================================
2026-09-12 10:55:25,069 [INFO] MSGKO Scraper v4 — 2026-09-12 10:55:25
2026-09-12 10:55:25,069 [INFO] Kanal [5]: Agartha 4 (serverType=12)
2026-09-12 10:55:25,757 [INFO] Token alindi: eyJzaWQiOiJkMmQ1ZGY3...
2026-09-12 10:55:25,757 [INFO] [Agartha 4] Sayfa 1 cekiliyor...
2026-09-12 10:55:26,409 [INFO] Baglanti OK!
2026-09-12 10:55:26,498 [INFO]   [Agartha 4] Sayfa   1: 192 ilan (toplam=  192, 1s)
2026-09-12 10:55:27,239 [INFO]   [Agartha 4] Sayfa   2: 192 ilan (toplam=  384, 2s)
2026-09-12 10:55:28,885 [INFO]   [Agartha 4] Sayfa   3: 192 ilan (toplam=  576, 3s)
2026-09-12 10:55:29,632 [INFO]   [Agartha 4] Sayfa   4: 192 ilan (toplam=  768, 4s)
2026-09-12 10:55:30,448 [INFO]   [Agartha 4] Sayfa   5: 192 ilan (toplam=  960, 5s)
2026-09-12 10:55:32,003 [INFO]   [Agartha 4] Sayfa   6: 192 ilan (toplam= 1152, 6s)
2026-09-12 10:55:33,268 [INFO]   [Agartha 4] Sayfa   7: 192 ilan (toplam= 1344, 8s)
2026-09-12 10:55:34,523 [INFO]   [Agartha 4] Sayfa   8: 192 ilan (toplam= 1536, 9s)
2026-09-12 10:55:35,834 [INFO]   [Agartha 4] Sayfa   9: 192 ilan (toplam= 1728, 10s)
2026-09-12 10:55:37,106 [INFO]   [Agartha 4] Sayfa  10: 192 ilan (toplam= 1920, 12s)
2026-09-12 10:55:37,825 [INFO]   [Agartha 4] Sayfa  11: 192 ilan (toplam= 2112, 12s)
2026-09-12 10:55:38,571 [INFO]   [Agartha 4] Sayfa  12: 192 ilan (toplam= 2304, 13s)
2026-09-12 10:55:39,297 [INFO]   [Agartha 4] Sayfa  13: 192 ilan (toplam= 2496, 14s)
2026-09-12 10:55:40,050 [INFO]   [Agartha 4] Sayfa  14: 192 ilan (toplam= 2688, 14s)
2026-09-12 10:55:40,786 [INFO]   [Agartha 4] Sayfa  15: 192 ilan (toplam= 2880, 15s)
2026-09-12 10:55:41,529 [INFO]   [Agartha 4] Sayfa  16: 192 ilan (toplam= 3072, 16s)
2026-09-12 10:55:42,805 [INFO]   [Agartha 4] Sayfa  17: 192 ilan (toplam= 3264, 17s)
2026-09-12 10:55:43,652 [INFO]   [Agartha 4] Sayfa  18: 192 ilan (toplam= 3456, 18s)
2026-09-12 10:55:44,430 [INFO]   [Agartha 4] Sayfa  19: 192 ilan (toplam= 3648, 19s)
2026-09-12 10:55:45,742 [INFO]   [Agartha 4] Sayfa  20: 192 ilan (toplam= 3840, 20s)
2026-09-12 10:55:46,487 [INFO]   [Agartha 4] Sayfa  21: 192 ilan (toplam= 4032, 21s)
2026-09-12 10:55:47,212 [INFO]   [Agartha 4] Sayfa  22: 192 ilan (toplam= 4224, 22s)
2026-09-12 10:55:48,456 [INFO]   [Agartha 4] Sayfa  23: 192 ilan (toplam= 4416, 23s)
2026-09-12 10:55:49,194 [INFO]   [Agartha 4] Sayfa  24: 192 ilan (toplam= 4608, 24s)
2026-09-12 10:55:49,917 [INFO]   [Agartha 4] Sayfa  25: 192 ilan (toplam= 4800, 24s)
2026-09-12 10:55:51,184 [INFO]   [Agartha 4] Sayfa  26: 192 ilan (toplam= 4992, 26s)
2026-09-12 10:55:52,680 [INFO]   [Agartha 4] Sayfa  27: 192 ilan (toplam= 5184, 27s)
2026-09-12 10:55:54,140 [INFO]   [Agartha 4] Sayfa  28: 192 ilan (toplam= 5376, 29s)
2026-09-12 10:55:54,871 [INFO]   [Agartha 4] Sayfa  29: 192 ilan (toplam= 5568, 29s)
2026-09-12 10:55:56,596 [INFO]   [Agartha 4] Sayfa  30: 192 ilan (toplam= 5760, 31s)
2026-09-12 10:55:57,208 [WARNING]   [Agartha 4] p31 → 429 — 60sn bekleniyor
2026-09-12 10:56:57,333 [INFO] Token yenilendi: eyJzaWQiOiJkMmQ1ZGY3...
2026-09-12 10:56:57,457 [WARNING]   [Agartha 4] p31 → 429 — 120sn bekleniyor
2026-09-12 10:58:57,587 [INFO] Token yenilendi: eyJzaWQiOiJkMmQ1ZGY3...
2026-09-12 10:58:57,701 [WARNING]   [Agartha 4] p31 → 429 — 180sn bekleniyor
2026-09-12 11:01:57,819 [INFO] Token yenilendi: eyJzaWQiOiJkMmQ1ZGY3...
2026-09-12 11:01:57,819 [WARNING]   [Agartha 4] Sayfa 31 alinamadi — bitti
2026-09-12 11:01:57,819 [INFO] [Agartha 4] TOPLAM: 5760 ilan
2026-09-12 11:02:08,091 [INFO] [agartha4] 5760 ilan yazildi (9985ms)
2026-09-12 11:02:08,091 [INFO] Tamamlandi — 403sn
2026-09-12 11:02:08,091 [INFO] ============================================================
2026-09-12 11:04:25,089 [INFO] ============================================================
2026-09-12 11:04:25,089 [INFO] MSGKO Scraper v4 — 2026-09-12 11:04:25
2026-09-12 11:04:25,090 [INFO] Kanal [6]: Pandora 3 (serverType=2)
2026-09-12 11:04:26,509 [INFO] Token alindi: eyJzaWQiOiIyNzliZjNh...
2026-09-12 11:04:26,509 [INFO] [Pandora 3] Sayfa 1 cekiliyor...
2026-09-12 11:04:26,636 [WARNING] Sayfa 1: HTTP 429
2026-09-12 11:04:26,636 [INFO] 60sn bekleniyor...
2026-09-12 11:05:27,345 [INFO] Token yenilendi: eyJzaWQiOiIyNzliZjNh...
2026-09-12 11:05:27,461 [WARNING] Sayfa 1: HTTP 429
2026-09-12 11:05:27,461 [INFO] 120sn bekleniyor...
2026-09-12 11:07:27,612 [INFO] Token yenilendi: eyJzaWQiOiIyNzliZjNh...
2026-09-12 11:07:27,742 [WARNING] Sayfa 1: HTTP 429
2026-09-12 11:07:27,742 [WARNING] Site engelliyor — run atlaniyor
2026-09-12 11:10:25,118 [INFO] ============================================================
2026-09-12 11:10:25,118 [INFO] MSGKO Scraper v4 — 2026-09-12 11:10:25
2026-09-12 11:10:25,118 [INFO] Kanal [7]: Pandora 4 (serverType=11)
2026-09-12 11:10:25,572 [INFO] Token alindi: eyJzaWQiOiIzOTgxOThh...
2026-09-12 11:10:25,572 [INFO] [Pandora 4] Sayfa 1 cekiliyor...
2026-09-12 11:10:25,682 [WARNING] Sayfa 1: HTTP 429
2026-09-12 11:10:25,682 [INFO] 60sn bekleniyor...
2026-09-12 11:11:25,797 [INFO] Token yenilendi: eyJzaWQiOiIzOTgxOThh...
2026-09-12 11:11:25,906 [WARNING] Sayfa 1: HTTP 429
2026-09-12 11:11:25,906 [INFO] 120sn bekleniyor...
2026-09-12 11:13:26,007 [INFO] Token yenilendi: eyJzaWQiOiIzOTgxOThh...
2026-09-12 11:13:26,117 [WARNING] Sayfa 1: HTTP 429
2026-09-12 11:13:26,117 [WARNING] Site engelliyor — run atlaniyor
2026-09-12 11:16:25,114 [INFO] ============================================================
2026-09-12 11:16:25,114 [INFO] MSGKO Scraper v4 — 2026-09-12 11:16:25
2026-09-12 11:16:25,114 [INFO] Kanal [8]: Destan 2 (serverType=4)
2026-09-12 11:16:25,605 [INFO] Token alindi: eyJzaWQiOiJlYWM1NDYy...
2026-09-12 11:16:25,605 [INFO] [Destan 2] Sayfa 1 cekiliyor...
2026-09-12 11:16:25,724 [WARNING] Sayfa 1: HTTP 429
2026-09-12 11:16:25,724 [INFO] 60sn bekleniyor...
2026-09-12 11:17:25,857 [INFO] Token yenilendi: eyJzaWQiOiJlYWM1NDYy...
2026-09-12 11:17:26,047 [WARNING] Sayfa 1: HTTP 429
2026-09-12 11:17:26,047 [INFO] 120sn bekleniyor...
2026-09-12 11:19:26,182 [INFO] Token yenilendi: eyJzaWQiOiJlYWM1NDYy...
2026-09-12 11:19:26,290 [WARNING] Sayfa 1: HTTP 429
2026-09-12 11:19:26,290 [WARNING] Site engelliyor — run atlaniyor
2026-09-12 11:22:25,127 [INFO] ============================================================
2026-09-12 11:22:25,127 [INFO] MSGKO Scraper v4 — 2026-09-12 11:22:25
2026-09-12 11:22:25,128 [INFO] Kanal [9]: Destan 3 (serverType=13)
2026-09-12 11:22:26,001 [INFO] Token alindi: eyJzaWQiOiJjODc2ZDIz...
2026-09-12 11:22:26,001 [INFO] [Destan 3] Sayfa 1 cekiliyor...
2026-09-12 11:22:26,133 [WARNING] Sayfa 1: HTTP 429
2026-09-12 11:22:26,133 [INFO] 60sn bekleniyor...
2026-09-12 11:23:26,271 [INFO] Token yenilendi: eyJzaWQiOiJjODc2ZDIz...
2026-09-12 11:23:26,391 [WARNING] Sayfa 1: HTTP 429
2026-09-12 11:23:26,391 [INFO] 120sn bekleniyor...
2026-09-12 11:25:27,392 [INFO] Token yenilendi: eyJzaWQiOiJjODc2ZDIz...
2026-09-12 11:25:27,501 [WARNING] Sayfa 1: HTTP 429
2026-09-12 11:25:27,501 [WARNING] Site engelliyor — run atlaniyor
2026-09-12 11:28:25,145 [INFO] ============================================================
2026-09-12 11:28:25,145 [INFO] MSGKO Scraper v4 — 2026-09-12 11:28:25
2026-09-12 11:28:25,146 [INFO] Kanal [0]: Zero 3 (serverType=0)
2026-09-12 11:28:26,038 [INFO] Token alindi: eyJzaWQiOiJiZGJjNGMw...
2026-09-12 11:28:26,038 [INFO] [Zero 3] Sayfa 1 cekiliyor...
2026-09-12 11:28:26,372 [INFO] Baglanti OK!
2026-09-12 11:28:26,444 [INFO]   [Zero 3] Sayfa   1: 192 ilan (toplam=  192, 1s)
2026-09-12 11:28:27,901 [INFO]   [Zero 3] Sayfa   2: 192 ilan (toplam=  384, 2s)
2026-09-12 11:28:28,661 [INFO]   [Zero 3] Sayfa   3: 192 ilan (toplam=  576, 3s)
2026-09-12 11:28:29,427 [INFO]   [Zero 3] Sayfa   4: 192 ilan (toplam=  768, 4s)
2026-09-12 11:28:30,187 [INFO]   [Zero 3] Sayfa   5: 192 ilan (toplam=  960, 5s)
2026-09-12 11:28:30,973 [INFO]   [Zero 3] Sayfa   6: 192 ilan (toplam= 1152, 5s)
2026-09-12 11:28:31,948 [INFO]   [Zero 3] Sayfa   7: 192 ilan (toplam= 1344, 6s)
2026-09-12 11:28:32,682 [INFO]   [Zero 3] Sayfa   8: 192 ilan (toplam= 1536, 7s)
2026-09-12 11:28:33,612 [INFO]   [Zero 3] Sayfa   9: 192 ilan (toplam= 1728, 8s)
2026-09-12 11:28:35,339 [INFO]   [Zero 3] Sayfa  10: 192 ilan (toplam= 1920, 10s)
2026-09-12 11:28:36,102 [INFO]   [Zero 3] Sayfa  11: 192 ilan (toplam= 2112, 10s)
2026-09-12 11:28:37,669 [INFO]   [Zero 3] Sayfa  12: 192 ilan (toplam= 2304, 12s)
2026-09-12 11:28:38,423 [INFO]   [Zero 3] Sayfa  13: 192 ilan (toplam= 2496, 13s)
2026-09-12 11:28:39,694 [INFO]   [Zero 3] Sayfa  14: 192 ilan (toplam= 2688, 14s)
2026-09-12 11:28:40,894 [INFO]   [Zero 3] Sayfa  15: 192 ilan (toplam= 2880, 15s)
2026-09-12 11:28:41,632 [INFO]   [Zero 3] Sayfa  16: 192 ilan (toplam= 3072, 16s)
2026-09-12 11:28:43,352 [INFO]   [Zero 3] Sayfa  17: 192 ilan (toplam= 3264, 18s)
2026-09-12 11:28:44,163 [INFO]   [Zero 3] Sayfa  18: 192 ilan (toplam= 3456, 19s)
2026-09-12 11:28:44,949 [INFO]   [Zero 3] Sayfa  19: 192 ilan (toplam= 3648, 19s)
2026-09-12 11:28:45,729 [INFO]   [Zero 3] Sayfa  20: 192 ilan (toplam= 3840, 20s)
2026-09-12 11:28:46,512 [INFO]   [Zero 3] Sayfa  21: 192 ilan (toplam= 4032, 21s)
2026-09-12 11:28:47,242 [INFO]   [Zero 3] Sayfa  22: 192 ilan (toplam= 4224, 22s)
2026-09-12 11:28:48,675 [INFO]   [Zero 3] Sayfa  23: 192 ilan (toplam= 4416, 23s)
2026-09-12 11:28:49,442 [INFO]   [Zero 3] Sayfa  24: 192 ilan (toplam= 4608, 24s)
2026-09-12 11:28:50,232 [INFO]   [Zero 3] Sayfa  25: 192 ilan (toplam= 4800, 25s)
2026-09-12 11:28:51,960 [INFO]   [Zero 3] Sayfa  26: 192 ilan (toplam= 4992, 26s)
2026-09-12 11:28:52,738 [INFO]   [Zero 3] Sayfa  27: 192 ilan (toplam= 5184, 27s)
2026-09-12 11:28:54,494 [INFO]   [Zero 3] Sayfa  28: 192 ilan (toplam= 5376, 29s)
2026-09-12 11:28:55,228 [INFO]   [Zero 3] Sayfa  29: 192 ilan (toplam= 5568, 30s)
2026-09-12 11:28:55,974 [INFO]   [Zero 3] Sayfa  30: 192 ilan (toplam= 5760, 30s)
2026-09-12 11:28:56,589 [WARNING]   [Zero 3] p31 → 429 — 60sn bekleniyor
2026-09-12 11:29:56,724 [INFO] Token yenilendi: eyJzaWQiOiJiZGJjNGMw...
2026-09-12 11:29:56,835 [WARNING]   [Zero 3] p31 → 429 — 120sn bekleniyor
2026-09-12 11:31:56,966 [INFO] Token yenilendi: eyJzaWQiOiJiZGJjNGMw...
2026-09-12 11:31:57,112 [WARNING]   [Zero 3] p31 → 429 — 180sn bekleniyor
2026-09-12 11:34:57,251 [INFO] Token yenilendi: eyJzaWQiOiJiZGJjNGMw...
2026-09-12 11:34:57,252 [WARNING]   [Zero 3] Sayfa 31 alinamadi — bitti
2026-09-12 11:34:57,252 [INFO] [Zero 3] TOPLAM: 5760 ilan
2026-09-12 11:35:08,223 [INFO] [zero3] 5760 ilan yazildi (10531ms)
2026-09-12 11:35:08,223 [INFO] Tamamlandi — 403sn
2026-09-12 11:35:08,223 [INFO] ============================================================
2026-09-12 11:37:24,163 [INFO] ============================================================
2026-09-12 11:37:24,163 [INFO] MSGKO Scraper v4 — 2026-09-12 11:37:24
2026-09-12 11:37:24,163 [INFO] Kanal [1]: Zero 4 (serverType=5)
2026-09-12 11:37:24,600 [INFO] Token alindi: eyJzaWQiOiI5ZDBlNDEz...
2026-09-12 11:37:24,600 [INFO] [Zero 4] Sayfa 1 cekiliyor...
2026-09-12 11:37:24,736 [WARNING] Sayfa 1: HTTP 429
2026-09-12 11:37:24,736 [INFO] 60sn bekleniyor...
2026-09-12 11:38:25,402 [INFO] Token yenilendi: eyJzaWQiOiI5ZDBlNDEz...
2026-09-12 11:38:25,513 [WARNING] Sayfa 1: HTTP 429
2026-09-12 11:38:25,513 [INFO] 120sn bekleniyor...
2026-09-12 11:40:25,780 [INFO] Token yenilendi: eyJzaWQiOiI5ZDBlNDEz...
2026-09-12 11:40:25,882 [WARNING] Sayfa 1: HTTP 429
2026-09-12 11:40:25,882 [WARNING] Site engelliyor — run atlaniyor
2026-09-12 11:43:24,190 [INFO] ============================================================
2026-09-12 11:43:24,190 [INFO] MSGKO Scraper v4 — 2026-09-12 11:43:24
2026-09-12 11:43:24,190 [INFO] Kanal [2]: Zero 5 (serverType=8)
2026-09-12 11:43:24,869 [INFO] Token alindi: eyJzaWQiOiIwNGEyMDg5...
2026-09-12 11:43:24,869 [INFO] [Zero 5] Sayfa 1 cekiliyor...
2026-09-12 11:43:25,016 [WARNING] Sayfa 1: HTTP 429
2026-09-12 11:43:25,016 [INFO] 60sn bekleniyor...
2026-09-12 11:44:25,195 [INFO] Token yenilendi: eyJzaWQiOiIwNGEyMDg5...
2026-09-12 11:44:25,309 [WARNING] Sayfa 1: HTTP 429
2026-09-12 11:44:25,309 [INFO] 120sn bekleniyor...
2026-09-12 11:46:25,428 [INFO] Token yenilendi: eyJzaWQiOiIwNGEyMDg5...
2026-09-12 11:46:25,563 [WARNING] Sayfa 1: HTTP 429
2026-09-12 11:46:25,563 [WARNING] Site engelliyor — run atlaniyor
2026-09-12 11:49:24,202 [INFO] ============================================================
2026-09-12 11:49:24,202 [INFO] MSGKO Scraper v4 — 2026-09-12 11:49:24
2026-09-12 11:49:24,203 [INFO] Kanal [3]: Zero 8 (serverType=15)
2026-09-12 11:49:24,668 [INFO] Token alindi: eyJzaWQiOiI2MGE0Y2I0...
2026-09-12 11:49:24,668 [INFO] [Zero 8] Sayfa 1 cekiliyor...
2026-09-12 11:49:24,783 [WARNING] Sayfa 1: HTTP 429
2026-09-12 11:49:24,783 [INFO] 60sn bekleniyor...
2026-09-12 11:50:24,921 [INFO] Token yenilendi: eyJzaWQiOiI2MGE0Y2I0...
2026-09-12 11:50:25,032 [WARNING] Sayfa 1: HTTP 429
2026-09-12 11:50:25,032 [INFO] 120sn bekleniyor...
2026-09-12 11:52:25,198 [INFO] Token yenilendi: eyJzaWQiOiI2MGE0Y2I0...
2026-09-12 11:52:25,299 [WARNING] Sayfa 1: HTTP 429
2026-09-12 11:52:25,299 [WARNING] Site engelliyor — run atlaniyor
2026-09-12 11:55:24,226 [INFO] ============================================================
2026-09-12 11:55:24,226 [INFO] MSGKO Scraper v4 — 2026-09-12 11:55:24
2026-09-12 11:55:24,227 [INFO] Kanal [4]: Agartha 3 (serverType=1)
2026-09-12 11:55:25,235 [INFO] Token alindi: eyJzaWQiOiJhMjU3NGI3...
2026-09-12 11:55:25,236 [INFO] [Agartha 3] Sayfa 1 cekiliyor...
2026-09-12 11:55:26,148 [WARNING] Sayfa 1: HTTP 429
2026-09-12 11:55:26,148 [INFO] 60sn bekleniyor...
2026-09-12 11:56:26,353 [INFO] Token yenilendi: eyJzaWQiOiJhMjU3NGI3...
2026-09-12 11:56:26,583 [WARNING] Sayfa 1: HTTP 429
2026-09-12 11:56:26,583 [INFO] 120sn bekleniyor...
2026-09-12 11:58:26,786 [INFO] Token yenilendi: eyJzaWQiOiJhMjU3NGI3...
2026-09-12 11:58:26,985 [WARNING] Sayfa 1: HTTP 429
2026-09-12 11:58:26,985 [WARNING] Site engelliyor — run atlaniyor
2026-09-12 12:01:24,235 [INFO] ============================================================
2026-09-12 12:01:24,235 [INFO] MSGKO Scraper v4 — 2026-09-12 12:01:24
2026-09-12 12:01:24,235 [INFO] Kanal [5]: Agartha 4 (serverType=12)
2026-09-12 12:01:24,718 [INFO] Token alindi: eyJzaWQiOiJkYmU5ZGZm...
2026-09-12 12:01:24,718 [INFO] [Agartha 4] Sayfa 1 cekiliyor...
2026-09-12 12:01:24,978 [INFO] Baglanti OK!
2026-09-12 12:01:25,051 [INFO]   [Agartha 4] Sayfa   1: 192 ilan (toplam=  192, 0s)
2026-09-12 12:01:25,778 [INFO]   [Agartha 4] Sayfa   2: 192 ilan (toplam=  384, 1s)
2026-09-12 12:01:26,518 [INFO]   [Agartha 4] Sayfa   3: 192 ilan (toplam=  576, 2s)
2026-09-12 12:01:27,303 [INFO]   [Agartha 4] Sayfa   4: 192 ilan (toplam=  768, 3s)
2026-09-12 12:01:28,849 [INFO]   [Agartha 4] Sayfa   5: 192 ilan (toplam=  960, 4s)
2026-09-12 12:01:29,584 [INFO]   [Agartha 4] Sayfa   6: 192 ilan (toplam= 1152, 5s)
2026-09-12 12:01:30,361 [INFO]   [Agartha 4] Sayfa   7: 192 ilan (toplam= 1344, 6s)
2026-09-12 12:01:31,100 [INFO]   [Agartha 4] Sayfa   8: 192 ilan (toplam= 1536, 6s)
2026-09-12 12:01:31,824 [INFO]   [Agartha 4] Sayfa   9: 192 ilan (toplam= 1728, 7s)
2026-09-12 12:01:33,561 [INFO]   [Agartha 4] Sayfa  10: 192 ilan (toplam= 1920, 9s)
2026-09-12 12:01:35,157 [INFO]   [Agartha 4] Sayfa  11: 192 ilan (toplam= 2112, 10s)
2026-09-12 12:01:35,985 [INFO]   [Agartha 4] Sayfa  12: 192 ilan (toplam= 2304, 11s)
2026-09-12 12:01:37,115 [INFO]   [Agartha 4] Sayfa  13: 192 ilan (toplam= 2496, 12s)
2026-09-12 12:01:37,874 [INFO]   [Agartha 4] Sayfa  14: 192 ilan (toplam= 2688, 13s)
2026-09-12 12:01:38,618 [INFO]   [Agartha 4] Sayfa  15: 192 ilan (toplam= 2880, 14s)
2026-09-12 12:01:39,347 [INFO]   [Agartha 4] Sayfa  16: 192 ilan (toplam= 3072, 15s)
2026-09-12 12:01:40,062 [INFO]   [Agartha 4] Sayfa  17: 192 ilan (toplam= 3264, 15s)
2026-09-12 12:01:41,818 [INFO]   [Agartha 4] Sayfa  18: 192 ilan (toplam= 3456, 17s)
2026-09-12 12:01:42,622 [INFO]   [Agartha 4] Sayfa  19: 192 ilan (toplam= 3648, 18s)
2026-09-12 12:01:44,333 [INFO]   [Agartha 4] Sayfa  20: 192 ilan (toplam= 3840, 20s)
2026-09-12 12:01:45,148 [INFO]   [Agartha 4] Sayfa  21: 192 ilan (toplam= 4032, 20s)
2026-09-12 12:01:45,870 [INFO]   [Agartha 4] Sayfa  22: 192 ilan (toplam= 4224, 21s)
2026-09-12 12:01:46,597 [INFO]   [Agartha 4] Sayfa  23: 192 ilan (toplam= 4416, 22s)
2026-09-12 12:01:47,332 [INFO]   [Agartha 4] Sayfa  24: 192 ilan (toplam= 4608, 23s)
2026-09-12 12:01:48,093 [INFO]   [Agartha 4] Sayfa  25: 192 ilan (toplam= 4800, 23s)
2026-09-12 12:01:49,881 [INFO]   [Agartha 4] Sayfa  26: 192 ilan (toplam= 4992, 25s)
2026-09-12 12:01:50,786 [INFO]   [Agartha 4] Sayfa  27: 192 ilan (toplam= 5184, 26s)
2026-09-12 12:01:52,345 [INFO]   [Agartha 4] Sayfa  28: 192 ilan (toplam= 5376, 28s)
2026-09-12 12:01:53,068 [INFO]   [Agartha 4] Sayfa  29: 192 ilan (toplam= 5568, 28s)
2026-09-12 12:01:53,892 [INFO]   [Agartha 4] Sayfa  30: 192 ilan (toplam= 5760, 29s)
2026-09-12 12:01:54,508 [WARNING]   [Agartha 4] p31 → 429 — 60sn bekleniyor
2026-09-12 12:02:54,722 [INFO] Token yenilendi: eyJzaWQiOiJkYmU5ZGZm...
2026-09-12 12:02:54,831 [WARNING]   [Agartha 4] p31 → 429 — 120sn bekleniyor
2026-09-12 12:04:55,419 [INFO] Token yenilendi: eyJzaWQiOiJkYmU5ZGZm...
2026-09-12 12:04:55,530 [WARNING]   [Agartha 4] p31 → 429 — 180sn bekleniyor
2026-09-12 12:07:55,638 [INFO] Token yenilendi: eyJzaWQiOiJkYmU5ZGZm...
2026-09-12 12:07:55,638 [WARNING]   [Agartha 4] Sayfa 31 alinamadi — bitti
2026-09-12 12:07:55,638 [INFO] [Agartha 4] TOPLAM: 5760 ilan
2026-09-12 12:08:05,415 [INFO] [agartha4] 5760 ilan yazildi (9488ms)
2026-09-12 12:08:05,416 [INFO] Tamamlandi — 401sn
2026-09-12 12:08:05,416 [INFO] ============================================================
2026-09-12 12:10:24,283 [INFO] ============================================================
2026-09-12 12:10:24,283 [INFO] MSGKO Scraper v4 — 2026-09-12 12:10:24
2026-09-12 12:10:24,284 [INFO] Kanal [6]: Pandora 3 (serverType=2)
2026-09-12 12:10:24,779 [INFO] Token alindi: eyJzaWQiOiI1M2YyYmMz...
2026-09-12 12:10:24,779 [INFO] [Pandora 3] Sayfa 1 cekiliyor...
2026-09-12 12:10:24,887 [WARNING] Sayfa 1: HTTP 429
2026-09-12 12:10:24,887 [INFO] 60sn bekleniyor...
2026-09-12 12:11:25,292 [INFO] Token yenilendi: eyJzaWQiOiI1M2YyYmMz...
2026-09-12 12:11:25,398 [WARNING] Sayfa 1: HTTP 429
2026-09-12 12:11:25,398 [INFO] 120sn bekleniyor...
2026-09-12 12:13:25,521 [INFO] Token yenilendi: eyJzaWQiOiI1M2YyYmMz...
2026-09-12 12:13:25,641 [WARNING] Sayfa 1: HTTP 429
2026-09-12 12:13:25,641 [WARNING] Site engelliyor — run atlaniyor
2026-09-12 12:16:24,272 [INFO] ============================================================
2026-09-12 12:16:24,273 [INFO] MSGKO Scraper v4 — 2026-09-12 12:16:24
2026-09-12 12:16:24,273 [INFO] Kanal [7]: Pandora 4 (serverType=11)
2026-09-12 12:16:24,707 [INFO] Token alindi: eyJzaWQiOiJiMmM3YTYy...
2026-09-12 12:16:24,708 [INFO] [Pandora 4] Sayfa 1 cekiliyor...
2026-09-12 12:16:24,812 [WARNING] Sayfa 1: HTTP 429
2026-09-12 12:16:24,812 [INFO] 60sn bekleniyor...
2026-09-12 12:17:24,934 [INFO] Token yenilendi: eyJzaWQiOiJiMmM3YTYy...
2026-09-12 12:17:25,040 [WARNING] Sayfa 1: HTTP 429
2026-09-12 12:17:25,040 [INFO] 120sn bekleniyor...
2026-09-12 12:19:25,147 [INFO] Token yenilendi: eyJzaWQiOiJiMmM3YTYy...
2026-09-12 12:19:25,251 [WARNING] Sayfa 1: HTTP 429
2026-09-12 12:19:25,251 [WARNING] Site engelliyor — run atlaniyor
2026-09-12 12:22:24,298 [INFO] ============================================================
2026-09-12 12:22:24,298 [INFO] MSGKO Scraper v4 — 2026-09-12 12:22:24
2026-09-12 12:22:24,298 [INFO] Kanal [8]: Destan 2 (serverType=4)
2026-09-12 12:22:24,733 [INFO] Token alindi: eyJzaWQiOiJhYzAzNmRm...
2026-09-12 12:22:24,733 [INFO] [Destan 2] Sayfa 1 cekiliyor...
2026-09-12 12:22:24,860 [WARNING] Sayfa 1: HTTP 429
2026-09-12 12:22:24,860 [INFO] 60sn bekleniyor...
2026-09-12 12:23:25,018 [INFO] Token yenilendi: eyJzaWQiOiJhYzAzNmRm...
2026-09-12 12:23:25,137 [WARNING] Sayfa 1: HTTP 429
2026-09-12 12:23:25,137 [INFO] 120sn bekleniyor...
2026-09-12 12:25:25,278 [INFO] Token yenilendi: eyJzaWQiOiJhYzAzNmRm...
2026-09-12 12:25:25,398 [WARNING] Sayfa 1: HTTP 429
2026-09-12 12:25:25,399 [WARNING] Site engelliyor — run atlaniyor
2026-09-12 12:28:24,313 [INFO] ============================================================
2026-09-12 12:28:24,313 [INFO] MSGKO Scraper v4 — 2026-09-12 12:28:24
2026-09-12 12:28:24,313 [INFO] Kanal [9]: Destan 3 (serverType=13)
2026-09-12 12:28:25,398 [INFO] Token alindi: eyJzaWQiOiJkNzA1NDkz...
2026-09-12 12:28:25,398 [INFO] [Destan 3] Sayfa 1 cekiliyor...
2026-09-12 12:28:26,547 [WARNING] Sayfa 1: HTTP 429
2026-09-12 12:28:26,547 [INFO] 60sn bekleniyor...
2026-09-12 12:29:26,675 [INFO] Token yenilendi: eyJzaWQiOiJkNzA1NDkz...
2026-09-12 12:29:26,794 [WARNING] Sayfa 1: HTTP 429
2026-09-12 12:29:26,794 [INFO] 120sn bekleniyor...
2026-09-12 12:31:26,958 [INFO] Token yenilendi: eyJzaWQiOiJkNzA1NDkz...
2026-09-12 12:31:27,082 [WARNING] Sayfa 1: HTTP 429
2026-09-12 12:31:27,082 [WARNING] Site engelliyor — run atlaniyor
2026-09-12 12:34:24,325 [INFO] ============================================================
2026-09-12 12:34:24,325 [INFO] MSGKO Scraper v4 — 2026-09-12 12:34:24
2026-09-12 12:34:24,325 [INFO] Kanal [0]: Zero 3 (serverType=0)
2026-09-12 12:34:24,820 [INFO] Token alindi: eyJzaWQiOiI0N2EwODA4...
2026-09-12 12:34:24,820 [INFO] [Zero 3] Sayfa 1 cekiliyor...
2026-09-12 12:34:25,122 [INFO] Baglanti OK!
2026-09-12 12:34:25,196 [INFO]   [Zero 3] Sayfa   1: 192 ilan (toplam=  192, 0s)
2026-09-12 12:34:25,928 [INFO]   [Zero 3] Sayfa   2: 192 ilan (toplam=  384, 1s)
2026-09-12 12:34:26,661 [INFO]   [Zero 3] Sayfa   3: 192 ilan (toplam=  576, 2s)
2026-09-12 12:34:27,439 [INFO]   [Zero 3] Sayfa   4: 192 ilan (toplam=  768, 3s)
2026-09-12 12:34:28,234 [INFO]   [Zero 3] Sayfa   5: 192 ilan (toplam=  960, 3s)
2026-09-12 12:34:28,971 [INFO]   [Zero 3] Sayfa   6: 192 ilan (toplam= 1152, 4s)
2026-09-12 12:34:29,714 [INFO]   [Zero 3] Sayfa   7: 192 ilan (toplam= 1344, 5s)
2026-09-12 12:34:30,449 [INFO]   [Zero 3] Sayfa   8: 192 ilan (toplam= 1536, 6s)
2026-09-12 12:34:31,225 [INFO]   [Zero 3] Sayfa   9: 192 ilan (toplam= 1728, 6s)
2026-09-12 12:34:31,951 [INFO]   [Zero 3] Sayfa  10: 192 ilan (toplam= 1920, 7s)
2026-09-12 12:34:33,687 [INFO]   [Zero 3] Sayfa  11: 192 ilan (toplam= 2112, 9s)
2026-09-12 12:34:34,452 [INFO]   [Zero 3] Sayfa  12: 192 ilan (toplam= 2304, 10s)
2026-09-12 12:34:35,193 [INFO]   [Zero 3] Sayfa  13: 192 ilan (toplam= 2496, 10s)
2026-09-12 12:34:35,976 [INFO]   [Zero 3] Sayfa  14: 192 ilan (toplam= 2688, 11s)
2026-09-12 12:34:36,722 [INFO]   [Zero 3] Sayfa  15: 192 ilan (toplam= 2880, 12s)
2026-09-12 12:34:37,885 [INFO]   [Zero 3] Sayfa 16: 0 ilan (bos: 1)
2026-09-12 12:34:39,595 [INFO]   [Zero 3] Sayfa  17: 192 ilan (toplam= 3072, 15s)
2026-09-12 12:34:40,348 [INFO]   [Zero 3] Sayfa  18: 192 ilan (toplam= 3264, 16s)
2026-09-12 12:34:41,933 [INFO]   [Zero 3] Sayfa  19: 192 ilan (toplam= 3456, 17s)
2026-09-12 12:34:42,667 [INFO]   [Zero 3] Sayfa  20: 192 ilan (toplam= 3648, 18s)
2026-09-12 12:34:43,411 [INFO]   [Zero 3] Sayfa  21: 192 ilan (toplam= 3840, 19s)
2026-09-12 12:34:44,160 [INFO]   [Zero 3] Sayfa  22: 192 ilan (toplam= 4032, 19s)
2026-09-12 12:34:44,954 [INFO]   [Zero 3] Sayfa  23: 192 ilan (toplam= 4224, 20s)
2026-09-12 12:34:45,702 [INFO]   [Zero 3] Sayfa  24: 192 ilan (toplam= 4416, 21s)
2026-09-12 12:34:47,308 [INFO]   [Zero 3] Sayfa  25: 192 ilan (toplam= 4608, 22s)
2026-09-12 12:34:48,069 [INFO]   [Zero 3] Sayfa  26: 192 ilan (toplam= 4800, 23s)
2026-09-12 12:34:48,809 [INFO]   [Zero 3] Sayfa  27: 192 ilan (toplam= 4992, 24s)
2026-09-12 12:34:49,542 [INFO]   [Zero 3] Sayfa  28: 192 ilan (toplam= 5184, 25s)
2026-09-12 12:34:50,307 [INFO]   [Zero 3] Sayfa  29: 192 ilan (toplam= 5376, 25s)
2026-09-12 12:34:51,060 [INFO]   [Zero 3] Sayfa  30: 192 ilan (toplam= 5568, 26s)
2026-09-12 12:34:51,681 [WARNING]   [Zero 3] p31 → 429 — 60sn bekleniyor
2026-09-12 12:35:52,017 [INFO] Token yenilendi: eyJzaWQiOiI0N2EwODA4...
2026-09-12 12:35:52,143 [WARNING]   [Zero 3] p31 → 429 — 120sn bekleniyor
2026-09-12 12:37:52,268 [INFO] Token yenilendi: eyJzaWQiOiI0N2EwODA4...
2026-09-12 12:37:52,393 [WARNING]   [Zero 3] p31 → 429 — 180sn bekleniyor
2026-09-12 12:40:52,530 [INFO] Token yenilendi: eyJzaWQiOiI0N2EwODA4...
2026-09-12 12:40:52,530 [WARNING]   [Zero 3] Sayfa 31 alinamadi — bitti
2026-09-12 12:40:52,530 [INFO] [Zero 3] TOPLAM: 5568 ilan
2026-09-12 12:41:03,140 [INFO] [zero3] 5568 ilan yazildi (10185ms)
2026-09-12 12:41:03,140 [INFO] Tamamlandi — 398sn
2026-09-12 12:41:03,140 [INFO] ============================================================
2026-09-12 12:43:24,343 [INFO] ============================================================
2026-09-12 12:43:24,343 [INFO] MSGKO Scraper v4 — 2026-09-12 12:43:24
2026-09-12 12:43:24,344 [INFO] Kanal [1]: Zero 4 (serverType=5)
2026-09-12 12:43:24,825 [INFO] Token alindi: eyJzaWQiOiJkYmMzYTZk...
2026-09-12 12:43:24,825 [INFO] [Zero 4] Sayfa 1 cekiliyor...
2026-09-12 12:43:25,965 [WARNING] Sayfa 1: HTTP 429
2026-09-12 12:43:25,965 [INFO] 60sn bekleniyor...
2026-09-12 12:44:26,079 [INFO] Token yenilendi: eyJzaWQiOiJkYmMzYTZk...
2026-09-12 12:44:26,203 [WARNING] Sayfa 1: HTTP 429
2026-09-12 12:44:26,203 [INFO] 120sn bekleniyor...
2026-09-12 12:46:26,361 [INFO] Token yenilendi: eyJzaWQiOiJkYmMzYTZk...
2026-09-12 12:46:26,517 [WARNING] Sayfa 1: HTTP 429
2026-09-12 12:46:26,517 [WARNING] Site engelliyor — run atlaniyor
2026-09-12 12:49:24,351 [INFO] ============================================================
2026-09-12 12:49:24,352 [INFO] MSGKO Scraper v4 — 2026-09-12 12:49:24
2026-09-12 12:49:24,352 [INFO] Kanal [2]: Zero 5 (serverType=8)
2026-09-12 12:49:24,863 [INFO] Token alindi: eyJzaWQiOiJhZWJlMDYx...
2026-09-12 12:49:24,863 [INFO] [Zero 5] Sayfa 1 cekiliyor...
2026-09-12 12:49:24,987 [WARNING] Sayfa 1: HTTP 429
2026-09-12 12:49:24,987 [INFO] 60sn bekleniyor...
2026-09-12 12:50:25,108 [INFO] Token yenilendi: eyJzaWQiOiJhZWJlMDYx...
2026-09-12 12:50:25,227 [WARNING] Sayfa 1: HTTP 429
2026-09-12 12:50:25,227 [INFO] 120sn bekleniyor...
2026-09-12 12:52:25,340 [INFO] Token yenilendi: eyJzaWQiOiJhZWJlMDYx...
2026-09-12 12:52:25,452 [WARNING] Sayfa 1: HTTP 429
2026-09-12 12:52:25,452 [WARNING] Site engelliyor — run atlaniyor
2026-09-12 12:55:24,390 [INFO] ============================================================
2026-09-12 12:55:24,391 [INFO] MSGKO Scraper v4 — 2026-09-12 12:55:24
2026-09-12 12:55:24,391 [INFO] Kanal [3]: Zero 8 (serverType=15)
2026-09-12 12:55:24,846 [INFO] Token alindi: eyJzaWQiOiI2Mjg5MWRi...
2026-09-12 12:55:24,846 [INFO] [Zero 8] Sayfa 1 cekiliyor...
2026-09-12 12:55:24,968 [WARNING] Sayfa 1: HTTP 429
2026-09-12 12:55:24,968 [INFO] 60sn bekleniyor...
2026-09-12 12:56:25,091 [INFO] Token yenilendi: eyJzaWQiOiI2Mjg5MWRi...
2026-09-12 12:56:25,199 [WARNING] Sayfa 1: HTTP 429
2026-09-12 12:56:25,199 [INFO] 120sn bekleniyor...
2026-09-12 12:58:25,317 [INFO] Token yenilendi: eyJzaWQiOiI2Mjg5MWRi...
2026-09-12 12:58:25,428 [WARNING] Sayfa 1: HTTP 429
2026-09-12 12:58:25,428 [WARNING] Site engelliyor — run atlaniyor
2026-09-12 13:01:24,391 [INFO] ============================================================
2026-09-12 13:01:24,391 [INFO] MSGKO Scraper v4 — 2026-09-12 13:01:24
2026-09-12 13:01:24,391 [INFO] Kanal [4]: Agartha 3 (serverType=1)
2026-09-12 13:01:24,843 [INFO] Token alindi: eyJzaWQiOiJlNTY1ZWQ1...
2026-09-12 13:01:24,843 [INFO] [Agartha 3] Sayfa 1 cekiliyor...
2026-09-12 13:01:24,966 [WARNING] Sayfa 1: HTTP 429
2026-09-12 13:01:24,966 [INFO] 60sn bekleniyor...
2026-09-12 13:02:25,097 [INFO] Token yenilendi: eyJzaWQiOiJlNTY1ZWQ1...
2026-09-12 13:02:25,201 [WARNING] Sayfa 1: HTTP 429
2026-09-12 13:02:25,201 [INFO] 120sn bekleniyor...
2026-09-12 13:04:25,593 [INFO] Token yenilendi: eyJzaWQiOiJlNTY1ZWQ1...
2026-09-12 13:04:25,703 [WARNING] Sayfa 1: HTTP 429
2026-09-12 13:04:25,703 [WARNING] Site engelliyor — run atlaniyor
2026-09-12 13:07:24,409 [INFO] ============================================================
2026-09-12 13:07:24,409 [INFO] MSGKO Scraper v4 — 2026-09-12 13:07:24
2026-09-12 13:07:24,409 [INFO] Kanal [5]: Agartha 4 (serverType=12)
2026-09-12 13:07:26,869 [INFO] Token alindi: eyJzaWQiOiI3N2RiY2Ey...
2026-09-12 13:07:26,869 [INFO] [Agartha 4] Sayfa 1 cekiliyor...
2026-09-12 13:07:27,083 [INFO] Baglanti OK!
2026-09-12 13:07:27,155 [INFO]   [Agartha 4] Sayfa   1: 192 ilan (toplam=  192, 2s)
2026-09-12 13:07:28,965 [INFO]   [Agartha 4] Sayfa   2: 192 ilan (toplam=  384, 4s)
2026-09-12 13:07:29,827 [INFO]   [Agartha 4] Sayfa   3: 192 ilan (toplam=  576, 5s)
2026-09-12 13:07:30,600 [INFO]   [Agartha 4] Sayfa   4: 192 ilan (toplam=  768, 6s)
2026-09-12 13:07:31,453 [INFO]   [Agartha 4] Sayfa   5: 192 ilan (toplam=  960, 7s)
2026-09-12 13:07:32,249 [INFO]   [Agartha 4] Sayfa   6: 192 ilan (toplam= 1152, 7s)
2026-09-12 13:07:33,517 [INFO]   [Agartha 4] Sayfa   7: 192 ilan (toplam= 1344, 9s)
2026-09-12 13:07:34,613 [INFO]   [Agartha 4] Sayfa   8: 192 ilan (toplam= 1536, 10s)
2026-09-12 13:07:35,864 [INFO]   [Agartha 4] Sayfa   9: 192 ilan (toplam= 1728, 11s)
2026-09-12 13:07:36,612 [INFO]   [Agartha 4] Sayfa  10: 192 ilan (toplam= 1920, 12s)
2026-09-12 13:07:38,163 [INFO]   [Agartha 4] Sayfa  11: 192 ilan (toplam= 2112, 13s)
2026-09-12 13:07:39,035 [INFO]   [Agartha 4] Sayfa  12: 192 ilan (toplam= 2304, 14s)
2026-09-12 13:07:39,831 [INFO]   [Agartha 4] Sayfa  13: 192 ilan (toplam= 2496, 15s)
2026-09-12 13:07:40,627 [INFO]   [Agartha 4] Sayfa  14: 192 ilan (toplam= 2688, 16s)
2026-09-12 13:07:41,389 [INFO]   [Agartha 4] Sayfa  15: 192 ilan (toplam= 2880, 16s)
2026-09-12 13:07:42,329 [INFO]   [Agartha 4] Sayfa  16: 192 ilan (toplam= 3072, 17s)
2026-09-12 13:07:43,192 [INFO]   [Agartha 4] Sayfa  17: 192 ilan (toplam= 3264, 18s)
2026-09-12 13:07:43,971 [INFO]   [Agartha 4] Sayfa  18: 192 ilan (toplam= 3456, 19s)
2026-09-12 13:07:44,749 [INFO]   [Agartha 4] Sayfa  19: 192 ilan (toplam= 3648, 20s)
2026-09-12 13:07:45,575 [INFO]   [Agartha 4] Sayfa  20: 192 ilan (toplam= 3840, 21s)
2026-09-12 13:07:46,453 [INFO]   [Agartha 4] Sayfa  21: 192 ilan (toplam= 4032, 22s)
2026-09-12 13:07:47,220 [INFO]   [Agartha 4] Sayfa  22: 192 ilan (toplam= 4224, 22s)
2026-09-12 13:07:48,001 [INFO]   [Agartha 4] Sayfa  23: 192 ilan (toplam= 4416, 23s)
2026-09-12 13:07:49,600 [INFO]   [Agartha 4] Sayfa  24: 192 ilan (toplam= 4608, 25s)
2026-09-12 13:07:51,155 [INFO]   [Agartha 4] Sayfa  25: 192 ilan (toplam= 4800, 26s)
2026-09-12 13:07:51,914 [INFO]   [Agartha 4] Sayfa  26: 192 ilan (toplam= 4992, 27s)
2026-09-12 13:07:54,087 [INFO]   [Agartha 4] Sayfa  27: 192 ilan (toplam= 5184, 29s)
2026-09-12 13:07:55,057 [INFO]   [Agartha 4] Sayfa  28: 192 ilan (toplam= 5376, 30s)
2026-09-12 13:07:56,740 [INFO]   [Agartha 4] Sayfa  29: 192 ilan (toplam= 5568, 32s)
2026-09-12 13:07:58,604 [INFO]   [Agartha 4] Sayfa  30: 192 ilan (toplam= 5760, 34s)
2026-09-12 13:07:59,236 [WARNING]   [Agartha 4] p31 → 429 — 60sn bekleniyor
2026-09-12 13:08:59,418 [INFO] Token yenilendi: eyJzaWQiOiI3N2RiY2Ey...
2026-09-12 13:08:59,572 [WARNING]   [Agartha 4] p31 → 429 — 120sn bekleniyor
2026-09-12 13:11:00,694 [INFO] Token yenilendi: eyJzaWQiOiI3N2RiY2Ey...
2026-09-12 13:11:00,939 [WARNING]   [Agartha 4] p31 → 429 — 180sn bekleniyor
2026-09-12 13:14:01,075 [INFO] Token yenilendi: eyJzaWQiOiI3N2RiY2Ey...
2026-09-12 13:14:01,075 [WARNING]   [Agartha 4] Sayfa 31 alinamadi — bitti
2026-09-12 13:14:01,075 [INFO] [Agartha 4] TOPLAM: 5760 ilan
2026-09-12 13:14:10,577 [INFO] [agartha4] 5760 ilan yazildi (9119ms)
2026-09-12 13:14:10,577 [INFO] Tamamlandi — 406sn
2026-09-12 13:14:10,577 [INFO] ============================================================
2026-09-12 13:16:24,423 [INFO] ============================================================
2026-09-12 13:16:24,423 [INFO] MSGKO Scraper v4 — 2026-09-12 13:16:24
2026-09-12 13:16:24,423 [INFO] Kanal [6]: Pandora 3 (serverType=2)
2026-09-12 13:16:24,912 [INFO] Token alindi: eyJzaWQiOiI1YTUwZWJh...
2026-09-12 13:16:24,912 [INFO] [Pandora 3] Sayfa 1 cekiliyor...
2026-09-12 13:16:25,094 [WARNING] Sayfa 1: HTTP 429
2026-09-12 13:16:25,094 [INFO] 60sn bekleniyor...
2026-09-12 13:17:25,320 [INFO] Token yenilendi: eyJzaWQiOiI1YTUwZWJh...
2026-09-12 13:17:25,441 [WARNING] Sayfa 1: HTTP 429
2026-09-12 13:17:25,441 [INFO] 120sn bekleniyor...
2026-09-12 13:19:25,563 [INFO] Token yenilendi: eyJzaWQiOiI1YTUwZWJh...
2026-09-12 13:19:26,842 [WARNING] Sayfa 1: HTTP 429
2026-09-12 13:19:26,842 [WARNING] Site engelliyor — run atlaniyor
2026-09-12 13:22:24,445 [INFO] ============================================================
2026-09-12 13:22:24,445 [INFO] MSGKO Scraper v4 — 2026-09-12 13:22:24
2026-09-12 13:22:24,445 [INFO] Kanal [7]: Pandora 4 (serverType=11)
2026-09-12 13:22:25,657 [INFO] Token alindi: eyJzaWQiOiJjMjkwNWNj...
2026-09-12 13:22:25,657 [INFO] [Pandora 4] Sayfa 1 cekiliyor...
2026-09-12 13:22:25,774 [WARNING] Sayfa 1: HTTP 429
2026-09-12 13:22:25,774 [INFO] 60sn bekleniyor...
2026-09-12 13:23:25,901 [INFO] Token yenilendi: eyJzaWQiOiJjMjkwNWNj...
2026-09-12 13:23:25,996 [WARNING] Sayfa 1: HTTP 429
2026-09-12 13:23:25,996 [INFO] 120sn bekleniyor...
2026-09-12 13:25:26,156 [INFO] Token yenilendi: eyJzaWQiOiJjMjkwNWNj...
2026-09-12 13:25:26,267 [WARNING] Sayfa 1: HTTP 429
2026-09-12 13:25:26,267 [WARNING] Site engelliyor — run atlaniyor
2026-09-12 13:28:24,459 [INFO] ============================================================
2026-09-12 13:28:24,460 [INFO] MSGKO Scraper v4 — 2026-09-12 13:28:24
2026-09-12 13:28:24,460 [INFO] Kanal [8]: Destan 2 (serverType=4)
2026-09-12 13:28:25,204 [INFO] Token alindi: eyJzaWQiOiJkNGI2Yjk5...
2026-09-12 13:28:25,204 [INFO] [Destan 2] Sayfa 1 cekiliyor...
2026-09-12 13:28:25,403 [WARNING] Sayfa 1: HTTP 429
2026-09-12 13:28:25,403 [INFO] 60sn bekleniyor...
2026-09-12 13:29:25,599 [INFO] Token yenilendi: eyJzaWQiOiJkNGI2Yjk5...
2026-09-12 13:29:25,808 [WARNING] Sayfa 1: HTTP 429
2026-09-12 13:29:25,808 [INFO] 120sn bekleniyor...
2026-09-12 13:31:26,097 [INFO] Token yenilendi: eyJzaWQiOiJkNGI2Yjk5...
2026-09-12 13:31:26,279 [WARNING] Sayfa 1: HTTP 429
2026-09-12 13:31:26,279 [WARNING] Site engelliyor — run atlaniyor
2026-09-12 13:34:24,475 [INFO] ============================================================
2026-09-12 13:34:24,475 [INFO] MSGKO Scraper v4 — 2026-09-12 13:34:24
2026-09-12 13:34:24,475 [INFO] Kanal [9]: Destan 3 (serverType=13)
2026-09-12 13:34:25,325 [INFO] Token alindi: eyJzaWQiOiJhOTgzMjBk...
2026-09-12 13:34:25,325 [INFO] [Destan 3] Sayfa 1 cekiliyor...
2026-09-12 13:34:25,478 [WARNING] Sayfa 1: HTTP 429
2026-09-12 13:34:25,478 [INFO] 60sn bekleniyor...
2026-09-12 13:35:25,614 [INFO] Token yenilendi: eyJzaWQiOiJhOTgzMjBk...
2026-09-12 13:35:25,736 [WARNING] Sayfa 1: HTTP 429
2026-09-12 13:35:25,736 [INFO] 120sn bekleniyor...
2026-09-12 13:37:25,880 [INFO] Token yenilendi: eyJzaWQiOiJhOTgzMjBk...
2026-09-12 13:37:26,002 [WARNING] Sayfa 1: HTTP 429
2026-09-12 13:37:26,003 [WARNING] Site engelliyor — run atlaniyor
2026-09-12 13:40:24,511 [INFO] ============================================================
2026-09-12 13:40:24,511 [INFO] MSGKO Scraper v4 — 2026-09-12 13:40:24
2026-09-12 13:40:24,512 [INFO] Kanal [0]: Zero 3 (serverType=0)
2026-09-12 13:40:25,098 [INFO] Token alindi: eyJzaWQiOiIxNjRlOTVi...
2026-09-12 13:40:25,098 [INFO] [Zero 3] Sayfa 1 cekiliyor...
2026-09-12 13:40:27,096 [INFO] Baglanti OK!
2026-09-12 13:40:27,187 [INFO]   [Zero 3] Sayfa   1: 192 ilan (toplam=  192, 2s)
2026-09-12 13:40:28,813 [INFO]   [Zero 3] Sayfa   2: 192 ilan (toplam=  384, 4s)
2026-09-12 13:40:30,728 [INFO]   [Zero 3] Sayfa   3: 192 ilan (toplam=  576, 6s)
2026-09-12 13:40:31,577 [INFO]   [Zero 3] Sayfa   4: 192 ilan (toplam=  768, 7s)
2026-09-12 13:40:32,435 [INFO]   [Zero 3] Sayfa   5: 192 ilan (toplam=  960, 7s)
2026-09-12 13:40:33,816 [INFO]   [Zero 3] Sayfa   6: 192 ilan (toplam= 1152, 9s)
2026-09-12 13:40:34,672 [INFO]   [Zero 3] Sayfa   7: 192 ilan (toplam= 1344, 10s)
2026-09-12 13:40:36,488 [INFO]   [Zero 3] Sayfa   8: 192 ilan (toplam= 1536, 11s)
2026-09-12 13:40:37,340 [INFO]   [Zero 3] Sayfa   9: 192 ilan (toplam= 1728, 12s)
2026-09-12 13:40:38,183 [INFO]   [Zero 3] Sayfa  10: 192 ilan (toplam= 1920, 13s)
2026-09-12 13:40:40,515 [INFO]   [Zero 3] Sayfa  11: 192 ilan (toplam= 2112, 16s)
2026-09-12 13:40:41,526 [INFO]   [Zero 3] Sayfa  12: 192 ilan (toplam= 2304, 17s)
2026-09-12 13:40:42,351 [INFO]   [Zero 3] Sayfa  13: 192 ilan (toplam= 2496, 17s)
2026-09-12 13:40:43,999 [INFO]   [Zero 3] Sayfa  14: 192 ilan (toplam= 2688, 19s)
2026-09-12 13:40:46,020 [INFO]   [Zero 3] Sayfa  15: 192 ilan (toplam= 2880, 21s)
2026-09-12 13:40:46,858 [INFO]   [Zero 3] Sayfa  16: 192 ilan (toplam= 3072, 22s)
2026-09-12 13:40:47,687 [INFO]   [Zero 3] Sayfa  17: 192 ilan (toplam= 3264, 23s)
2026-09-12 13:40:49,466 [INFO]   [Zero 3] Sayfa  18: 192 ilan (toplam= 3456, 24s)
2026-09-12 13:40:50,324 [INFO]   [Zero 3] Sayfa  19: 192 ilan (toplam= 3648, 25s)
2026-09-12 13:40:52,197 [INFO]   [Zero 3] Sayfa  20: 192 ilan (toplam= 3840, 27s)
2026-09-12 13:40:54,012 [INFO]   [Zero 3] Sayfa  21: 192 ilan (toplam= 4032, 29s)
2026-09-12 13:40:55,286 [INFO]   [Zero 3] Sayfa  22: 192 ilan (toplam= 4224, 30s)
2026-09-12 13:40:57,215 [INFO]   [Zero 3] Sayfa  23: 192 ilan (toplam= 4416, 32s)
2026-09-12 13:40:58,798 [INFO]   [Zero 3] Sayfa  24: 192 ilan (toplam= 4608, 34s)
2026-09-12 13:41:00,074 [INFO]   [Zero 3] Sayfa  25: 192 ilan (toplam= 4800, 35s)
2026-09-12 13:41:01,005 [INFO]   [Zero 3] Sayfa  26: 192 ilan (toplam= 4992, 36s)
2026-09-12 13:41:01,870 [INFO]   [Zero 3] Sayfa  27: 192 ilan (toplam= 5184, 37s)
2026-09-12 13:41:02,735 [INFO]   [Zero 3] Sayfa  28: 192 ilan (toplam= 5376, 38s)
2026-09-12 13:41:04,603 [INFO]   [Zero 3] Sayfa  29: 192 ilan (toplam= 5568, 40s)
2026-09-12 13:41:05,470 [INFO]   [Zero 3] Sayfa  30: 192 ilan (toplam= 5760, 40s)
2026-09-12 13:41:06,180 [WARNING]   [Zero 3] p31 → 429 — 60sn bekleniyor
2026-09-12 13:42:06,385 [INFO] Token yenilendi: eyJzaWQiOiIxNjRlOTVi...
2026-09-12 13:42:06,597 [WARNING]   [Zero 3] p31 → 429 — 120sn bekleniyor
2026-09-12 13:44:06,893 [INFO] Token yenilendi: eyJzaWQiOiIxNjRlOTVi...
2026-09-12 13:44:07,116 [WARNING]   [Zero 3] p31 → 429 — 180sn bekleniyor
2026-09-12 13:47:07,418 [INFO] Token yenilendi: eyJzaWQiOiIxNjRlOTVi...
2026-09-12 13:47:07,418 [WARNING]   [Zero 3] Sayfa 31 alinamadi — bitti
2026-09-12 13:47:07,418 [INFO] [Zero 3] TOPLAM: 5760 ilan
2026-09-12 13:47:16,903 [INFO] [zero3] 5760 ilan yazildi (9190ms)
2026-09-12 13:47:16,904 [INFO] Tamamlandi — 412sn
2026-09-12 13:47:16,904 [INFO] ============================================================
2026-09-12 13:49:24,517 [INFO] ============================================================
2026-09-12 13:49:24,518 [INFO] MSGKO Scraper v4 — 2026-09-12 13:49:24
2026-09-12 13:49:24,518 [INFO] Kanal [1]: Zero 4 (serverType=5)
2026-09-12 13:49:26,082 [INFO] Token alindi: eyJzaWQiOiJhZmEzNTRi...
2026-09-12 13:49:26,083 [INFO] [Zero 4] Sayfa 1 cekiliyor...
2026-09-12 13:49:26,198 [WARNING] Sayfa 1: HTTP 429
2026-09-12 13:49:26,198 [INFO] 60sn bekleniyor...
2026-09-12 13:50:26,663 [INFO] Token yenilendi: eyJzaWQiOiJhZmEzNTRi...
2026-09-12 13:50:26,816 [WARNING] Sayfa 1: HTTP 429
2026-09-12 13:50:26,816 [INFO] 120sn bekleniyor...
2026-09-12 13:52:26,935 [INFO] Token yenilendi: eyJzaWQiOiJhZmEzNTRi...
2026-09-12 13:52:27,043 [WARNING] Sayfa 1: HTTP 429
2026-09-12 13:52:27,043 [WARNING] Site engelliyor — run atlaniyor
2026-09-12 13:55:24,539 [INFO] ============================================================
2026-09-12 13:55:24,539 [INFO] MSGKO Scraper v4 — 2026-09-12 13:55:24
2026-09-12 13:55:24,539 [INFO] Kanal [2]: Zero 5 (serverType=8)
2026-09-12 13:55:24,967 [INFO] Token alindi: eyJzaWQiOiI1NmExMDlk...
2026-09-12 13:55:24,967 [INFO] [Zero 5] Sayfa 1 cekiliyor...
2026-09-12 13:55:25,091 [WARNING] Sayfa 1: HTTP 429
2026-09-12 13:55:25,091 [INFO] 60sn bekleniyor...
2026-09-12 13:56:25,255 [INFO] Token yenilendi: eyJzaWQiOiI1NmExMDlk...
2026-09-12 13:56:25,360 [WARNING] Sayfa 1: HTTP 429
2026-09-12 13:56:25,360 [INFO] 120sn bekleniyor...
2026-09-12 13:58:25,458 [INFO] Token yenilendi: eyJzaWQiOiI1NmExMDlk...
2026-09-12 13:58:25,578 [WARNING] Sayfa 1: HTTP 429
2026-09-12 13:58:25,578 [WARNING] Site engelliyor — run atlaniyor
2026-09-12 14:01:24,534 [INFO] ============================================================
2026-09-12 14:01:24,534 [INFO] MSGKO Scraper v4 — 2026-09-12 14:01:24
2026-09-12 14:01:24,535 [INFO] Kanal [3]: Zero 8 (serverType=15)
2026-09-12 14:01:25,887 [INFO] Token alindi: eyJzaWQiOiI2OTA2NDVj...
2026-09-12 14:01:25,887 [INFO] [Zero 8] Sayfa 1 cekiliyor...
2026-09-12 14:01:26,203 [WARNING] Sayfa 1: HTTP 429
2026-09-12 14:01:26,203 [INFO] 60sn bekleniyor...
2026-09-12 14:02:26,642 [INFO] Token yenilendi: eyJzaWQiOiI2OTA2NDVj...
2026-09-12 14:02:27,672 [WARNING] Sayfa 1: HTTP 429
2026-09-12 14:02:27,672 [INFO] 120sn bekleniyor...
2026-09-12 14:04:28,183 [INFO] Token yenilendi: eyJzaWQiOiI2OTA2NDVj...
2026-09-12 14:04:29,605 [WARNING] Sayfa 1: HTTP 429
2026-09-12 14:04:29,605 [WARNING] Site engelliyor — run atlaniyor
2026-09-12 14:07:24,546 [INFO] ============================================================
2026-09-12 14:07:24,546 [INFO] MSGKO Scraper v4 — 2026-09-12 14:07:24
2026-09-12 14:07:24,546 [INFO] Kanal [4]: Agartha 3 (serverType=1)
2026-09-12 14:07:25,176 [INFO] Token alindi: eyJzaWQiOiI0NDUyNTIz...
2026-09-12 14:07:25,176 [INFO] [Agartha 3] Sayfa 1 cekiliyor...
2026-09-12 14:07:25,335 [WARNING] Sayfa 1: HTTP 429
2026-09-12 14:07:25,335 [INFO] 60sn bekleniyor...
2026-09-12 14:08:25,597 [INFO] Token yenilendi: eyJzaWQiOiI0NDUyNTIz...
2026-09-12 14:08:25,905 [WARNING] Sayfa 1: HTTP 429
2026-09-12 14:08:25,905 [INFO] 120sn bekleniyor...
2026-09-12 14:10:26,029 [INFO] Token yenilendi: eyJzaWQiOiI0NDUyNTIz...
2026-09-12 14:10:26,145 [WARNING] Sayfa 1: HTTP 429
2026-09-12 14:10:26,145 [WARNING] Site engelliyor — run atlaniyor
2026-09-12 14:13:24,576 [INFO] ============================================================
2026-09-12 14:13:24,576 [INFO] MSGKO Scraper v4 — 2026-09-12 14:13:24
2026-09-12 14:13:24,576 [INFO] Kanal [5]: Agartha 4 (serverType=12)
2026-09-12 14:13:25,019 [INFO] Token alindi: eyJzaWQiOiJlNGIzZmU0...
2026-09-12 14:13:25,020 [INFO] [Agartha 4] Sayfa 1 cekiliyor...
2026-09-12 14:13:25,503 [INFO] Baglanti OK!
2026-09-12 14:13:25,577 [INFO]   [Agartha 4] Sayfa   1: 192 ilan (toplam=  192, 1s)
2026-09-12 14:13:26,316 [INFO]   [Agartha 4] Sayfa   2: 192 ilan (toplam=  384, 1s)
2026-09-12 14:13:27,057 [INFO]   [Agartha 4] Sayfa   3: 192 ilan (toplam=  576, 2s)
2026-09-12 14:13:28,222 [INFO]   [Agartha 4] Sayfa   4: 192 ilan (toplam=  768, 3s)
2026-09-12 14:13:28,964 [INFO]   [Agartha 4] Sayfa   5: 192 ilan (toplam=  960, 4s)
2026-09-12 14:13:30,252 [INFO]   [Agartha 4] Sayfa   6: 192 ilan (toplam= 1152, 5s)
2026-09-12 14:13:31,016 [INFO]   [Agartha 4] Sayfa   7: 192 ilan (toplam= 1344, 6s)
2026-09-12 14:13:32,414 [INFO]   [Agartha 4] Sayfa   8: 192 ilan (toplam= 1536, 7s)
2026-09-12 14:13:33,813 [INFO]   [Agartha 4] Sayfa   9: 192 ilan (toplam= 1728, 9s)
2026-09-12 14:13:35,524 [INFO]   [Agartha 4] Sayfa  10: 192 ilan (toplam= 1920, 10s)
2026-09-12 14:13:36,426 [INFO]   [Agartha 4] Sayfa  11: 192 ilan (toplam= 2112, 11s)
2026-09-12 14:13:37,149 [INFO]   [Agartha 4] Sayfa  12: 192 ilan (toplam= 2304, 12s)
2026-09-12 14:13:37,871 [INFO]   [Agartha 4] Sayfa  13: 192 ilan (toplam= 2496, 13s)
2026-09-12 14:13:38,608 [INFO]   [Agartha 4] Sayfa  14: 192 ilan (toplam= 2688, 14s)
2026-09-12 14:13:39,996 [INFO]   [Agartha 4] Sayfa 15: 0 ilan (bos: 1)
2026-09-12 14:13:41,284 [INFO]   [Agartha 4] Sayfa  16: 192 ilan (toplam= 2880, 16s)
2026-09-12 14:13:42,007 [INFO]   [Agartha 4] Sayfa  17: 192 ilan (toplam= 3072, 17s)
2026-09-12 14:13:42,739 [INFO]   [Agartha 4] Sayfa  18: 192 ilan (toplam= 3264, 18s)
2026-09-12 14:13:43,493 [INFO]   [Agartha 4] Sayfa  19: 192 ilan (toplam= 3456, 18s)
2026-09-12 14:13:44,235 [INFO]   [Agartha 4] Sayfa  20: 192 ilan (toplam= 3648, 19s)
2026-09-12 14:13:45,753 [INFO]   [Agartha 4] Sayfa  21: 192 ilan (toplam= 3840, 21s)
2026-09-12 14:13:46,502 [INFO]   [Agartha 4] Sayfa  22: 192 ilan (toplam= 4032, 21s)
2026-09-12 14:13:47,222 [INFO]   [Agartha 4] Sayfa  23: 192 ilan (toplam= 4224, 22s)
2026-09-12 14:13:47,954 [INFO]   [Agartha 4] Sayfa  24: 192 ilan (toplam= 4416, 23s)
2026-09-12 14:13:48,709 [INFO]   [Agartha 4] Sayfa  25: 192 ilan (toplam= 4608, 24s)
2026-09-12 14:13:50,023 [INFO]   [Agartha 4] Sayfa  26: 192 ilan (toplam= 4800, 25s)
2026-09-12 14:13:51,538 [INFO]   [Agartha 4] Sayfa  27: 192 ilan (toplam= 4992, 26s)
2026-09-12 14:13:52,299 [INFO]   [Agartha 4] Sayfa  28: 192 ilan (toplam= 5184, 27s)
2026-09-12 14:13:53,034 [INFO]   [Agartha 4] Sayfa  29: 192 ilan (toplam= 5376, 28s)
2026-09-12 14:13:54,850 [INFO]   [Agartha 4] Sayfa  30: 192 ilan (toplam= 5568, 30s)
2026-09-12 14:13:55,468 [WARNING]   [Agartha 4] p31 → 429 — 60sn bekleniyor
2026-09-12 14:14:55,612 [INFO] Token yenilendi: eyJzaWQiOiJlNGIzZmU0...
2026-09-12 14:14:55,726 [WARNING]   [Agartha 4] p31 → 429 — 120sn bekleniyor
2026-09-12 14:16:55,855 [INFO] Token yenilendi: eyJzaWQiOiJlNGIzZmU0...
2026-09-12 14:16:55,976 [WARNING]   [Agartha 4] p31 → 429 — 180sn bekleniyor
2026-09-12 14:19:56,099 [INFO] Token yenilendi: eyJzaWQiOiJlNGIzZmU0...
2026-09-12 14:19:56,099 [WARNING]   [Agartha 4] Sayfa 31 alinamadi — bitti
2026-09-12 14:19:56,100 [INFO] [Agartha 4] TOPLAM: 5568 ilan
2026-09-12 14:20:08,809 [ERROR] INSERT hatasi: 504 {"message":"Gateway Timeout"}
2026-09-12 14:20:12,499 [INFO] [agartha4] 5068 ilan yazildi (16085ms)
2026-09-12 14:20:12,500 [INFO] Tamamlandi — 407sn
2026-09-12 14:20:12,500 [INFO] ============================================================
2026-09-12 14:22:24,595 [INFO] ============================================================
2026-09-12 14:22:24,595 [INFO] MSGKO Scraper v4 — 2026-09-12 14:22:24
2026-09-12 14:22:24,595 [INFO] Kanal [6]: Pandora 3 (serverType=2)
2026-09-12 14:22:25,027 [INFO] Token alindi: eyJzaWQiOiJjODY2ZWFl...
2026-09-12 14:22:25,028 [INFO] [Pandora 3] Sayfa 1 cekiliyor...
2026-09-12 14:22:25,145 [WARNING] Sayfa 1: HTTP 429
2026-09-12 14:22:25,145 [INFO] 60sn bekleniyor...
2026-09-12 14:23:25,325 [INFO] Token yenilendi: eyJzaWQiOiJjODY2ZWFl...
2026-09-12 14:23:25,450 [WARNING] Sayfa 1: HTTP 429
2026-09-12 14:23:25,450 [INFO] 120sn bekleniyor...
2026-09-12 14:25:25,986 [INFO] Token yenilendi: eyJzaWQiOiJjODY2ZWFl...
2026-09-12 14:25:26,085 [WARNING] Sayfa 1: HTTP 429
2026-09-12 14:25:26,085 [WARNING] Site engelliyor — run atlaniyor
2026-09-12 14:28:25,418 [INFO] ============================================================
2026-09-12 14:28:25,418 [INFO] MSGKO Scraper v4 — 2026-09-12 14:28:25
2026-09-12 14:28:25,419 [INFO] Kanal [7]: Pandora 4 (serverType=11)
2026-09-12 14:28:25,885 [INFO] Token alindi: eyJzaWQiOiI3M2M3NDI1...
2026-09-12 14:28:25,886 [INFO] [Pandora 4] Sayfa 1 cekiliyor...
2026-09-12 14:28:25,997 [WARNING] Sayfa 1: HTTP 429
2026-09-12 14:28:25,997 [INFO] 60sn bekleniyor...
2026-09-12 14:29:26,147 [INFO] Token yenilendi: eyJzaWQiOiI3M2M3NDI1...
2026-09-12 14:29:26,265 [WARNING] Sayfa 1: HTTP 429
2026-09-12 14:29:26,265 [INFO] 120sn bekleniyor...
2026-09-12 14:31:26,390 [INFO] Token yenilendi: eyJzaWQiOiI3M2M3NDI1...
2026-09-12 14:31:26,499 [WARNING] Sayfa 1: HTTP 429
2026-09-12 14:31:26,499 [WARNING] Site engelliyor — run atlaniyor
2026-09-12 14:34:24,615 [INFO] ============================================================
2026-09-12 14:34:24,615 [INFO] MSGKO Scraper v4 — 2026-09-12 14:34:24
2026-09-12 14:34:24,615 [INFO] Kanal [8]: Destan 2 (serverType=4)
2026-09-12 14:34:25,068 [INFO] Token alindi: eyJzaWQiOiJmNDk5ZjZi...
2026-09-12 14:34:25,068 [INFO] [Destan 2] Sayfa 1 cekiliyor...
2026-09-12 14:34:25,183 [WARNING] Sayfa 1: HTTP 429
2026-09-12 14:34:25,183 [INFO] 60sn bekleniyor...
2026-09-12 14:35:25,303 [INFO] Token yenilendi: eyJzaWQiOiJmNDk5ZjZi...
2026-09-12 14:35:25,424 [WARNING] Sayfa 1: HTTP 429
2026-09-12 14:35:25,424 [INFO] 120sn bekleniyor...
2026-09-12 14:37:26,040 [INFO] Token yenilendi: eyJzaWQiOiJmNDk5ZjZi...
2026-09-12 14:37:26,212 [WARNING] Sayfa 1: HTTP 429
2026-09-12 14:37:26,212 [WARNING] Site engelliyor — run atlaniyor
2026-09-12 14:40:24,651 [INFO] ============================================================
2026-09-12 14:40:24,651 [INFO] MSGKO Scraper v4 — 2026-09-12 14:40:24
2026-09-12 14:40:24,652 [INFO] Kanal [9]: Destan 3 (serverType=13)
2026-09-12 14:40:25,788 [INFO] Token alindi: eyJzaWQiOiI2MmRkOTJh...
2026-09-12 14:40:25,789 [INFO] [Destan 3] Sayfa 1 cekiliyor...
2026-09-12 14:40:25,900 [WARNING] Sayfa 1: HTTP 429
2026-09-12 14:40:25,901 [INFO] 60sn bekleniyor...
2026-09-12 14:41:26,347 [INFO] Token yenilendi: eyJzaWQiOiI2MmRkOTJh...
2026-09-12 14:41:26,476 [WARNING] Sayfa 1: HTTP 429
2026-09-12 14:41:26,476 [INFO] 120sn bekleniyor...
2026-09-12 14:43:26,616 [INFO] Token yenilendi: eyJzaWQiOiI2MmRkOTJh...
2026-09-12 14:43:26,749 [WARNING] Sayfa 1: HTTP 429
2026-09-12 14:43:26,749 [WARNING] Site engelliyor — run atlaniyor
2026-09-12 14:46:24,632 [INFO] ============================================================
2026-09-12 14:46:24,632 [INFO] MSGKO Scraper v4 — 2026-09-12 14:46:24
2026-09-12 14:46:24,633 [INFO] Kanal [0]: Zero 3 (serverType=0)
2026-09-12 14:46:25,108 [INFO] Token alindi: eyJzaWQiOiJlYjMxOWZk...
2026-09-12 14:46:25,108 [INFO] [Zero 3] Sayfa 1 cekiliyor...
2026-09-12 14:46:25,304 [INFO] Baglanti OK!
2026-09-12 14:46:25,383 [INFO]   [Zero 3] Sayfa   1: 192 ilan (toplam=  192, 0s)
2026-09-12 14:46:27,148 [INFO]   [Zero 3] Sayfa   2: 192 ilan (toplam=  384, 2s)
2026-09-12 14:46:28,851 [INFO]   [Zero 3] Sayfa   3: 192 ilan (toplam=  576, 4s)
2026-09-12 14:46:30,429 [INFO]   [Zero 3] Sayfa   4: 192 ilan (toplam=  768, 5s)
2026-09-12 14:46:31,210 [INFO]   [Zero 3] Sayfa   5: 192 ilan (toplam=  960, 6s)
2026-09-12 14:46:31,955 [INFO]   [Zero 3] Sayfa   6: 192 ilan (toplam= 1152, 7s)
2026-09-12 14:46:32,776 [INFO]   [Zero 3] Sayfa   7: 192 ilan (toplam= 1344, 8s)
2026-09-12 14:46:34,278 [INFO]   [Zero 3] Sayfa   8: 192 ilan (toplam= 1536, 9s)
2026-09-12 14:46:35,063 [INFO]   [Zero 3] Sayfa   9: 192 ilan (toplam= 1728, 10s)
2026-09-12 14:46:36,880 [INFO]   [Zero 3] Sayfa  10: 192 ilan (toplam= 1920, 12s)
2026-09-12 14:46:37,653 [INFO]   [Zero 3] Sayfa  11: 192 ilan (toplam= 2112, 13s)
2026-09-12 14:46:38,423 [INFO]   [Zero 3] Sayfa  12: 192 ilan (toplam= 2304, 13s)
2026-09-12 14:46:39,179 [INFO]   [Zero 3] Sayfa  13: 192 ilan (toplam= 2496, 14s)
2026-09-12 14:46:39,925 [INFO]   [Zero 3] Sayfa  14: 192 ilan (toplam= 2688, 15s)
2026-09-12 14:46:41,229 [INFO]   [Zero 3] Sayfa  15: 192 ilan (toplam= 2880, 16s)
2026-09-12 14:46:41,974 [INFO]   [Zero 3] Sayfa  16: 192 ilan (toplam= 3072, 17s)
2026-09-12 14:46:42,730 [INFO]   [Zero 3] Sayfa  17: 192 ilan (toplam= 3264, 18s)
2026-09-12 14:46:43,542 [INFO]   [Zero 3] Sayfa  18: 192 ilan (toplam= 3456, 18s)
2026-09-12 14:46:44,301 [INFO]   [Zero 3] Sayfa  19: 192 ilan (toplam= 3648, 19s)
2026-09-12 14:46:45,815 [INFO]   [Zero 3] Sayfa  20: 192 ilan (toplam= 3840, 21s)
2026-09-12 14:46:46,609 [INFO]   [Zero 3] Sayfa  21: 192 ilan (toplam= 4032, 21s)
2026-09-12 14:46:47,376 [INFO]   [Zero 3] Sayfa  22: 192 ilan (toplam= 4224, 22s)
2026-09-12 14:46:48,149 [INFO]   [Zero 3] Sayfa  23: 192 ilan (toplam= 4416, 23s)
2026-09-12 14:46:49,879 [INFO]   [Zero 3] Sayfa  24: 192 ilan (toplam= 4608, 25s)
2026-09-12 14:46:51,274 [INFO]   [Zero 3] Sayfa  25: 192 ilan (toplam= 4800, 26s)
2026-09-12 14:46:52,793 [INFO]   [Zero 3] Sayfa  26: 192 ilan (toplam= 4992, 28s)
2026-09-12 14:46:54,329 [INFO]   [Zero 3] Sayfa  27: 192 ilan (toplam= 5184, 29s)
2026-09-12 14:46:55,617 [INFO]   [Zero 3] Sayfa  28: 192 ilan (toplam= 5376, 30s)
2026-09-12 14:46:56,419 [INFO]   [Zero 3] Sayfa  29: 192 ilan (toplam= 5568, 31s)
2026-09-12 14:46:57,176 [INFO]   [Zero 3] Sayfa  30: 192 ilan (toplam= 5760, 32s)
2026-09-12 14:46:57,971 [INFO]   [Zero 3] Sayfa  31: 192 ilan (toplam= 5952, 33s)
2026-09-12 14:46:59,697 [INFO]   [Zero 3] Sayfa  32: 192 ilan (toplam= 6144, 35s)
2026-09-12 14:47:00,442 [INFO]   [Zero 3] Sayfa  33: 192 ilan (toplam= 6336, 35s)
2026-09-12 14:47:01,243 [INFO]   [Zero 3] Sayfa  34: 192 ilan (toplam= 6528, 36s)
2026-09-12 14:47:02,957 [INFO]   [Zero 3] Sayfa  35: 192 ilan (toplam= 6720, 38s)
2026-09-12 14:47:04,428 [INFO]   [Zero 3] Sayfa  36: 192 ilan (toplam= 6912, 39s)
2026-09-12 14:47:06,283 [INFO]   [Zero 3] Sayfa  37: 192 ilan (toplam= 7104, 41s)
2026-09-12 14:47:07,082 [INFO]   [Zero 3] Sayfa  38: 192 ilan (toplam= 7296, 42s)
2026-09-12 14:47:07,921 [INFO]   [Zero 3] Sayfa  39: 192 ilan (toplam= 7488, 43s)
2026-09-12 14:47:08,694 [INFO]   [Zero 3] Sayfa  40: 192 ilan (toplam= 7680, 44s)
2026-09-12 14:47:10,163 [INFO]   [Zero 3] Sayfa  41: 192 ilan (toplam= 7872, 45s)
2026-09-12 14:47:10,898 [INFO]   [Zero 3] Sayfa  42: 192 ilan (toplam= 8064, 46s)
2026-09-12 14:47:11,703 [INFO]   [Zero 3] Sayfa  43: 192 ilan (toplam= 8256, 47s)
2026-09-12 14:47:12,467 [INFO]   [Zero 3] Sayfa  44: 192 ilan (toplam= 8448, 47s)
2026-09-12 14:47:13,209 [INFO]   [Zero 3] Sayfa  45: 192 ilan (toplam= 8640, 48s)
2026-09-12 14:47:14,552 [INFO]   [Zero 3] Sayfa  46: 192 ilan (toplam= 8832, 49s)
2026-09-12 14:47:16,345 [INFO]   [Zero 3] Sayfa  47: 192 ilan (toplam= 9024, 51s)
2026-09-12 14:47:17,091 [INFO]   [Zero 3] Sayfa  48: 192 ilan (toplam= 9216, 52s)
2026-09-12 14:47:18,414 [INFO]   [Zero 3] Sayfa  49: 192 ilan (toplam= 9408, 53s)
2026-09-12 14:47:19,194 [INFO]   [Zero 3] Sayfa  50: 192 ilan (toplam= 9600, 54s)
2026-09-12 14:47:20,490 [INFO]   [Zero 3] Sayfa  51: 192 ilan (toplam= 9792, 55s)
2026-09-12 14:47:21,314 [INFO]   [Zero 3] Sayfa  52: 192 ilan (toplam= 9984, 56s)
2026-09-12 14:47:22,145 [INFO]   [Zero 3] Sayfa  53: 192 ilan (toplam=10176, 57s)
2026-09-12 14:47:22,899 [INFO]   [Zero 3] Sayfa  54: 192 ilan (toplam=10368, 58s)
2026-09-12 14:47:23,650 [INFO]   [Zero 3] Sayfa  55: 192 ilan (toplam=10560, 59s)
2026-09-12 14:47:24,270 [WARNING]   [Zero 3] p56 → 429 — 60sn bekleniyor
2026-09-12 14:48:24,406 [INFO] Token yenilendi: eyJzaWQiOiJlYjMxOWZk...
2026-09-12 14:48:24,521 [WARNING]   [Zero 3] p56 → 429 — 120sn bekleniyor
2026-09-12 14:50:24,653 [INFO] Token yenilendi: eyJzaWQiOiJlYjMxOWZk...
2026-09-12 14:50:24,769 [WARNING]   [Zero 3] p56 → 429 — 180sn bekleniyor
2026-09-12 14:53:25,652 [INFO] Token yenilendi: eyJzaWQiOiJlYjMxOWZk...
2026-09-12 14:53:25,653 [WARNING]   [Zero 3] Sayfa 56 alinamadi — bitti
2026-09-12 14:53:25,653 [INFO] [Zero 3] TOPLAM: 10560 ilan
2026-09-12 14:53:40,768 [INFO] [zero3] 10560 ilan yazildi (14829ms)
2026-09-12 14:53:40,768 [INFO] Tamamlandi — 436sn
2026-09-12 14:53:40,768 [INFO] ============================================================
2026-09-12 14:55:24,661 [INFO] ============================================================
2026-09-12 14:55:24,661 [INFO] MSGKO Scraper v4 — 2026-09-12 14:55:24
2026-09-12 14:55:24,661 [INFO] Kanal [1]: Zero 4 (serverType=5)
2026-09-12 14:55:25,195 [INFO] Token alindi: eyJzaWQiOiJmZGZhN2I5...
2026-09-12 14:55:25,195 [INFO] [Zero 4] Sayfa 1 cekiliyor...
2026-09-12 14:55:25,307 [WARNING] Sayfa 1: HTTP 429
2026-09-12 14:55:25,307 [INFO] 60sn bekleniyor...
2026-09-12 14:56:25,457 [INFO] Token yenilendi: eyJzaWQiOiJmZGZhN2I5...
2026-09-12 14:56:25,602 [WARNING] Sayfa 1: HTTP 429
2026-09-12 14:56:25,602 [INFO] 120sn bekleniyor...
2026-09-12 14:58:26,175 [INFO] Token yenilendi: eyJzaWQiOiJmZGZhN2I5...
2026-09-12 14:58:26,294 [WARNING] Sayfa 1: HTTP 429
2026-09-12 14:58:26,294 [WARNING] Site engelliyor — run atlaniyor
2026-09-12 15:01:24,628 [INFO] ============================================================
2026-09-12 15:01:24,628 [INFO] MSGKO Scraper v4 — 2026-09-12 15:01:24
2026-09-12 15:01:24,628 [INFO] Kanal [2]: Zero 5 (serverType=8)
2026-09-12 15:01:25,112 [INFO] Token alindi: eyJzaWQiOiI2ZDQ0NmQx...
2026-09-12 15:01:25,113 [INFO] [Zero 5] Sayfa 1 cekiliyor...
2026-09-12 15:01:25,250 [WARNING] Sayfa 1: HTTP 429
2026-09-12 15:01:25,250 [INFO] 60sn bekleniyor...
2026-09-12 15:02:25,408 [INFO] Token yenilendi: eyJzaWQiOiI2ZDQ0NmQx...
2026-09-12 15:02:25,534 [WARNING] Sayfa 1: HTTP 429
2026-09-12 15:02:25,534 [INFO] 120sn bekleniyor...
2026-09-12 15:04:26,276 [INFO] Token yenilendi: eyJzaWQiOiI2ZDQ0NmQx...
2026-09-12 15:04:26,426 [WARNING] Sayfa 1: HTTP 429
2026-09-12 15:04:26,426 [WARNING] Site engelliyor — run atlaniyor
2026-09-12 15:07:24,627 [INFO] ============================================================
2026-09-12 15:07:24,627 [INFO] MSGKO Scraper v4 — 2026-09-12 15:07:24
2026-09-12 15:07:24,628 [INFO] Kanal [3]: Zero 8 (serverType=15)
2026-09-12 15:07:25,117 [INFO] Token alindi: eyJzaWQiOiI5YjU0ZjY4...
2026-09-12 15:07:25,117 [INFO] [Zero 8] Sayfa 1 cekiliyor...
2026-09-12 15:07:25,261 [WARNING] Sayfa 1: HTTP 429
2026-09-12 15:07:25,261 [INFO] 60sn bekleniyor...
2026-09-12 15:08:25,405 [INFO] Token yenilendi: eyJzaWQiOiI5YjU0ZjY4...
2026-09-12 15:08:25,518 [WARNING] Sayfa 1: HTTP 429
2026-09-12 15:08:25,518 [INFO] 120sn bekleniyor...
2026-09-12 15:10:25,642 [INFO] Token yenilendi: eyJzaWQiOiI5YjU0ZjY4...
2026-09-12 15:10:25,768 [WARNING] Sayfa 1: HTTP 429
2026-09-12 15:10:25,768 [WARNING] Site engelliyor — run atlaniyor
2026-09-12 15:13:24,632 [INFO] ============================================================
2026-09-12 15:13:24,632 [INFO] MSGKO Scraper v4 — 2026-09-12 15:13:24
2026-09-12 15:13:24,633 [INFO] Kanal [4]: Agartha 3 (serverType=1)
2026-09-12 15:13:25,761 [INFO] Token alindi: eyJzaWQiOiJlYWZmZWEx...
2026-09-12 15:13:25,761 [INFO] [Agartha 3] Sayfa 1 cekiliyor...
2026-09-12 15:13:25,874 [WARNING] Sayfa 1: HTTP 429
2026-09-12 15:13:25,874 [INFO] 60sn bekleniyor...
2026-09-12 15:14:26,004 [INFO] Token yenilendi: eyJzaWQiOiJlYWZmZWEx...
2026-09-12 15:14:26,117 [WARNING] Sayfa 1: HTTP 429
2026-09-12 15:14:26,118 [INFO] 120sn bekleniyor...
2026-09-12 15:16:26,232 [INFO] Token yenilendi: eyJzaWQiOiJlYWZmZWEx...
2026-09-12 15:16:26,349 [WARNING] Sayfa 1: HTTP 429
2026-09-12 15:16:26,349 [WARNING] Site engelliyor — run atlaniyor
2026-09-12 15:19:24,630 [INFO] ============================================================
2026-09-12 15:19:24,630 [INFO] MSGKO Scraper v4 — 2026-09-12 15:19:24
2026-09-12 15:19:24,631 [INFO] Kanal [5]: Agartha 4 (serverType=12)
2026-09-12 15:19:26,961 [INFO] Token alindi: eyJzaWQiOiI0YzFkNjk3...
2026-09-12 15:19:26,962 [INFO] [Agartha 4] Sayfa 1 cekiliyor...
2026-09-12 15:19:29,209 [INFO] Baglanti OK!
2026-09-12 15:19:29,291 [INFO]   [Agartha 4] Sayfa   1: 192 ilan (toplam=  192, 4s)
2026-09-12 15:19:31,668 [INFO]   [Agartha 4] Sayfa   2: 192 ilan (toplam=  384, 7s)
2026-09-12 15:19:35,871 [INFO]   [Agartha 4] Sayfa   3: 192 ilan (toplam=  576, 11s)
2026-09-12 15:19:37,362 [INFO]   [Agartha 4] Sayfa   4: 192 ilan (toplam=  768, 12s)
2026-09-12 15:19:38,936 [INFO]   [Agartha 4] Sayfa   5: 192 ilan (toplam=  960, 14s)
2026-09-12 15:19:40,840 [INFO]   [Agartha 4] Sayfa   6: 192 ilan (toplam= 1152, 16s)
2026-09-12 15:19:42,165 [INFO]   [Agartha 4] Sayfa   7: 192 ilan (toplam= 1344, 17s)
2026-09-12 15:19:43,624 [INFO]   [Agartha 4] Sayfa   8: 192 ilan (toplam= 1536, 18s)
2026-09-12 15:19:45,017 [INFO]   [Agartha 4] Sayfa   9: 192 ilan (toplam= 1728, 20s)
2026-09-12 15:19:47,110 [INFO]   [Agartha 4] Sayfa  10: 192 ilan (toplam= 1920, 22s)
2026-09-12 15:19:49,457 [INFO]   [Agartha 4] Sayfa  11: 192 ilan (toplam= 2112, 24s)
2026-09-12 15:19:50,936 [INFO]   [Agartha 4] Sayfa  12: 192 ilan (toplam= 2304, 26s)
2026-09-12 15:19:53,162 [INFO]   [Agartha 4] Sayfa  13: 192 ilan (toplam= 2496, 28s)
2026-09-12 15:19:55,024 [INFO]   [Agartha 4] Sayfa  14: 192 ilan (toplam= 2688, 30s)
2026-09-12 15:19:56,512 [INFO]   [Agartha 4] Sayfa  15: 192 ilan (toplam= 2880, 31s)
2026-09-12 15:19:57,950 [INFO]   [Agartha 4] Sayfa  16: 192 ilan (toplam= 3072, 33s)
2026-09-12 15:19:59,497 [INFO]   [Agartha 4] Sayfa  17: 192 ilan (toplam= 3264, 34s)
2026-09-12 15:20:01,931 [INFO]   [Agartha 4] Sayfa  18: 192 ilan (toplam= 3456, 37s)
2026-09-12 15:20:03,464 [INFO]   [Agartha 4] Sayfa  19: 192 ilan (toplam= 3648, 38s)
2026-09-12 15:20:04,901 [INFO]   [Agartha 4] Sayfa  20: 192 ilan (toplam= 3840, 40s)
2026-09-12 15:20:06,316 [INFO]   [Agartha 4] Sayfa  21: 192 ilan (toplam= 4032, 41s)
2026-09-12 15:20:07,760 [INFO]   [Agartha 4] Sayfa  22: 192 ilan (toplam= 4224, 43s)
2026-09-12 15:20:09,193 [INFO]   [Agartha 4] Sayfa  23: 192 ilan (toplam= 4416, 44s)
2026-09-12 15:20:10,806 [INFO]   [Agartha 4] Sayfa  24: 192 ilan (toplam= 4608, 46s)
2026-09-12 15:20:13,016 [INFO]   [Agartha 4] Sayfa  25: 192 ilan (toplam= 4800, 48s)
2026-09-12 15:20:14,744 [INFO]   [Agartha 4] Sayfa  26: 192 ilan (toplam= 4992, 50s)
2026-09-12 15:20:16,242 [INFO]   [Agartha 4] Sayfa  27: 192 ilan (toplam= 5184, 51s)
2026-09-12 15:20:17,540 [INFO]   [Agartha 4] Sayfa  28: 192 ilan (toplam= 5376, 52s)
2026-09-12 15:20:20,108 [INFO]   [Agartha 4] Sayfa  29: 192 ilan (toplam= 5568, 55s)
2026-09-12 15:20:21,579 [INFO]   [Agartha 4] Sayfa  30: 192 ilan (toplam= 5760, 56s)
2026-09-12 15:20:22,858 [WARNING]   [Agartha 4] p31 → 429 — 60sn bekleniyor
2026-09-12 15:21:23,852 [INFO] Token yenilendi: eyJzaWQiOiI0YzFkNjk3...
2026-09-12 15:21:24,643 [WARNING]   [Agartha 4] p31 → 429 — 120sn bekleniyor
2026-09-12 15:23:25,394 [INFO] Token yenilendi: eyJzaWQiOiI0YzFkNjk3...
2026-09-12 15:23:26,162 [WARNING]   [Agartha 4] p31 → 429 — 180sn bekleniyor
2026-09-12 15:26:27,450 [INFO] Token yenilendi: eyJzaWQiOiI0YzFkNjk3...
2026-09-12 15:26:27,451 [WARNING]   [Agartha 4] Sayfa 31 alinamadi — bitti
2026-09-12 15:26:27,451 [INFO] [Agartha 4] TOPLAM: 5760 ilan
2026-09-12 15:26:38,341 [INFO] [agartha4] 5760 ilan yazildi (10611ms)
2026-09-12 15:26:38,341 [INFO] Tamamlandi — 433sn
2026-09-12 15:26:38,341 [INFO] ============================================================
2026-09-12 15:28:24,648 [INFO] ============================================================
2026-09-12 15:28:24,648 [INFO] MSGKO Scraper v4 — 2026-09-12 15:28:24
2026-09-12 15:28:24,648 [INFO] Kanal [6]: Pandora 3 (serverType=2)
2026-09-12 15:28:26,445 [INFO] Token alindi: eyJzaWQiOiI0NWFkZTQz...
2026-09-12 15:28:26,446 [INFO] [Pandora 3] Sayfa 1 cekiliyor...
2026-09-12 15:28:26,648 [WARNING] Sayfa 1: HTTP 429
2026-09-12 15:28:26,648 [INFO] 60sn bekleniyor...
2026-09-12 15:29:27,186 [INFO] Token yenilendi: eyJzaWQiOiI0NWFkZTQz...
2026-09-12 15:29:27,371 [WARNING] Sayfa 1: HTTP 429
2026-09-12 15:29:27,371 [INFO] 120sn bekleniyor...
2026-09-12 15:31:27,662 [INFO] Token yenilendi: eyJzaWQiOiI0NWFkZTQz...
2026-09-12 15:31:27,850 [WARNING] Sayfa 1: HTTP 429
2026-09-12 15:31:27,850 [WARNING] Site engelliyor — run atlaniyor
2026-09-12 15:34:24,638 [INFO] ============================================================
2026-09-12 15:34:24,639 [INFO] MSGKO Scraper v4 — 2026-09-12 15:34:24
2026-09-12 15:34:24,639 [INFO] Kanal [7]: Pandora 4 (serverType=11)
2026-09-12 15:34:25,135 [INFO] Token alindi: eyJzaWQiOiJmMTE1MDM5...
2026-09-12 15:34:25,135 [INFO] [Pandora 4] Sayfa 1 cekiliyor...
2026-09-12 15:34:25,263 [WARNING] Sayfa 1: HTTP 429
2026-09-12 15:34:25,263 [INFO] 60sn bekleniyor...
2026-09-12 15:35:25,503 [INFO] Token yenilendi: eyJzaWQiOiJmMTE1MDM5...
2026-09-12 15:35:25,627 [WARNING] Sayfa 1: HTTP 429
2026-09-12 15:35:25,627 [INFO] 120sn bekleniyor...
2026-09-12 15:37:25,787 [INFO] Token yenilendi: eyJzaWQiOiJmMTE1MDM5...
2026-09-12 15:37:25,906 [WARNING] Sayfa 1: HTTP 429
2026-09-12 15:37:25,906 [WARNING] Site engelliyor — run atlaniyor
2026-09-12 15:40:24,675 [INFO] ============================================================
2026-09-12 15:40:24,675 [INFO] MSGKO Scraper v4 — 2026-09-12 15:40:24
2026-09-12 15:40:24,676 [INFO] Kanal [8]: Destan 2 (serverType=4)
2026-09-12 15:40:28,488 [INFO] Token alindi: eyJzaWQiOiIyOWE3ZmY4...
2026-09-12 15:40:28,488 [INFO] [Destan 2] Sayfa 1 cekiliyor...
2026-09-12 15:40:29,280 [WARNING] Sayfa 1: HTTP 429
2026-09-12 15:40:29,280 [INFO] 60sn bekleniyor...
2026-09-12 15:41:33,168 [INFO] Token yenilendi: eyJzaWQiOiIyOWE3ZmY4...
2026-09-12 15:41:33,948 [WARNING] Sayfa 1: HTTP 429
2026-09-12 15:41:33,948 [INFO] 120sn bekleniyor...
2026-09-12 15:43:36,397 [INFO] Token yenilendi: eyJzaWQiOiIyOWE3ZmY4...
2026-09-12 15:43:37,176 [WARNING] Sayfa 1: HTTP 429
2026-09-12 15:43:37,176 [WARNING] Site engelliyor — run atlaniyor
2026-09-12 15:45:59,133 [INFO] ============================================================
2026-09-12 15:45:59,134 [INFO] MSGKO Scraper v4 — 2026-09-12 15:45:59
2026-09-12 15:45:59,134 [INFO] Kanal [0]: Zero 3 (serverType=0)
2026-09-12 15:45:59,828 [INFO] Token alindi: eyJzaWQiOiJhYTE0NzE3...
2026-09-12 15:45:59,829 [INFO] [Zero 3] Sayfa 1 cekiliyor...
2026-09-12 15:46:00,246 [INFO] Baglanti OK!
2026-09-12 15:46:00,339 [INFO]   [Zero 3] Sayfa   1: 192 ilan (toplam=  192, 1s)
2026-09-12 15:46:01,750 [INFO]   [Zero 3] Sayfa   2: 192 ilan (toplam=  384, 2s)
2026-09-12 15:46:02,576 [INFO]   [Zero 3] Sayfa   3: 192 ilan (toplam=  576, 3s)
2026-09-12 15:46:03,291 [INFO]   [Zero 3] Sayfa   4: 192 ilan (toplam=  768, 4s)
2026-09-12 15:46:04,116 [INFO]   [Zero 3] Sayfa   5: 192 ilan (toplam=  960, 4s)
2026-09-12 15:46:04,857 [INFO]   [Zero 3] Sayfa   6: 192 ilan (toplam= 1152, 5s)
2026-09-12 15:46:05,600 [INFO]   [Zero 3] Sayfa   7: 192 ilan (toplam= 1344, 6s)
2026-09-12 15:46:06,528 [INFO]   [Zero 3] Sayfa   8: 192 ilan (toplam= 1536, 7s)
2026-09-12 15:46:07,286 [INFO]   [Zero 3] Sayfa   9: 192 ilan (toplam= 1728, 8s)
2026-09-12 15:46:08,206 [INFO]   [Zero 3] Sayfa  10: 192 ilan (toplam= 1920, 9s)
2026-09-12 15:46:08,921 [INFO]   [Zero 3] Sayfa  11: 192 ilan (toplam= 2112, 9s)
2026-09-12 15:46:10,547 [INFO]   [Zero 3] Sayfa  12: 192 ilan (toplam= 2304, 11s)
2026-09-12 15:46:11,331 [INFO]   [Zero 3] Sayfa  13: 192 ilan (toplam= 2496, 12s)
2026-09-12 15:46:12,055 [INFO]   [Zero 3] Sayfa  14: 192 ilan (toplam= 2688, 12s)
2026-09-12 15:46:12,900 [INFO]   [Zero 3] Sayfa  15: 192 ilan (toplam= 2880, 13s)
2026-09-12 15:46:13,665 [INFO]   [Zero 3] Sayfa  16: 192 ilan (toplam= 3072, 14s)
2026-09-12 15:46:14,682 [INFO]   [Zero 3] Sayfa  17: 192 ilan (toplam= 3264, 15s)
2026-09-12 15:46:15,538 [INFO]   [Zero 3] Sayfa  18: 192 ilan (toplam= 3456, 16s)
2026-09-12 15:46:16,409 [INFO]   [Zero 3] Sayfa  19: 192 ilan (toplam= 3648, 17s)
2026-09-12 15:46:17,200 [INFO]   [Zero 3] Sayfa  20: 192 ilan (toplam= 3840, 18s)
2026-09-12 15:46:19,072 [INFO]   [Zero 3] Sayfa  21: 192 ilan (toplam= 4032, 19s)
2026-09-12 15:46:19,793 [INFO]   [Zero 3] Sayfa  22: 192 ilan (toplam= 4224, 20s)
2026-09-12 15:46:20,540 [INFO]   [Zero 3] Sayfa  23: 192 ilan (toplam= 4416, 21s)
2026-09-12 15:46:21,982 [INFO]   [Zero 3] Sayfa  24: 192 ilan (toplam= 4608, 22s)
2026-09-12 15:46:22,708 [INFO]   [Zero 3] Sayfa  25: 192 ilan (toplam= 4800, 23s)
2026-09-12 15:46:23,459 [INFO]   [Zero 3] Sayfa  26: 192 ilan (toplam= 4992, 24s)
2026-09-12 15:46:25,153 [INFO]   [Zero 3] Sayfa  27: 192 ilan (toplam= 5184, 26s)
2026-09-12 15:46:26,766 [INFO]   [Zero 3] Sayfa  28: 192 ilan (toplam= 5376, 27s)
2026-09-12 15:46:27,506 [INFO]   [Zero 3] Sayfa  29: 192 ilan (toplam= 5568, 28s)
2026-09-12 15:46:28,095 [WARNING]   [Zero 3] p30 → 429 — 60sn bekleniyor
2026-09-12 15:47:28,266 [INFO] Token yenilendi: eyJzaWQiOiJhYTE0NzE3...
2026-09-12 15:47:30,339 [INFO]   [Zero 3] Sayfa  30: 192 ilan (toplam= 5760, 91s)
2026-09-12 15:47:31,505 [INFO]   [Zero 3] Sayfa  31: 192 ilan (toplam= 5952, 92s)
2026-09-12 15:47:33,219 [INFO]   [Zero 3] Sayfa  32: 192 ilan (toplam= 6144, 94s)
2026-09-12 15:47:33,973 [INFO]   [Zero 3] Sayfa  33: 192 ilan (toplam= 6336, 94s)
2026-09-12 15:47:34,855 [INFO]   [Zero 3] Sayfa  34: 192 ilan (toplam= 6528, 95s)
2026-09-12 15:47:36,017 [INFO]   [Zero 3] Sayfa  35: 192 ilan (toplam= 6720, 96s)
2026-09-12 15:47:36,828 [INFO]   [Zero 3] Sayfa  36: 192 ilan (toplam= 6912, 97s)
2026-09-12 15:47:37,605 [INFO]   [Zero 3] Sayfa  37: 192 ilan (toplam= 7104, 98s)
2026-09-12 15:47:38,356 [INFO]   [Zero 3] Sayfa  38: 192 ilan (toplam= 7296, 99s)
2026-09-12 15:47:39,104 [INFO]   [Zero 3] Sayfa  39: 192 ilan (toplam= 7488, 99s)
2026-09-12 15:47:40,944 [INFO]   [Zero 3] Sayfa  40: 192 ilan (toplam= 7680, 101s)
2026-09-12 15:47:41,758 [INFO]   [Zero 3] Sayfa  41: 192 ilan (toplam= 7872, 102s)
2026-09-12 15:47:42,506 [INFO]   [Zero 3] Sayfa  42: 192 ilan (toplam= 8064, 103s)
2026-09-12 15:47:43,421 [INFO]   [Zero 3] Sayfa  43: 192 ilan (toplam= 8256, 104s)
2026-09-12 15:47:44,212 [INFO]   [Zero 3] Sayfa  44: 192 ilan (toplam= 8448, 105s)
2026-09-12 15:47:45,921 [INFO]   [Zero 3] Sayfa  45: 192 ilan (toplam= 8640, 106s)
2026-09-12 15:47:46,703 [INFO]   [Zero 3] Sayfa  46: 192 ilan (toplam= 8832, 107s)
2026-09-12 15:47:47,466 [INFO]   [Zero 3] Sayfa  47: 192 ilan (toplam= 9024, 108s)
2026-09-12 15:47:48,217 [INFO]   [Zero 3] Sayfa  48: 192 ilan (toplam= 9216, 109s)
2026-09-12 15:47:49,930 [INFO]   [Zero 3] Sayfa  49: 192 ilan (toplam= 9408, 110s)
2026-09-12 15:47:50,729 [INFO]   [Zero 3] Sayfa  50: 192 ilan (toplam= 9600, 111s)
2026-09-12 15:47:52,285 [INFO]   [Zero 3] Sayfa  51: 192 ilan (toplam= 9792, 113s)
2026-09-12 15:47:53,054 [INFO]   [Zero 3] Sayfa  52: 192 ilan (toplam= 9984, 113s)
2026-09-12 15:47:54,816 [INFO]   [Zero 3] Sayfa  53: 192 ilan (toplam=10176, 115s)
2026-09-12 15:47:55,547 [INFO]   [Zero 3] Sayfa  54: 192 ilan (toplam=10368, 116s)
2026-09-12 15:47:57,199 [INFO]   [Zero 3] Sayfa  55: 192 ilan (toplam=10560, 118s)
2026-09-12 15:47:58,004 [INFO]   [Zero 3] Sayfa  56: 192 ilan (toplam=10752, 118s)
2026-09-12 15:47:58,826 [INFO]   [Zero 3] Sayfa  57: 192 ilan (toplam=10944, 119s)
2026-09-12 15:47:59,614 [INFO]   [Zero 3] Sayfa  58: 192 ilan (toplam=11136, 120s)
2026-09-12 15:48:00,403 [INFO]   [Zero 3] Sayfa  59: 192 ilan (toplam=11328, 121s)
2026-09-12 15:48:00,989 [WARNING]   [Zero 3] p60 → 429 — 60sn bekleniyor
2026-09-12 15:49:01,858 [INFO] Token yenilendi: eyJzaWQiOiJhYTE0NzE3...
2026-09-12 15:49:02,005 [WARNING]   [Zero 3] p60 → 429 — 120sn bekleniyor
2026-09-12 15:51:02,150 [INFO] Token yenilendi: eyJzaWQiOiJhYTE0NzE3...
2026-09-12 15:51:02,269 [WARNING]   [Zero 3] p60 → 429 — 180sn bekleniyor
2026-09-12 15:54:03,121 [INFO] Token yenilendi: eyJzaWQiOiJhYTE0NzE3...
2026-09-12 15:54:03,121 [WARNING]   [Zero 3] Sayfa 60 alinamadi — bitti
2026-09-12 15:54:03,121 [INFO] [Zero 3] TOPLAM: 11328 ilan
2026-09-12 15:54:19,860 [INFO] [zero3] 11328 ilan yazildi (16404ms)
2026-09-12 15:54:19,860 [INFO] Tamamlandi — 500sn
2026-09-12 15:54:19,860 [INFO] ============================================================
2026-09-12 15:55:24,718 [INFO] ============================================================
2026-09-12 15:55:24,718 [INFO] MSGKO Scraper v4 — 2026-09-12 15:55:24
2026-09-12 15:55:24,719 [INFO] Kanal [1]: Zero 4 (serverType=5)
2026-09-12 15:55:25,363 [INFO] Token alindi: eyJzaWQiOiIwZmM1ODZh...
2026-09-12 15:55:25,363 [INFO] [Zero 4] Sayfa 1 cekiliyor...
2026-09-12 15:55:25,648 [INFO] Baglanti OK!
2026-09-12 15:55:25,759 [INFO]   [Zero 4] Sayfa   1: 192 ilan (toplam=  192, 1s)
2026-09-12 15:55:27,646 [INFO]   [Zero 4] Sayfa   2: 192 ilan (toplam=  384, 2s)
2026-09-12 15:55:28,409 [INFO]   [Zero 4] Sayfa   3: 192 ilan (toplam=  576, 3s)
2026-09-12 15:55:30,195 [INFO]   [Zero 4] Sayfa   4: 192 ilan (toplam=  768, 5s)
2026-09-12 15:55:31,016 [INFO]   [Zero 4] Sayfa   5: 192 ilan (toplam=  960, 6s)
2026-09-12 15:55:31,778 [INFO]   [Zero 4] Sayfa   6: 192 ilan (toplam= 1152, 7s)
2026-09-12 15:55:32,510 [INFO]   [Zero 4] Sayfa   7: 192 ilan (toplam= 1344, 7s)
2026-09-12 15:55:34,248 [INFO]   [Zero 4] Sayfa   8: 192 ilan (toplam= 1536, 9s)
2026-09-12 15:55:35,104 [INFO]   [Zero 4] Sayfa   9: 192 ilan (toplam= 1728, 10s)
2026-09-12 15:55:36,385 [INFO]   [Zero 4] Sayfa  10: 192 ilan (toplam= 1920, 11s)
2026-09-12 15:55:37,938 [INFO]   [Zero 4] Sayfa  11: 192 ilan (toplam= 2112, 13s)
2026-09-12 15:55:39,702 [INFO]   [Zero 4] Sayfa  12: 192 ilan (toplam= 2304, 14s)
2026-09-12 15:55:41,395 [INFO]   [Zero 4] Sayfa  13: 192 ilan (toplam= 2496, 16s)
2026-09-12 15:55:42,586 [INFO]   [Zero 4] Sayfa  14: 192 ilan (toplam= 2688, 17s)
2026-09-12 15:55:43,327 [INFO]   [Zero 4] Sayfa  15: 192 ilan (toplam= 2880, 18s)
2026-09-12 15:55:44,053 [INFO]   [Zero 4] Sayfa  16: 192 ilan (toplam= 3072, 19s)
2026-09-12 15:55:44,796 [INFO]   [Zero 4] Sayfa  17: 192 ilan (toplam= 3264, 20s)
2026-09-12 15:55:46,664 [INFO]   [Zero 4] Sayfa  18: 192 ilan (toplam= 3456, 21s)
2026-09-12 15:55:47,399 [INFO]   [Zero 4] Sayfa  19: 192 ilan (toplam= 3648, 22s)
2026-09-12 15:55:48,761 [INFO]   [Zero 4] Sayfa  20: 192 ilan (toplam= 3840, 24s)
2026-09-12 15:55:49,513 [INFO]   [Zero 4] Sayfa  21: 192 ilan (toplam= 4032, 24s)
2026-09-12 15:55:51,016 [INFO]   [Zero 4] Sayfa  22: 192 ilan (toplam= 4224, 26s)
2026-09-12 15:55:51,726 [INFO]   [Zero 4] Sayfa  23: 192 ilan (toplam= 4416, 27s)
2026-09-12 15:55:53,136 [INFO]   [Zero 4] Sayfa  24: 192 ilan (toplam= 4608, 28s)
2026-09-12 15:55:53,854 [INFO]   [Zero 4] Sayfa  25: 192 ilan (toplam= 4800, 29s)
2026-09-12 15:55:54,571 [INFO]   [Zero 4] Sayfa  26: 192 ilan (toplam= 4992, 29s)
2026-09-12 15:55:55,352 [INFO]   [Zero 4] Sayfa  27: 192 ilan (toplam= 5184, 30s)
2026-09-12 15:55:56,094 [INFO]   [Zero 4] Sayfa  28: 192 ilan (toplam= 5376, 31s)
2026-09-12 15:55:56,823 [INFO]   [Zero 4] Sayfa  29: 192 ilan (toplam= 5568, 32s)
2026-09-12 15:55:58,235 [INFO]   [Zero 4] Sayfa  30: 192 ilan (toplam= 5760, 33s)
2026-09-12 15:55:58,835 [WARNING]   [Zero 4] p31 → 429 — 60sn bekleniyor
2026-09-12 15:56:59,663 [INFO] Token yenilendi: eyJzaWQiOiIwZmM1ODZh...
2026-09-12 15:56:59,841 [WARNING]   [Zero 4] p31 → 429 — 120sn bekleniyor
2026-09-12 15:58:59,981 [INFO] Token yenilendi: eyJzaWQiOiIwZmM1ODZh...
2026-09-12 15:59:00,080 [WARNING]   [Zero 4] p31 → 429 — 180sn bekleniyor
2026-09-12 16:02:00,219 [INFO] Token yenilendi: eyJzaWQiOiIwZmM1ODZh...
2026-09-12 16:02:00,219 [WARNING]   [Zero 4] Sayfa 31 alinamadi — bitti
2026-09-12 16:02:00,219 [INFO] [Zero 4] TOPLAM: 5760 ilan
2026-09-12 16:02:09,266 [INFO] [zero4] 5760 ilan yazildi (8718ms)
2026-09-12 16:02:09,266 [INFO] Tamamlandi — 404sn
2026-09-12 16:02:09,266 [INFO] ============================================================
2026-09-12 16:04:24,667 [INFO] ============================================================
2026-09-12 16:04:24,667 [INFO] MSGKO Scraper v4 — 2026-09-12 16:04:24
2026-09-12 16:04:24,668 [INFO] Kanal [2]: Zero 5 (serverType=8)
2026-09-12 16:04:25,205 [INFO] Token alindi: eyJzaWQiOiJjNDMxNTM2...
2026-09-12 16:04:25,206 [INFO] [Zero 5] Sayfa 1 cekiliyor...
2026-09-12 16:04:25,296 [WARNING] Sayfa 1: HTTP 429
2026-09-12 16:04:25,296 [INFO] 60sn bekleniyor...
2026-09-12 16:05:25,432 [INFO] Token yenilendi: eyJzaWQiOiJjNDMxNTM2...
2026-09-12 16:05:25,513 [WARNING] Sayfa 1: HTTP 429
2026-09-12 16:05:25,513 [INFO] 120sn bekleniyor...
2026-09-12 16:07:25,656 [INFO] Token yenilendi: eyJzaWQiOiJjNDMxNTM2...
2026-09-12 16:07:25,752 [WARNING] Sayfa 1: HTTP 429
2026-09-12 16:07:25,752 [WARNING] Site engelliyor — run atlaniyor
2026-09-12 16:10:24,709 [INFO] ============================================================
2026-09-12 16:10:24,709 [INFO] MSGKO Scraper v4 — 2026-09-12 16:10:24
2026-09-12 16:10:24,709 [INFO] Kanal [3]: Zero 8 (serverType=15)
2026-09-12 16:10:25,290 [INFO] Token alindi: eyJzaWQiOiI1MzUwYWJh...
2026-09-12 16:10:25,290 [INFO] [Zero 8] Sayfa 1 cekiliyor...
2026-09-12 16:10:25,396 [WARNING] Sayfa 1: HTTP 429
2026-09-12 16:10:25,396 [INFO] 60sn bekleniyor...
2026-09-12 16:11:25,527 [INFO] Token yenilendi: eyJzaWQiOiI1MzUwYWJh...
2026-09-12 16:11:25,626 [WARNING] Sayfa 1: HTTP 429
2026-09-12 16:11:25,626 [INFO] 120sn bekleniyor...
2026-09-12 16:13:26,114 [INFO] Token yenilendi: eyJzaWQiOiI1MzUwYWJh...
2026-09-12 16:13:26,202 [WARNING] Sayfa 1: HTTP 429
2026-09-12 16:13:26,202 [WARNING] Site engelliyor — run atlaniyor
2026-09-12 16:16:24,665 [INFO] ============================================================
2026-09-12 16:16:24,665 [INFO] MSGKO Scraper v4 — 2026-09-12 16:16:24
2026-09-12 16:16:24,665 [INFO] Kanal [4]: Agartha 3 (serverType=1)
2026-09-12 16:16:25,119 [INFO] Token alindi: eyJzaWQiOiIxOWE0ZTg2...
2026-09-12 16:16:25,119 [INFO] [Agartha 3] Sayfa 1 cekiliyor...
2026-09-12 16:16:25,243 [WARNING] Sayfa 1: HTTP 429
2026-09-12 16:16:25,244 [INFO] 60sn bekleniyor...
2026-09-12 16:17:25,396 [INFO] Token yenilendi: eyJzaWQiOiIxOWE0ZTg2...
2026-09-12 16:17:25,487 [WARNING] Sayfa 1: HTTP 429
2026-09-12 16:17:25,487 [INFO] 120sn bekleniyor...
2026-09-12 16:19:26,443 [INFO] Token yenilendi: eyJzaWQiOiIxOWE0ZTg2...
2026-09-12 16:19:26,889 [INFO] Baglanti OK!
2026-09-12 16:19:26,982 [INFO]   [Agartha 3] Sayfa   1: 192 ilan (toplam=  192, 182s)
2026-09-12 16:19:27,853 [INFO]   [Agartha 3] Sayfa   2: 192 ilan (toplam=  384, 183s)
2026-09-12 16:19:29,255 [INFO]   [Agartha 3] Sayfa   3: 192 ilan (toplam=  576, 184s)
2026-09-12 16:19:30,904 [INFO]   [Agartha 3] Sayfa   4: 192 ilan (toplam=  768, 186s)
2026-09-12 16:19:32,176 [INFO]   [Agartha 3] Sayfa   5: 192 ilan (toplam=  960, 187s)
2026-09-12 16:19:34,002 [INFO]   [Agartha 3] Sayfa   6: 192 ilan (toplam= 1152, 189s)
2026-09-12 16:19:34,867 [INFO]   [Agartha 3] Sayfa   7: 192 ilan (toplam= 1344, 190s)
2026-09-12 16:19:36,443 [INFO]   [Agartha 3] Sayfa   8: 192 ilan (toplam= 1536, 191s)
2026-09-12 16:19:37,354 [INFO]   [Agartha 3] Sayfa   9: 192 ilan (toplam= 1728, 192s)
2026-09-12 16:19:38,254 [INFO]   [Agartha 3] Sayfa  10: 192 ilan (toplam= 1920, 193s)
2026-09-12 16:19:39,079 [INFO]   [Agartha 3] Sayfa  11: 192 ilan (toplam= 2112, 194s)
2026-09-12 16:19:40,020 [INFO]   [Agartha 3] Sayfa  12: 192 ilan (toplam= 2304, 195s)
2026-09-12 16:19:40,837 [INFO]   [Agartha 3] Sayfa  13: 192 ilan (toplam= 2496, 196s)
2026-09-12 16:19:42,036 [INFO]   [Agartha 3] Sayfa  14: 192 ilan (toplam= 2688, 197s)
2026-09-12 16:19:42,922 [INFO]   [Agartha 3] Sayfa  15: 192 ilan (toplam= 2880, 198s)
2026-09-12 16:19:43,745 [INFO]   [Agartha 3] Sayfa  16: 192 ilan (toplam= 3072, 199s)
2026-09-12 16:19:45,280 [INFO]   [Agartha 3] Sayfa  17: 192 ilan (toplam= 3264, 200s)
2026-09-12 16:19:46,783 [INFO]   [Agartha 3] Sayfa  18: 192 ilan (toplam= 3456, 202s)
2026-09-12 16:19:47,697 [INFO]   [Agartha 3] Sayfa  19: 192 ilan (toplam= 3648, 203s)
2026-09-12 16:19:48,560 [INFO]   [Agartha 3] Sayfa  20: 192 ilan (toplam= 3840, 203s)
2026-09-12 16:19:49,405 [INFO]   [Agartha 3] Sayfa  21: 192 ilan (toplam= 4032, 204s)
2026-09-12 16:19:50,888 [INFO]   [Agartha 3] Sayfa  22: 192 ilan (toplam= 4224, 206s)
2026-09-12 16:19:51,712 [INFO]   [Agartha 3] Sayfa  23: 192 ilan (toplam= 4416, 207s)
2026-09-12 16:19:52,594 [INFO]   [Agartha 3] Sayfa  24: 192 ilan (toplam= 4608, 207s)
2026-09-12 16:19:53,420 [INFO]   [Agartha 3] Sayfa  25: 192 ilan (toplam= 4800, 208s)
2026-09-12 16:19:54,270 [INFO]   [Agartha 3] Sayfa  26: 192 ilan (toplam= 4992, 209s)
2026-09-12 16:19:55,139 [INFO]   [Agartha 3] Sayfa  27: 192 ilan (toplam= 5184, 210s)
2026-09-12 16:19:56,015 [INFO]   [Agartha 3] Sayfa  28: 192 ilan (toplam= 5376, 211s)
2026-09-12 16:19:57,838 [INFO]   [Agartha 3] Sayfa  29: 192 ilan (toplam= 5568, 213s)
2026-09-12 16:19:58,930 [INFO]   [Agartha 3] Sayfa  30: 192 ilan (toplam= 5760, 214s)
2026-09-12 16:19:59,624 [WARNING]   [Agartha 3] p31 → 429 — 60sn bekleniyor
2026-09-12 16:20:59,819 [INFO] Token yenilendi: eyJzaWQiOiIxOWE0ZTg2...
2026-09-12 16:21:00,019 [WARNING]   [Agartha 3] p31 → 429 — 120sn bekleniyor
2026-09-12 16:23:00,253 [INFO] Token yenilendi: eyJzaWQiOiIxOWE0ZTg2...
2026-09-12 16:23:00,448 [WARNING]   [Agartha 3] p31 → 429 — 180sn bekleniyor
2026-09-12 16:26:01,012 [INFO] Token yenilendi: eyJzaWQiOiIxOWE0ZTg2...
2026-09-12 16:26:01,012 [WARNING]   [Agartha 3] Sayfa 31 alinamadi — bitti
2026-09-12 16:26:01,013 [INFO] [Agartha 3] TOPLAM: 5760 ilan
2026-09-12 16:26:13,379 [INFO] [agartha3] 5760 ilan yazildi (12019ms)
2026-09-12 16:26:13,379 [INFO] Tamamlandi — 588sn
2026-09-12 16:26:13,379 [INFO] ============================================================
2026-09-12 16:28:24,704 [INFO] ============================================================
2026-09-12 16:28:24,704 [INFO] MSGKO Scraper v4 — 2026-09-12 16:28:24
2026-09-12 16:28:24,704 [INFO] Kanal [5]: Agartha 4 (serverType=12)
2026-09-12 16:28:28,108 [INFO] Token alindi: eyJzaWQiOiI5NWE4NDE2...
2026-09-12 16:28:28,109 [INFO] [Agartha 4] Sayfa 1 cekiliyor...
2026-09-12 16:28:29,737 [WARNING] Sayfa 1: HTTP 429
2026-09-12 16:28:29,737 [INFO] 60sn bekleniyor...
2026-09-12 16:29:30,786 [INFO] Token yenilendi: eyJzaWQiOiI5NWE4NDE2...
2026-09-12 16:29:31,538 [WARNING] Sayfa 1: HTTP 429
2026-09-12 16:29:31,538 [INFO] 120sn bekleniyor...
2026-09-12 16:31:32,335 [INFO] Token yenilendi: eyJzaWQiOiI5NWE4NDE2...
2026-09-12 16:31:33,125 [WARNING] Sayfa 1: HTTP 429
2026-09-12 16:31:33,125 [WARNING] Site engelliyor — run atlaniyor
2026-09-12 16:34:24,678 [INFO] ============================================================
2026-09-12 16:34:24,678 [INFO] MSGKO Scraper v4 — 2026-09-12 16:34:24
2026-09-12 16:34:24,679 [INFO] Kanal [6]: Pandora 3 (serverType=2)
2026-09-12 16:34:25,227 [INFO] Token alindi: eyJzaWQiOiJkZjJiY2Fm...
2026-09-12 16:34:25,228 [INFO] [Pandora 3] Baglanti testi...
2026-09-12 16:34:25,342 [WARNING] Sayfa 1: HTTP 429
2026-09-12 16:34:25,342 [INFO] 60sn bekleniyor...
2026-09-12 16:35:26,506 [INFO] Token yenilendi: eyJzaWQiOiJkZjJiY2Fm...
2026-09-12 16:35:26,652 [WARNING] Sayfa 1: HTTP 429
2026-09-12 16:35:26,652 [INFO] 120sn bekleniyor...
2026-09-12 16:37:26,767 [INFO] Token yenilendi: eyJzaWQiOiJkZjJiY2Fm...
2026-09-12 16:37:26,883 [WARNING] Sayfa 1: HTTP 429
2026-09-12 16:37:26,883 [WARNING] Site engelliyor — run atlaniyor
2026-09-12 16:40:03,923 [INFO] ============================================================
2026-09-12 16:40:03,923 [INFO] MSGKO Scraper v4 — 2026-09-12 16:40:03
2026-09-12 16:40:03,924 [INFO] Kanal [0]: Zero 3 (serverType=0)
2026-09-12 16:40:04,407 [INFO] Token alindi: eyJzaWQiOiIzZjUyN2Vj...
2026-09-12 16:40:04,407 [INFO] [Zero 3] Baglanti testi...
2026-09-12 16:40:04,526 [WARNING] Sayfa 1: HTTP 429
2026-09-12 16:40:04,526 [INFO] 60sn bekleniyor...
2026-09-12 16:41:04,655 [INFO] Token yenilendi: eyJzaWQiOiIzZjUyN2Vj...
2026-09-12 16:41:04,767 [WARNING] Sayfa 1: HTTP 429
2026-09-12 16:41:04,768 [INFO] 120sn bekleniyor...
2026-09-12 16:43:04,889 [INFO] Token yenilendi: eyJzaWQiOiIzZjUyN2Vj...
2026-09-12 16:43:05,008 [WARNING] Sayfa 1: HTTP 429
2026-09-12 16:43:05,008 [WARNING] Site engelliyor — run atlaniyor
2026-09-12 16:43:24,651 [INFO] ============================================================
2026-09-12 16:43:24,651 [INFO] MSGKO Scraper v4 — 2026-09-12 16:43:24
2026-09-12 16:43:24,652 [INFO] Kanal [1]: Zero 4 (serverType=5)
2026-09-12 16:43:25,220 [INFO] Token alindi: eyJzaWQiOiI2NjNiYjNh...
2026-09-12 16:43:25,220 [INFO] [Zero 4] Baglanti testi...
2026-09-12 16:43:26,398 [WARNING] Sayfa 1: HTTP 429
2026-09-12 16:43:26,398 [INFO] 60sn bekleniyor...
2026-09-12 16:44:27,144 [INFO] Token yenilendi: eyJzaWQiOiI2NjNiYjNh...
2026-09-12 16:44:27,264 [WARNING] Sayfa 1: HTTP 429
2026-09-12 16:44:27,264 [INFO] 120sn bekleniyor...
2026-09-12 16:46:27,400 [INFO] Token yenilendi: eyJzaWQiOiI2NjNiYjNh...
2026-09-12 16:46:27,560 [WARNING] Sayfa 1: HTTP 429
2026-09-12 16:46:27,560 [WARNING] Site engelliyor — run atlaniyor
2026-09-12 16:49:24,664 [INFO] ============================================================
2026-09-12 16:49:24,664 [INFO] MSGKO Scraper v4 — 2026-09-12 16:49:24
2026-09-12 16:49:24,665 [INFO] Kanal [2]: Zero 5 (serverType=8)
2026-09-12 16:49:26,159 [INFO] Token alindi: eyJzaWQiOiIyMTJiNTA4...
2026-09-12 16:49:26,159 [INFO] [Zero 5] Baglanti testi...
2026-09-12 16:49:26,288 [WARNING] Sayfa 1: HTTP 429
2026-09-12 16:49:26,288 [INFO] 60sn bekleniyor...
2026-09-12 16:50:26,414 [INFO] Token yenilendi: eyJzaWQiOiIyMTJiNTA4...
2026-09-12 16:50:26,661 [INFO] Baglanti OK!
2026-09-12 16:50:26,661 [INFO] [Zero 5] PASS 1: ucuzdan pahalıya
2026-09-12 16:50:26,749 [INFO]   [Zero 5] ASC p  1: 192 ilan (toplam=  192, 62s)
2026-09-12 16:50:28,564 [INFO]   [Zero 5] ASC p  2: 192 ilan (toplam=  384, 63s)
2026-09-12 16:50:29,354 [INFO]   [Zero 5] ASC p  3: 192 ilan (toplam=  576, 64s)
2026-09-12 16:50:30,129 [INFO]   [Zero 5] ASC p  4: 192 ilan (toplam=  768, 65s)
2026-09-12 16:50:30,926 [INFO]   [Zero 5] ASC p  5: 192 ilan (toplam=  960, 66s)
2026-09-12 16:50:31,660 [INFO]   [Zero 5] ASC p  6: 192 ilan (toplam= 1152, 66s)
2026-09-12 16:50:32,396 [INFO]   [Zero 5] ASC p  7: 192 ilan (toplam= 1344, 67s)
2026-09-12 16:50:33,134 [INFO]   [Zero 5] ASC p  8: 192 ilan (toplam= 1536, 68s)
2026-09-12 16:50:33,922 [INFO]   [Zero 5] ASC p  9: 192 ilan (toplam= 1728, 69s)
2026-09-12 16:50:35,813 [INFO]   [Zero 5] ASC p 10: 192 ilan (toplam= 1920, 71s)
2026-09-12 16:50:36,561 [INFO]   [Zero 5] ASC p 11: 192 ilan (toplam= 2112, 71s)
2026-09-12 16:50:38,012 [INFO]   [Zero 5] ASC p 12: 192 ilan (toplam= 2304, 73s)
2026-09-12 16:50:38,750 [INFO]   [Zero 5] ASC p 13: 192 ilan (toplam= 2496, 74s)
2026-09-12 16:50:40,140 [INFO]   [Zero 5] ASC p 14: 192 ilan (toplam= 2688, 75s)
2026-09-12 16:50:40,930 [INFO]   [Zero 5] ASC p 15: 192 ilan (toplam= 2880, 76s)
2026-09-12 16:50:41,668 [INFO]   [Zero 5] ASC p 16: 192 ilan (toplam= 3072, 77s)
2026-09-12 16:50:42,410 [INFO]   [Zero 5] ASC p 17: 192 ilan (toplam= 3264, 77s)
2026-09-12 16:50:43,188 [INFO]   [Zero 5] ASC p 18: 192 ilan (toplam= 3456, 78s)
2026-09-12 16:50:43,979 [INFO]   [Zero 5] ASC p 19: 192 ilan (toplam= 3648, 79s)
2026-09-12 16:50:44,717 [INFO]   [Zero 5] ASC p 20: 192 ilan (toplam= 3840, 80s)
2026-09-12 16:50:46,315 [INFO]   [Zero 5] ASC p 21: 192 ilan (toplam= 4032, 81s)
2026-09-12 16:50:47,085 [INFO]   [Zero 5] ASC p 22: 192 ilan (toplam= 4224, 82s)
2026-09-12 16:50:48,247 [INFO]   [Zero 5] ASC p 23: 192 ilan (toplam= 4416, 83s)
2026-09-12 16:50:49,028 [INFO]   [Zero 5] ASC p 24: 192 ilan (toplam= 4608, 84s)
2026-09-12 16:50:50,177 [INFO]   [Zero 5] ASC p 25: 192 ilan (toplam= 4800, 85s)
2026-09-12 16:50:50,902 [INFO]   [Zero 5] ASC p 26: 192 ilan (toplam= 4992, 86s)
2026-09-12 16:50:51,631 [INFO]   [Zero 5] ASC p 27: 192 ilan (toplam= 5184, 86s)
2026-09-12 16:50:52,431 [INFO]   [Zero 5] ASC p 28: 192 ilan (toplam= 5376, 87s)
2026-09-12 16:50:53,187 [INFO]   [Zero 5] ASC p 29: 192 ilan (toplam= 5568, 88s)
2026-09-12 16:50:54,389 [INFO]   [Zero 5] ASC p 30: 192 ilan (toplam= 5760, 89s)
2026-09-12 16:50:55,005 [WARNING]   [Zero 5] ASC p31 → 429, 60sn bekle
2026-09-12 16:51:55,827 [INFO] Token yenilendi: eyJzaWQiOiIyMTJiNTA4...
2026-09-12 16:51:55,930 [WARNING]   [Zero 5] p31 → 429 — 60sn bekleniyor
2026-09-12 16:52:56,451 [INFO] Token yenilendi: eyJzaWQiOiIyMTJiNTA4...
2026-09-12 16:52:57,597 [WARNING]   [Zero 5] p31 → 429 — 120sn bekleniyor
2026-09-12 16:54:58,743 [INFO] Token yenilendi: eyJzaWQiOiIyMTJiNTA4...
2026-09-12 16:54:58,848 [WARNING]   [Zero 5] p31 → 429 — 180sn bekleniyor
2026-09-12 16:57:59,000 [INFO] Token yenilendi: eyJzaWQiOiIyMTJiNTA4...
2026-09-12 16:57:59,000 [WARNING]   [Zero 5] ASC sayfa 31 alinamadi — bitti
2026-09-12 16:57:59,000 [INFO]   [Zero 5] ASC bitti: 5760 ilan
2026-09-12 16:57:59,000 [INFO] [Zero 5] PASS 2: pahalıdan ucuya
2026-09-12 16:58:04,126 [WARNING]   [Zero 5] DESC p1 → 429, 60sn bekle
2026-09-12 16:59:04,254 [INFO] Token yenilendi: eyJzaWQiOiIyMTJiNTA4...
2026-09-12 16:59:04,377 [WARNING]   [Zero 5] p1 → 429 — 60sn bekleniyor
2026-09-12 17:00:04,581 [INFO] Token yenilendi: eyJzaWQiOiIyMTJiNTA4...
2026-09-12 17:00:04,724 [WARNING]   [Zero 5] p1 → 429 — 120sn bekleniyor
2026-09-12 17:02:05,103 [INFO] Token yenilendi: eyJzaWQiOiIyMTJiNTA4...
2026-09-12 17:02:05,216 [WARNING]   [Zero 5] p1 → 429 — 180sn bekleniyor
2026-09-12 17:05:06,356 [INFO] Token yenilendi: eyJzaWQiOiIyMTJiNTA4...
2026-09-12 17:05:06,356 [WARNING]   [Zero 5] DESC sayfa 1 alinamadi — bitti
2026-09-12 17:05:06,356 [INFO]   [Zero 5] DESC bitti: 0 ilan
2026-09-12 17:05:06,359 [INFO] [Zero 5] TOPLAM (dedup): 180 unique ilan
2026-09-12 17:05:08,283 [INFO] [zero5] 180 ilan yazildi (1388ms)
2026-09-12 17:05:08,283 [INFO] Tamamlandi — 943sn
2026-09-12 17:05:08,283 [INFO] ============================================================
2026-09-12 17:07:24,723 [INFO] ============================================================
2026-09-12 17:07:24,723 [INFO] MSGKO Scraper v4 — 2026-09-12 17:07:24
2026-09-12 17:07:24,723 [INFO] Kanal [3]: Zero 8 (serverType=15)
2026-09-12 17:07:26,310 [INFO] Token alindi: eyJzaWQiOiIxMWY3NGU4...
2026-09-12 17:07:26,310 [INFO] [Zero 8] Baglanti testi...
2026-09-12 17:07:26,454 [WARNING] Sayfa 1: HTTP 429
2026-09-12 17:07:26,454 [INFO] 60sn bekleniyor...
2026-09-12 17:08:26,570 [INFO] Token yenilendi: eyJzaWQiOiIxMWY3NGU4...
2026-09-12 17:08:26,684 [WARNING] Sayfa 1: HTTP 429
2026-09-12 17:08:26,684 [INFO] 120sn bekleniyor...
2026-09-12 17:10:26,818 [INFO] Token yenilendi: eyJzaWQiOiIxMWY3NGU4...
2026-09-12 17:10:26,964 [WARNING] Sayfa 1: HTTP 429
2026-09-12 17:10:26,964 [WARNING] Site engelliyor — run atlaniyor
2026-09-12 17:13:24,655 [INFO] ============================================================
2026-09-12 17:13:24,655 [INFO] MSGKO Scraper v4 — 2026-09-12 17:13:24
2026-09-12 17:13:24,655 [INFO] Kanal [4]: Agartha 3 (serverType=1)
2026-09-12 17:13:25,375 [INFO] Token alindi: eyJzaWQiOiJmNGQ5ZTI3...
2026-09-12 17:13:25,375 [INFO] [Agartha 3] Baglanti testi...
2026-09-12 17:13:25,486 [WARNING] Sayfa 1: HTTP 429
2026-09-12 17:13:25,486 [INFO] 60sn bekleniyor...
2026-09-12 17:14:25,670 [INFO] Token yenilendi: eyJzaWQiOiJmNGQ5ZTI3...
2026-09-12 17:14:26,814 [WARNING] Sayfa 1: HTTP 429
2026-09-12 17:14:26,814 [INFO] 120sn bekleniyor...
2026-09-12 17:16:26,937 [INFO] Token yenilendi: eyJzaWQiOiJmNGQ5ZTI3...
2026-09-12 17:16:27,057 [WARNING] Sayfa 1: HTTP 429
2026-09-12 17:16:27,057 [WARNING] Site engelliyor — run atlaniyor
2026-09-12 17:19:24,708 [INFO] ============================================================
2026-09-12 17:19:24,708 [INFO] MSGKO Scraper v4 — 2026-09-12 17:19:24
2026-09-12 17:19:24,709 [INFO] Kanal [5]: Agartha 4 (serverType=12)
2026-09-12 17:19:25,428 [INFO] Token alindi: eyJzaWQiOiJlN2I4MWI1...
2026-09-12 17:19:25,428 [INFO] [Agartha 4] Baglanti testi...
2026-09-12 17:19:25,551 [WARNING] Sayfa 1: HTTP 429
2026-09-12 17:19:25,552 [INFO] 60sn bekleniyor...
2026-09-12 17:20:26,733 [INFO] Token yenilendi: eyJzaWQiOiJlN2I4MWI1...
2026-09-12 17:20:26,858 [WARNING] Sayfa 1: HTTP 429
2026-09-12 17:20:26,859 [INFO] 120sn bekleniyor...
2026-09-12 17:22:26,974 [INFO] Token yenilendi: eyJzaWQiOiJlN2I4MWI1...
2026-09-12 17:22:27,211 [INFO] Baglanti OK!
2026-09-12 17:22:27,211 [INFO] [Agartha 4] PASS 1: ucuzdan pahalıya
2026-09-12 17:22:27,307 [INFO]   [Agartha 4] ASC p  1: 192 ilan (toplam=  192, 182s)
2026-09-12 17:22:29,165 [INFO]   [Agartha 4] ASC p  2: 192 ilan (toplam=  384, 184s)
2026-09-12 17:22:29,940 [INFO]   [Agartha 4] ASC p  3: 192 ilan (toplam=  576, 185s)
2026-09-12 17:22:30,709 [INFO]   [Agartha 4] ASC p  4: 192 ilan (toplam=  768, 186s)
2026-09-12 17:22:32,373 [INFO]   [Agartha 4] ASC p  5: 192 ilan (toplam=  960, 187s)
2026-09-12 17:22:33,139 [INFO]   [Agartha 4] ASC p  6: 192 ilan (toplam= 1152, 188s)
2026-09-12 17:22:34,415 [INFO]   [Agartha 4] ASC p  7: 192 ilan (toplam= 1344, 189s)
2026-09-12 17:22:35,201 [INFO]   [Agartha 4] ASC p  8: 192 ilan (toplam= 1536, 190s)
2026-09-12 17:22:36,602 [INFO]   [Agartha 4] ASC p  9: 192 ilan (toplam= 1728, 191s)
2026-09-12 17:22:37,353 [INFO]   [Agartha 4] ASC p 10: 192 ilan (toplam= 1920, 192s)
2026-09-12 17:22:38,165 [INFO]   [Agartha 4] ASC p 11: 192 ilan (toplam= 2112, 193s)
2026-09-12 17:22:38,957 [INFO]   [Agartha 4] ASC p 12: 192 ilan (toplam= 2304, 194s)
2026-09-12 17:22:39,722 [INFO]   [Agartha 4] ASC p 13: 192 ilan (toplam= 2496, 195s)
2026-09-12 17:22:40,480 [INFO]   [Agartha 4] ASC p 14: 192 ilan (toplam= 2688, 195s)
2026-09-12 17:22:41,270 [INFO]   [Agartha 4] ASC p 15: 192 ilan (toplam= 2880, 196s)
2026-09-12 17:22:42,052 [INFO]   [Agartha 4] ASC p 16: 192 ilan (toplam= 3072, 197s)
2026-09-12 17:22:43,400 [INFO]   [Agartha 4] ASC p 17: 192 ilan (toplam= 3264, 198s)
2026-09-12 17:22:44,180 [INFO]   [Agartha 4] ASC p 18: 192 ilan (toplam= 3456, 199s)
2026-09-12 17:22:44,923 [INFO]   [Agartha 4] ASC p 19: 192 ilan (toplam= 3648, 200s)
2026-09-12 17:22:46,711 [INFO]   [Agartha 4] ASC p 20: 192 ilan (toplam= 3840, 202s)
2026-09-12 17:22:47,600 [INFO]   [Agartha 4] ASC p 21: 192 ilan (toplam= 4032, 202s)
2026-09-12 17:22:48,354 [INFO]   [Agartha 4] ASC p 22: 192 ilan (toplam= 4224, 203s)
2026-09-12 17:22:49,103 [INFO]   [Agartha 4] ASC p 23: 192 ilan (toplam= 4416, 204s)
2026-09-12 17:22:49,890 [INFO]   [Agartha 4] ASC p 24: 192 ilan (toplam= 4608, 205s)
2026-09-12 17:22:50,646 [INFO]   [Agartha 4] ASC p 25: 192 ilan (toplam= 4800, 205s)
2026-09-12 17:22:51,389 [INFO]   [Agartha 4] ASC p 26: 192 ilan (toplam= 4992, 206s)
2026-09-12 17:22:52,898 [INFO]   [Agartha 4] ASC p 27: 192 ilan (toplam= 5184, 208s)
2026-09-12 17:22:53,668 [INFO]   [Agartha 4] ASC p 28: 192 ilan (toplam= 5376, 208s)
2026-09-12 17:22:55,379 [INFO]   [Agartha 4] ASC p 29: 192 ilan (toplam= 5568, 210s)
2026-09-12 17:22:56,864 [INFO]   [Agartha 4] ASC p 30: 192 ilan (toplam= 5760, 212s)
2026-09-12 17:22:57,485 [WARNING]   [Agartha 4] ASC p31 → 429, 60sn bekle
2026-09-12 17:23:57,607 [INFO] Token yenilendi: eyJzaWQiOiJlN2I4MWI1...
2026-09-12 17:23:57,719 [WARNING]   [Agartha 4] p31 → 429 — 60sn bekleniyor
2026-09-12 17:24:57,852 [INFO] Token yenilendi: eyJzaWQiOiJlN2I4MWI1...
2026-09-12 17:24:57,969 [WARNING]   [Agartha 4] p31 → 429 — 120sn bekleniyor
2026-09-12 17:26:58,648 [INFO] Token yenilendi: eyJzaWQiOiJlN2I4MWI1...
2026-09-12 17:26:58,776 [WARNING]   [Agartha 4] p31 → 429 — 180sn bekleniyor
2026-09-12 17:29:58,900 [INFO] Token yenilendi: eyJzaWQiOiJlN2I4MWI1...
2026-09-12 17:29:58,901 [WARNING]   [Agartha 4] ASC sayfa 31 alinamadi — bitti
2026-09-12 17:29:58,901 [INFO]   [Agartha 4] ASC bitti: 5760 ilan
2026-09-12 17:29:58,901 [INFO] [Agartha 4] PASS 2: pahalıdan ucuya
2026-09-12 17:30:04,016 [WARNING]   [Agartha 4] DESC p1 → 429, 60sn bekle
2026-09-12 17:31:04,924 [INFO] Token yenilendi: eyJzaWQiOiJlN2I4MWI1...
2026-09-12 17:31:05,039 [WARNING]   [Agartha 4] p1 → 429 — 60sn bekleniyor
2026-09-12 17:32:05,157 [INFO] Token yenilendi: eyJzaWQiOiJlN2I4MWI1...
2026-09-12 17:32:05,317 [WARNING]   [Agartha 4] p1 → 429 — 120sn bekleniyor
2026-09-12 17:34:05,653 [INFO] Token yenilendi: eyJzaWQiOiJlN2I4MWI1...
2026-09-12 17:34:05,758 [WARNING]   [Agartha 4] p1 → 429 — 180sn bekleniyor
2026-09-12 17:37:06,789 [INFO] Token yenilendi: eyJzaWQiOiJlN2I4MWI1...
2026-09-12 17:37:06,790 [WARNING]   [Agartha 4] DESC sayfa 1 alinamadi — bitti
2026-09-12 17:37:06,790 [INFO]   [Agartha 4] DESC bitti: 0 ilan
2026-09-12 17:37:06,798 [INFO] [Agartha 4] TOPLAM (dedup): 152 unique ilan
2026-09-12 17:37:08,906 [INFO] [agartha4] 152 ilan yazildi (1795ms)
2026-09-12 17:37:08,906 [INFO] Tamamlandi — 1064sn
2026-09-12 17:37:08,906 [INFO] ============================================================
2026-09-12 17:37:24,761 [INFO] ============================================================
2026-09-12 17:37:24,761 [INFO] MSGKO Scraper v4 — 2026-09-12 17:37:24
2026-09-12 17:37:24,761 [INFO] Kanal [6]: Pandora 3 (serverType=2)
2026-09-12 17:37:25,428 [INFO] Token alindi: eyJzaWQiOiI0OGE0YWIw...
2026-09-12 17:37:25,428 [INFO] [Pandora 3] Baglanti testi...
2026-09-12 17:37:25,551 [WARNING] Sayfa 1: HTTP 429
2026-09-12 17:37:25,551 [INFO] 60sn bekleniyor...
2026-09-12 17:38:25,678 [INFO] Token yenilendi: eyJzaWQiOiI0OGE0YWIw...
2026-09-12 17:38:25,803 [WARNING] Sayfa 1: HTTP 429
2026-09-12 17:38:25,803 [INFO] 120sn bekleniyor...
2026-09-12 17:40:25,963 [INFO] Token yenilendi: eyJzaWQiOiI0OGE0YWIw...
2026-09-12 17:40:27,128 [WARNING] Sayfa 1: HTTP 429
2026-09-12 17:40:27,128 [WARNING] Site engelliyor — run atlaniyor
2026-09-12 17:43:24,748 [INFO] ============================================================
2026-09-12 17:43:24,748 [INFO] MSGKO Scraper v4 — 2026-09-12 17:43:24
2026-09-12 17:43:24,748 [INFO] Kanal [7]: Pandora 4 (serverType=11)
2026-09-12 17:43:25,561 [INFO] Token alindi: eyJzaWQiOiI4YjU4NmYw...
2026-09-12 17:43:25,562 [INFO] [Pandora 4] Baglanti testi...
2026-09-12 17:43:25,716 [WARNING] Sayfa 1: HTTP 429
2026-09-12 17:43:25,716 [INFO] 60sn bekleniyor...
2026-09-12 17:44:25,842 [INFO] Token yenilendi: eyJzaWQiOiI4YjU4NmYw...
2026-09-12 17:44:25,953 [WARNING] Sayfa 1: HTTP 429
2026-09-12 17:44:25,953 [INFO] 120sn bekleniyor...
2026-09-12 17:46:26,076 [INFO] Token yenilendi: eyJzaWQiOiI4YjU4NmYw...
2026-09-12 17:46:26,195 [WARNING] Sayfa 1: HTTP 429
2026-09-12 17:46:26,195 [WARNING] Site engelliyor — run atlaniyor
2026-09-12 17:49:24,685 [INFO] ============================================================
2026-09-12 17:49:24,685 [INFO] MSGKO Scraper v4 — 2026-09-12 17:49:24
2026-09-12 17:49:24,686 [INFO] Kanal [8]: Destan 2 (serverType=4)
2026-09-12 17:49:25,575 [INFO] Token alindi: eyJzaWQiOiIwZWIwMTNj...
2026-09-12 17:49:25,575 [INFO] [Destan 2] Baglanti testi...
2026-09-12 17:49:25,715 [WARNING] Sayfa 1: HTTP 429
2026-09-12 17:49:25,715 [INFO] 60sn bekleniyor...
2026-09-12 17:50:26,147 [INFO] Token yenilendi: eyJzaWQiOiIwZWIwMTNj...
2026-09-12 17:50:26,274 [WARNING] Sayfa 1: HTTP 429
2026-09-12 17:50:26,274 [INFO] 120sn bekleniyor...
2026-09-12 17:52:26,625 [INFO] Token yenilendi: eyJzaWQiOiIwZWIwMTNj...
2026-09-12 17:52:26,770 [WARNING] Sayfa 1: HTTP 429
2026-09-12 17:52:26,770 [WARNING] Site engelliyor — run atlaniyor
2026-09-12 17:55:24,719 [INFO] ============================================================
2026-09-12 17:55:24,719 [INFO] MSGKO Scraper v4 — 2026-09-12 17:55:24
2026-09-12 17:55:24,720 [INFO] Kanal [9]: Destan 3 (serverType=13)
2026-09-12 17:55:26,251 [INFO] Token alindi: eyJzaWQiOiJmYjYyODhm...
2026-09-12 17:55:26,252 [INFO] [Destan 3] Baglanti testi...
2026-09-12 17:55:26,624 [INFO] Baglanti OK!
2026-09-12 17:55:26,624 [INFO] [Destan 3] PASS 1: ucuzdan pahalıya
2026-09-12 17:55:26,747 [INFO]   [Destan 3] ASC p  1: 192 ilan (toplam=  192, 2s)
2026-09-12 17:55:27,540 [INFO]   [Destan 3] ASC p  2: 192 ilan (toplam=  384, 2s)
2026-09-12 17:55:28,286 [INFO]   [Destan 3] ASC p  3: 192 ilan (toplam=  576, 3s)
2026-09-12 17:55:29,517 [INFO]   [Destan 3] ASC p  4: 192 ilan (toplam=  768, 4s)
2026-09-12 17:55:31,287 [INFO]   [Destan 3] ASC p  5: 192 ilan (toplam=  960, 6s)
2026-09-12 17:55:32,052 [INFO]   [Destan 3] ASC p  6: 192 ilan (toplam= 1152, 7s)
2026-09-12 17:55:32,809 [INFO]   [Destan 3] ASC p  7: 192 ilan (toplam= 1344, 8s)
2026-09-12 17:55:34,418 [INFO]   [Destan 3] ASC p  8: 192 ilan (toplam= 1536, 9s)
2026-09-12 17:55:35,202 [INFO]   [Destan 3] ASC p  9: 192 ilan (toplam= 1728, 10s)
2026-09-12 17:55:35,981 [INFO]   [Destan 3] ASC p 10: 192 ilan (toplam= 1920, 11s)
2026-09-12 17:55:36,751 [INFO]   [Destan 3] ASC p 11: 192 ilan (toplam= 2112, 12s)
2026-09-12 17:55:37,515 [INFO]   [Destan 3] ASC p 12: 192 ilan (toplam= 2304, 12s)
2026-09-12 17:55:38,257 [INFO]   [Destan 3] ASC p 13: 192 ilan (toplam= 2496, 13s)
2026-09-12 17:55:38,994 [INFO]   [Destan 3] ASC p 14: 192 ilan (toplam= 2688, 14s)
2026-09-12 17:55:40,781 [INFO]   [Destan 3] ASC p 15: 192 ilan (toplam= 2880, 16s)
2026-09-12 17:55:41,519 [INFO]   [Destan 3] ASC p 16: 192 ilan (toplam= 3072, 16s)
2026-09-12 17:55:42,260 [INFO]   [Destan 3] ASC p 17: 192 ilan (toplam= 3264, 17s)
2026-09-12 17:55:44,209 [INFO]   [Destan 3] ASC p 18: 192 ilan (toplam= 3456, 19s)
2026-09-12 17:55:44,968 [INFO]   [Destan 3] ASC p 19: 192 ilan (toplam= 3648, 20s)
2026-09-12 17:55:46,403 [INFO]   [Destan 3] ASC p 20: 192 ilan (toplam= 3840, 21s)
2026-09-12 17:55:47,238 [INFO]   [Destan 3] ASC p 21: 192 ilan (toplam= 4032, 22s)
2026-09-12 17:55:47,988 [INFO]   [Destan 3] ASC p 22: 192 ilan (toplam= 4224, 23s)
2026-09-12 17:55:48,726 [INFO]   [Destan 3] ASC p 23: 192 ilan (toplam= 4416, 24s)
2026-09-12 17:55:49,505 [INFO]   [Destan 3] ASC p 24: 192 ilan (toplam= 4608, 24s)
2026-09-12 17:55:50,254 [INFO]   [Destan 3] ASC p 25: 192 ilan (toplam= 4800, 25s)
2026-09-12 17:55:51,474 [INFO]   [Destan 3] ASC p 26: 192 ilan (toplam= 4992, 26s)
2026-09-12 17:55:52,244 [INFO]   [Destan 3] ASC p 27: 192 ilan (toplam= 5184, 27s)
2026-09-12 17:55:53,041 [INFO]   [Destan 3] ASC p 28: 192 ilan (toplam= 5376, 28s)
2026-09-12 17:55:54,250 [INFO]   [Destan 3] ASC p 29: 192 ilan (toplam= 5568, 29s)
2026-09-12 17:55:55,015 [INFO]   [Destan 3] ASC p 30: 192 ilan (toplam= 5760, 30s)
2026-09-12 17:55:55,621 [WARNING]   [Destan 3] ASC p31 → 429, 60sn bekle
2026-09-12 17:56:55,743 [INFO] Token yenilendi: eyJzaWQiOiJmYjYyODhm...
2026-09-12 17:56:55,895 [WARNING]   [Destan 3] p31 → 429 — 60sn bekleniyor
2026-09-12 17:57:56,008 [INFO] Token yenilendi: eyJzaWQiOiJmYjYyODhm...
2026-09-12 17:57:56,134 [WARNING]   [Destan 3] p31 → 429 — 120sn bekleniyor
2026-09-12 17:59:56,270 [INFO] Token yenilendi: eyJzaWQiOiJmYjYyODhm...
2026-09-12 17:59:56,383 [WARNING]   [Destan 3] p31 → 429 — 180sn bekleniyor
2026-09-12 18:02:56,518 [INFO] Token yenilendi: eyJzaWQiOiJmYjYyODhm...
2026-09-12 18:02:56,519 [WARNING]   [Destan 3] ASC sayfa 31 alinamadi — bitti
2026-09-12 18:02:56,519 [INFO]   [Destan 3] ASC bitti: 5760 ilan
2026-09-12 18:02:56,519 [INFO] [Destan 3] PASS 2: pahalıdan ucuya
2026-09-12 18:03:02,407 [WARNING]   [Destan 3] DESC p1 → 429, 60sn bekle
2026-09-12 18:04:02,522 [INFO] Token yenilendi: eyJzaWQiOiJmYjYyODhm...
2026-09-12 18:04:02,641 [WARNING]   [Destan 3] p1 → 429 — 60sn bekleniyor
2026-09-12 18:05:02,778 [INFO] Token yenilendi: eyJzaWQiOiJmYjYyODhm...
2026-09-12 18:05:02,888 [WARNING]   [Destan 3] p1 → 429 — 120sn bekleniyor
2026-09-12 18:07:03,011 [INFO] Token yenilendi: eyJzaWQiOiJmYjYyODhm...
2026-09-12 18:07:03,115 [WARNING]   [Destan 3] p1 → 429 — 180sn bekleniyor
2026-09-12 18:10:03,246 [INFO] Token yenilendi: eyJzaWQiOiJmYjYyODhm...
2026-09-12 18:10:03,246 [WARNING]   [Destan 3] DESC sayfa 1 alinamadi — bitti
2026-09-12 18:10:03,246 [INFO]   [Destan 3] DESC bitti: 0 ilan
2026-09-12 18:10:03,249 [INFO] [Destan 3] TOPLAM (dedup): 187 unique ilan
2026-09-12 18:10:04,949 [INFO] [destan3] 187 ilan yazildi (1385ms)
2026-09-12 18:10:04,949 [INFO] Tamamlandi — 880sn
2026-09-12 18:10:04,949 [INFO] ============================================================
2026-09-12 18:10:24,739 [INFO] ============================================================
2026-09-12 18:10:24,739 [INFO] MSGKO Scraper v4 — 2026-09-12 18:10:24
2026-09-12 18:10:24,740 [INFO] Kanal [0]: Zero 3 (serverType=0)
2026-09-12 18:10:25,459 [INFO] Token alindi: eyJzaWQiOiJkMjUzM2Vi...
2026-09-12 18:10:25,459 [INFO] [Zero 3] Baglanti testi...
2026-09-12 18:10:25,566 [WARNING] Sayfa 1: HTTP 429
2026-09-12 18:10:25,566 [INFO] 60sn bekleniyor...
2026-09-12 18:11:25,822 [INFO] Token yenilendi: eyJzaWQiOiJkMjUzM2Vi...
2026-09-12 18:11:25,987 [WARNING] Sayfa 1: HTTP 429
2026-09-12 18:11:25,987 [INFO] 120sn bekleniyor...
2026-09-12 18:13:26,320 [INFO] Token yenilendi: eyJzaWQiOiJkMjUzM2Vi...
2026-09-12 18:13:26,448 [WARNING] Sayfa 1: HTTP 429
2026-09-12 18:13:26,449 [WARNING] Site engelliyor — run atlaniyor
2026-09-12 18:16:24,699 [INFO] ============================================================
2026-09-12 18:16:24,699 [INFO] MSGKO Scraper v4 — 2026-09-12 18:16:24
2026-09-12 18:16:24,700 [INFO] Kanal [1]: Zero 4 (serverType=5)
2026-09-12 18:16:25,597 [INFO] Token alindi: eyJzaWQiOiIzZmI3NTA2...
2026-09-12 18:16:25,598 [INFO] [Zero 4] Baglanti testi...
2026-09-12 18:16:25,717 [WARNING] Sayfa 1: HTTP 429
2026-09-12 18:16:25,717 [INFO] 60sn bekleniyor...
2026-09-12 18:17:25,851 [INFO] Token yenilendi: eyJzaWQiOiIzZmI3NTA2...
2026-09-12 18:17:25,971 [WARNING] Sayfa 1: HTTP 429
2026-09-12 18:17:25,971 [INFO] 120sn bekleniyor...
2026-09-12 18:19:26,090 [INFO] Token yenilendi: eyJzaWQiOiIzZmI3NTA2...
2026-09-12 18:19:26,205 [WARNING] Sayfa 1: HTTP 429
2026-09-12 18:19:26,206 [WARNING] Site engelliyor — run atlaniyor
2026-09-12 18:22:24,686 [INFO] ============================================================
2026-09-12 18:22:24,686 [INFO] MSGKO Scraper v4 — 2026-09-12 18:22:24
2026-09-12 18:22:24,687 [INFO] Kanal [2]: Zero 5 (serverType=8)
2026-09-12 18:22:25,349 [INFO] Token alindi: eyJzaWQiOiJiMTU1NDQ3...
2026-09-12 18:22:25,349 [INFO] [Zero 5] Baglanti testi...
2026-09-12 18:22:25,472 [WARNING] Sayfa 1: HTTP 429
2026-09-12 18:22:25,473 [INFO] 60sn bekleniyor...
2026-09-12 18:23:25,730 [INFO] Token yenilendi: eyJzaWQiOiJiMTU1NDQ3...
2026-09-12 18:23:25,856 [WARNING] Sayfa 1: HTTP 429
2026-09-12 18:23:25,856 [INFO] 120sn bekleniyor...
2026-09-12 18:25:25,995 [INFO] Token yenilendi: eyJzaWQiOiJiMTU1NDQ3...
2026-09-12 18:25:26,116 [WARNING] Sayfa 1: HTTP 429
2026-09-12 18:25:26,116 [WARNING] Site engelliyor — run atlaniyor
2026-09-12 18:28:24,694 [INFO] ============================================================
2026-09-12 18:28:24,694 [INFO] MSGKO Scraper v4 — 2026-09-12 18:28:24
2026-09-12 18:28:24,694 [INFO] Kanal [3]: Zero 8 (serverType=15)
2026-09-12 18:28:25,644 [INFO] Token alindi: eyJzaWQiOiI4OGYwMWQ4...
2026-09-12 18:28:25,644 [INFO] [Zero 8] Baglanti testi...
2026-09-12 18:28:26,220 [INFO] Baglanti OK!
2026-09-12 18:28:26,220 [INFO] [Zero 8] PASS 1: ucuzdan pahalıya
2026-09-12 18:28:26,320 [INFO]   [Zero 8] ASC p  1: 192 ilan (toplam=  192, 1s)
2026-09-12 18:28:27,089 [INFO]   [Zero 8] ASC p  2: 192 ilan (toplam=  384, 2s)
2026-09-12 18:28:28,537 [INFO]   [Zero 8] ASC p  3: 192 ilan (toplam=  576, 3s)
2026-09-12 18:28:29,814 [INFO]   [Zero 8] ASC p  4: 192 ilan (toplam=  768, 5s)
2026-09-12 18:28:30,585 [INFO]   [Zero 8] ASC p  5: 192 ilan (toplam=  960, 5s)
2026-09-12 18:28:32,115 [INFO]   [Zero 8] ASC p  6: 192 ilan (toplam= 1152, 7s)
2026-09-12 18:28:32,850 [INFO]   [Zero 8] ASC p  7: 192 ilan (toplam= 1344, 8s)
2026-09-12 18:28:33,622 [INFO]   [Zero 8] ASC p  8: 192 ilan (toplam= 1536, 8s)
2026-09-12 18:28:34,949 [INFO]   [Zero 8] ASC p  9: 192 ilan (toplam= 1728, 10s)
2026-09-12 18:28:35,696 [INFO]   [Zero 8] ASC p 10: 192 ilan (toplam= 1920, 11s)
2026-09-12 18:28:36,483 [INFO]   [Zero 8] ASC p 11: 192 ilan (toplam= 2112, 11s)
2026-09-12 18:28:37,923 [INFO]   [Zero 8] ASC p 12: 192 ilan (toplam= 2304, 13s)
2026-09-12 18:28:38,672 [INFO]   [Zero 8] ASC p 13: 192 ilan (toplam= 2496, 13s)
2026-09-12 18:28:39,399 [INFO]   [Zero 8] ASC p 14: 192 ilan (toplam= 2688, 14s)
2026-09-12 18:28:40,172 [INFO]   [Zero 8] ASC p 15: 192 ilan (toplam= 2880, 15s)
2026-09-12 18:28:41,890 [INFO]   [Zero 8] ASC p 16: 192 ilan (toplam= 3072, 17s)
2026-09-12 18:28:42,617 [INFO]   [Zero 8] ASC p 17: 192 ilan (toplam= 3264, 17s)
2026-09-12 18:28:43,382 [INFO]   [Zero 8] ASC p 18: 192 ilan (toplam= 3456, 18s)
2026-09-12 18:28:44,132 [INFO]   [Zero 8] ASC p 19: 192 ilan (toplam= 3648, 19s)
2026-09-12 18:28:45,657 [INFO]   [Zero 8] ASC p 20: 192 ilan (toplam= 3840, 20s)
2026-09-12 18:28:47,022 [INFO]   [Zero 8] ASC p 21: 192 ilan (toplam= 4032, 22s)
2026-09-12 18:28:47,763 [INFO]   [Zero 8] ASC p 22: 192 ilan (toplam= 4224, 23s)
2026-09-12 18:28:48,511 [INFO]   [Zero 8] ASC p 23: 192 ilan (toplam= 4416, 23s)
2026-09-12 18:28:49,269 [INFO]   [Zero 8] ASC p 24: 192 ilan (toplam= 4608, 24s)
2026-09-12 18:28:49,998 [INFO]   [Zero 8] ASC p 25: 192 ilan (toplam= 4800, 25s)
2026-09-12 18:28:50,897 [INFO]   [Zero 8] ASC p 26: 192 ilan (toplam= 4992, 26s)
2026-09-12 18:28:51,715 [INFO]   [Zero 8] ASC p 27: 192 ilan (toplam= 5184, 27s)
2026-09-12 18:28:52,490 [INFO]   [Zero 8] ASC p 28: 192 ilan (toplam= 5376, 27s)
2026-09-12 18:28:53,279 [INFO]   [Zero 8] ASC p 29: 192 ilan (toplam= 5568, 28s)
2026-09-12 18:28:54,084 [INFO]   [Zero 8] ASC p 30: 192 ilan (toplam= 5760, 29s)
2026-09-12 18:28:55,761 [WARNING]   [Zero 8] ASC p31 → 429, 60sn bekle
2026-09-12 18:29:55,907 [INFO] Token yenilendi: eyJzaWQiOiI4OGYwMWQ4...
2026-09-12 18:29:56,023 [WARNING]   [Zero 8] p31 → 429 — 60sn bekleniyor
2026-09-12 18:30:56,141 [INFO] Token yenilendi: eyJzaWQiOiI4OGYwMWQ4...
2026-09-12 18:30:56,276 [WARNING]   [Zero 8] p31 → 429 — 120sn bekleniyor
2026-09-12 18:32:56,979 [INFO] Token yenilendi: eyJzaWQiOiI4OGYwMWQ4...
2026-09-12 18:32:57,114 [WARNING]   [Zero 8] p31 → 429 — 180sn bekleniyor
2026-09-12 18:35:57,237 [INFO] Token yenilendi: eyJzaWQiOiI4OGYwMWQ4...
2026-09-12 18:35:57,237 [WARNING]   [Zero 8] ASC sayfa 31 alinamadi — bitti
2026-09-12 18:35:57,237 [INFO]   [Zero 8] ASC bitti: 5760 ilan
2026-09-12 18:35:57,237 [INFO] [Zero 8] PASS 2: pahalıdan ucuya
2026-09-12 18:36:02,356 [WARNING]   [Zero 8] DESC p1 → 429, 60sn bekle
2026-09-12 18:37:02,779 [INFO] Token yenilendi: eyJzaWQiOiI4OGYwMWQ4...
2026-09-12 18:37:02,948 [WARNING]   [Zero 8] p1 → 429 — 60sn bekleniyor
2026-09-12 18:38:03,066 [INFO] Token yenilendi: eyJzaWQiOiI4OGYwMWQ4...
2026-09-12 18:38:03,179 [WARNING]   [Zero 8] p1 → 429 — 120sn bekleniyor
2026-09-12 18:40:03,300 [INFO] Token yenilendi: eyJzaWQiOiI4OGYwMWQ4...
2026-09-12 18:40:03,419 [WARNING]   [Zero 8] p1 → 429 — 180sn bekleniyor
2026-09-12 18:43:03,536 [INFO] Token yenilendi: eyJzaWQiOiI4OGYwMWQ4...
2026-09-12 18:43:03,536 [WARNING]   [Zero 8] DESC sayfa 1 alinamadi — bitti
2026-09-12 18:43:03,536 [INFO]   [Zero 8] DESC bitti: 0 ilan
2026-09-12 18:43:03,539 [INFO] [Zero 8] TOPLAM (dedup): 138 unique ilan
2026-09-12 18:43:06,244 [INFO] [zero8] 138 ilan yazildi (2384ms)
2026-09-12 18:43:06,244 [INFO] Tamamlandi — 881sn
2026-09-12 18:43:06,244 [INFO] ============================================================
2026-09-12 18:43:24,694 [INFO] ============================================================
2026-09-12 18:43:24,695 [INFO] MSGKO Scraper v4 — 2026-09-12 18:43:24
2026-09-12 18:43:24,695 [INFO] Kanal [4]: Agartha 3 (serverType=1)
2026-09-12 18:43:26,231 [INFO] Token alindi: eyJzaWQiOiI4MGQxODU1...
2026-09-12 18:43:26,231 [INFO] [Agartha 3] Baglanti testi...
2026-09-12 18:43:26,364 [WARNING] Sayfa 1: HTTP 429
2026-09-12 18:43:26,364 [INFO] 60sn bekleniyor...
2026-09-12 18:44:26,489 [INFO] Token yenilendi: eyJzaWQiOiI4MGQxODU1...
2026-09-12 18:44:26,699 [WARNING] Sayfa 1: HTTP 429
2026-09-12 18:44:26,699 [INFO] 120sn bekleniyor...
2026-09-12 18:46:26,830 [INFO] Token yenilendi: eyJzaWQiOiI4MGQxODU1...
2026-09-12 18:46:26,959 [WARNING] Sayfa 1: HTTP 429
2026-09-12 18:46:26,959 [WARNING] Site engelliyor — run atlaniyor
2026-09-12 18:49:24,691 [INFO] ============================================================
2026-09-12 18:49:24,691 [INFO] MSGKO Scraper v4 — 2026-09-12 18:49:24
2026-09-12 18:49:24,691 [INFO] Kanal [5]: Agartha 4 (serverType=12)
2026-09-12 18:49:25,313 [INFO] Token alindi: eyJzaWQiOiJiODJhOGY2...
2026-09-12 18:49:25,313 [INFO] [Agartha 4] Baglanti testi...
2026-09-12 18:49:25,447 [WARNING] Sayfa 1: HTTP 429
2026-09-12 18:49:25,447 [INFO] 60sn bekleniyor...
2026-09-12 18:50:25,621 [INFO] Token yenilendi: eyJzaWQiOiJiODJhOGY2...
2026-09-12 18:50:25,734 [WARNING] Sayfa 1: HTTP 429
2026-09-12 18:50:25,734 [INFO] 120sn bekleniyor...
2026-09-12 18:52:26,656 [INFO] Token yenilendi: eyJzaWQiOiJiODJhOGY2...
2026-09-12 18:52:26,825 [WARNING] Sayfa 1: HTTP 429
2026-09-12 18:52:26,825 [WARNING] Site engelliyor — run atlaniyor
2026-09-12 18:55:24,732 [INFO] ============================================================
2026-09-12 18:55:24,732 [INFO] MSGKO Scraper v4 — 2026-09-12 18:55:24
2026-09-12 18:55:24,732 [INFO] Kanal [6]: Pandora 3 (serverType=2)
2026-09-12 18:55:26,297 [INFO] Token alindi: eyJzaWQiOiI4OTM2NmFj...
2026-09-12 18:55:26,297 [INFO] [Pandora 3] Baglanti testi...
2026-09-12 18:55:26,428 [WARNING] Sayfa 1: HTTP 429
2026-09-12 18:55:26,428 [INFO] 60sn bekleniyor...
2026-09-12 18:56:27,203 [INFO] Token yenilendi: eyJzaWQiOiI4OTM2NmFj...
2026-09-12 18:56:27,319 [WARNING] Sayfa 1: HTTP 429
2026-09-12 18:56:27,319 [INFO] 120sn bekleniyor...
2026-09-12 18:58:27,430 [INFO] Token yenilendi: eyJzaWQiOiI4OTM2NmFj...
2026-09-12 18:58:27,529 [WARNING] Sayfa 1: HTTP 429
2026-09-12 18:58:27,529 [WARNING] Site engelliyor — run atlaniyor
2026-09-12 19:01:24,705 [INFO] ============================================================
2026-09-12 19:01:24,706 [INFO] MSGKO Scraper v4 — 2026-09-12 19:01:24
2026-09-12 19:01:24,707 [INFO] Kanal [7]: Pandora 4 (serverType=11)
2026-09-12 19:01:25,369 [INFO] Token alindi: eyJzaWQiOiJmNDYzOTA4...
2026-09-12 19:01:25,369 [INFO] [Pandora 4] Baglanti testi...
2026-09-12 19:01:25,582 [INFO] Baglanti OK!
2026-09-12 19:01:25,582 [INFO] [Pandora 4] PASS 1: ucuzdan pahalıya
2026-09-12 19:01:25,685 [INFO]   [Pandora 4] ASC p  1: 192 ilan (toplam=  192, 0s)
2026-09-12 19:01:26,471 [INFO]   [Pandora 4] ASC p  2: 192 ilan (toplam=  384, 1s)
2026-09-12 19:01:28,250 [INFO]   [Pandora 4] ASC p  3: 192 ilan (toplam=  576, 3s)
2026-09-12 19:01:29,650 [INFO]   [Pandora 4] ASC p  4: 192 ilan (toplam=  768, 4s)
2026-09-12 19:01:31,414 [INFO]   [Pandora 4] ASC p  5: 192 ilan (toplam=  960, 6s)
2026-09-12 19:01:33,217 [INFO]   [Pandora 4] ASC p  6: 192 ilan (toplam= 1152, 8s)
2026-09-12 19:01:34,990 [INFO]   [Pandora 4] ASC p  7: 192 ilan (toplam= 1344, 10s)
2026-09-12 19:01:35,758 [INFO]   [Pandora 4] ASC p  8: 192 ilan (toplam= 1536, 11s)
2026-09-12 19:01:36,493 [INFO]   [Pandora 4] ASC p  9: 192 ilan (toplam= 1728, 11s)
2026-09-12 19:01:37,638 [INFO]   [Pandora 4] ASC p 10: 192 ilan (toplam= 1920, 12s)
2026-09-12 19:01:38,373 [INFO]   [Pandora 4] ASC p 11: 192 ilan (toplam= 2112, 13s)
2026-09-12 19:01:39,168 [INFO]   [Pandora 4] ASC p 12: 192 ilan (toplam= 2304, 14s)
2026-09-12 19:01:39,993 [INFO]   [Pandora 4] ASC p 13: 192 ilan (toplam= 2496, 15s)
2026-09-12 19:01:40,733 [INFO]   [Pandora 4] ASC p 14: 192 ilan (toplam= 2688, 16s)
2026-09-12 19:01:41,501 [INFO]   [Pandora 4] ASC p 15: 192 ilan (toplam= 2880, 16s)
2026-09-12 19:01:43,063 [INFO]   [Pandora 4] ASC p 16: 192 ilan (toplam= 3072, 18s)
2026-09-12 19:01:43,830 [INFO]   [Pandora 4] ASC p 17: 192 ilan (toplam= 3264, 19s)
2026-09-12 19:01:44,723 [INFO]   [Pandora 4] ASC p 18: 192 ilan (toplam= 3456, 20s)
2026-09-12 19:01:46,204 [INFO]   [Pandora 4] ASC p 19: 192 ilan (toplam= 3648, 21s)
2026-09-12 19:01:47,868 [INFO]   [Pandora 4] ASC p 20: 192 ilan (toplam= 3840, 23s)
2026-09-12 19:01:48,651 [INFO]   [Pandora 4] ASC p 21: 192 ilan (toplam= 4032, 23s)
2026-09-12 19:01:49,388 [INFO]   [Pandora 4] ASC p 22: 192 ilan (toplam= 4224, 24s)
2026-09-12 19:01:51,068 [INFO]   [Pandora 4] ASC p 23: 192 ilan (toplam= 4416, 26s)
2026-09-12 19:01:52,553 [INFO]   [Pandora 4] ASC p 24: 192 ilan (toplam= 4608, 27s)
2026-09-12 19:01:53,335 [INFO]   [Pandora 4] ASC p 25: 192 ilan (toplam= 4800, 28s)
2026-09-12 19:01:54,082 [INFO]   [Pandora 4] ASC p 26: 192 ilan (toplam= 4992, 29s)
2026-09-12 19:01:55,425 [INFO]   [Pandora 4] ASC p 27: 192 ilan (toplam= 5184, 30s)
2026-09-12 19:01:56,321 [INFO]   [Pandora 4] ASC p 28: 192 ilan (toplam= 5376, 31s)
2026-09-12 19:01:57,175 [INFO]   [Pandora 4] ASC p 29: 192 ilan (toplam= 5568, 32s)
2026-09-12 19:01:57,939 [INFO]   [Pandora 4] ASC p 30: 192 ilan (toplam= 5760, 33s)
2026-09-12 19:01:59,468 [WARNING]   [Pandora 4] ASC p31 → 429, 60sn bekle
2026-09-12 19:03:00,006 [INFO] Token yenilendi: eyJzaWQiOiJmNDYzOTA4...
2026-09-12 19:03:00,119 [WARNING]   [Pandora 4] p31 → 429 — 60sn bekleniyor
2026-09-12 19:04:00,253 [INFO] Token yenilendi: eyJzaWQiOiJmNDYzOTA4...
2026-09-12 19:04:00,370 [WARNING]   [Pandora 4] p31 → 429 — 120sn bekleniyor
2026-09-12 19:06:00,527 [INFO] Token yenilendi: eyJzaWQiOiJmNDYzOTA4...
2026-09-12 19:06:00,649 [WARNING]   [Pandora 4] p31 → 429 — 180sn bekleniyor
2026-09-12 19:09:01,213 [INFO] Token yenilendi: eyJzaWQiOiJmNDYzOTA4...
2026-09-12 19:09:01,213 [WARNING]   [Pandora 4] ASC sayfa 31 alinamadi — bitti
2026-09-12 19:09:01,213 [INFO]   [Pandora 4] ASC bitti: 5760 ilan
2026-09-12 19:09:01,214 [INFO] [Pandora 4] PASS 2: pahalıdan ucuya
2026-09-12 19:09:06,339 [WARNING]   [Pandora 4] DESC p1 → 429, 60sn bekle
2026-09-12 19:10:07,485 [INFO] Token yenilendi: eyJzaWQiOiJmNDYzOTA4...
2026-09-12 19:10:07,596 [WARNING]   [Pandora 4] p1 → 429 — 60sn bekleniyor
2026-09-12 19:11:07,793 [INFO] Token yenilendi: eyJzaWQiOiJmNDYzOTA4...
2026-09-12 19:11:07,912 [WARNING]   [Pandora 4] p1 → 429 — 120sn bekleniyor
2026-09-12 19:13:08,082 [INFO] Token yenilendi: eyJzaWQiOiJmNDYzOTA4...
2026-09-12 19:13:08,190 [WARNING]   [Pandora 4] p1 → 429 — 180sn bekleniyor
2026-09-12 19:16:08,522 [INFO] Token yenilendi: eyJzaWQiOiJmNDYzOTA4...
2026-09-12 19:16:08,522 [WARNING]   [Pandora 4] DESC sayfa 1 alinamadi — bitti
2026-09-12 19:16:08,522 [INFO]   [Pandora 4] DESC bitti: 0 ilan
2026-09-12 19:16:08,525 [INFO] [Pandora 4] TOPLAM (dedup): 154 unique ilan
2026-09-12 19:16:10,058 [INFO] [pandora4] 154 ilan yazildi (1191ms)
2026-09-12 19:16:10,058 [INFO] Tamamlandi — 885sn
2026-09-12 19:16:10,058 [INFO] ============================================================
2026-09-12 19:16:24,694 [INFO] ============================================================
2026-09-12 19:16:24,694 [INFO] MSGKO Scraper v4 — 2026-09-12 19:16:24
2026-09-12 19:16:24,694 [INFO] Kanal [8]: Destan 2 (serverType=4)
2026-09-12 19:16:25,319 [INFO] Token alindi: eyJzaWQiOiI1NjA0ZTY2...
2026-09-12 19:16:25,320 [INFO] [Destan 2] Baglanti testi...
2026-09-12 19:16:25,447 [WARNING] Sayfa 1: HTTP 429
2026-09-12 19:16:25,447 [INFO] 60sn bekleniyor...
2026-09-12 19:17:25,583 [INFO] Token yenilendi: eyJzaWQiOiI1NjA0ZTY2...
2026-09-12 19:17:25,724 [WARNING] Sayfa 1: HTTP 429
2026-09-12 19:17:25,724 [INFO] 120sn bekleniyor...
2026-09-12 19:19:25,869 [INFO] Token yenilendi: eyJzaWQiOiI1NjA0ZTY2...
2026-09-12 19:19:26,006 [WARNING] Sayfa 1: HTTP 429
2026-09-12 19:19:26,006 [WARNING] Site engelliyor — run atlaniyor
2026-09-12 19:22:24,681 [INFO] ============================================================
2026-09-12 19:22:24,681 [INFO] MSGKO Scraper v4 — 2026-09-12 19:22:24
2026-09-12 19:22:24,682 [INFO] Kanal [9]: Destan 3 (serverType=13)
2026-09-12 19:22:26,138 [INFO] Token alindi: eyJzaWQiOiJiYjRmZDI3...
2026-09-12 19:22:26,138 [INFO] [Destan 3] Baglanti testi...
2026-09-12 19:22:26,273 [WARNING] Sayfa 1: HTTP 429
2026-09-12 19:22:26,274 [INFO] 60sn bekleniyor...
2026-09-12 19:23:26,408 [INFO] Token yenilendi: eyJzaWQiOiJiYjRmZDI3...
2026-09-12 19:23:26,526 [WARNING] Sayfa 1: HTTP 429
2026-09-12 19:23:26,526 [INFO] 120sn bekleniyor...
2026-09-12 19:25:26,663 [INFO] Token yenilendi: eyJzaWQiOiJiYjRmZDI3...
2026-09-12 19:25:26,786 [WARNING] Sayfa 1: HTTP 429
2026-09-12 19:25:26,786 [WARNING] Site engelliyor — run atlaniyor
2026-09-12 19:28:24,708 [INFO] ============================================================
2026-09-12 19:28:24,708 [INFO] MSGKO Scraper v4 — 2026-09-12 19:28:24
2026-09-12 19:28:24,708 [INFO] Kanal [0]: Zero 3 (serverType=0)
2026-09-12 19:28:26,122 [INFO] Token alindi: eyJzaWQiOiI0NDg0YjMy...
2026-09-12 19:28:26,123 [INFO] [Zero 3] Baglanti testi...
2026-09-12 19:28:27,297 [WARNING] Sayfa 1: HTTP 429
2026-09-12 19:28:27,297 [INFO] 60sn bekleniyor...
2026-09-12 19:29:27,425 [INFO] Token yenilendi: eyJzaWQiOiI0NDg0YjMy...
2026-09-12 19:29:27,532 [WARNING] Sayfa 1: HTTP 429
2026-09-12 19:29:27,532 [INFO] 120sn bekleniyor...
2026-09-12 19:31:27,662 [INFO] Token yenilendi: eyJzaWQiOiI0NDg0YjMy...
2026-09-12 19:31:27,797 [WARNING] Sayfa 1: HTTP 429
2026-09-12 19:31:27,797 [WARNING] Site engelliyor — run atlaniyor
2026-09-12 19:34:24,691 [INFO] ============================================================
2026-09-12 19:34:24,691 [INFO] MSGKO Scraper v4 — 2026-09-12 19:34:24
2026-09-12 19:34:24,692 [INFO] Kanal [1]: Zero 4 (serverType=5)
2026-09-12 19:34:26,527 [INFO] Token alindi: eyJzaWQiOiJiMDhiOWM1...
2026-09-12 19:34:26,527 [INFO] [Zero 4] Baglanti testi...
2026-09-12 19:34:26,768 [INFO] Baglanti OK!
2026-09-12 19:34:26,768 [INFO] [Zero 4] PASS 1: ucuzdan pahalıya
2026-09-12 19:34:26,857 [INFO]   [Zero 4] ASC p  1: 192 ilan (toplam=  192, 2s)
2026-09-12 19:34:27,615 [INFO]   [Zero 4] ASC p  2: 192 ilan (toplam=  384, 2s)
2026-09-12 19:34:28,348 [INFO]   [Zero 4] ASC p  3: 192 ilan (toplam=  576, 3s)
2026-09-12 19:34:30,104 [INFO]   [Zero 4] ASC p  4: 192 ilan (toplam=  768, 5s)
2026-09-12 19:34:30,865 [INFO]   [Zero 4] ASC p  5: 192 ilan (toplam=  960, 6s)
2026-09-12 19:34:31,602 [INFO]   [Zero 4] ASC p  6: 192 ilan (toplam= 1152, 6s)
2026-09-12 19:34:33,455 [INFO]   [Zero 4] ASC p  7: 192 ilan (toplam= 1344, 8s)
2026-09-12 19:34:34,693 [INFO]   [Zero 4] ASC p  8: 192 ilan (toplam= 1536, 10s)
2026-09-12 19:34:36,203 [INFO]   [Zero 4] ASC p  9: 192 ilan (toplam= 1728, 11s)
2026-09-12 19:34:36,924 [INFO]   [Zero 4] ASC p 10: 192 ilan (toplam= 1920, 12s)
2026-09-12 19:34:37,659 [INFO]   [Zero 4] ASC p 11: 192 ilan (toplam= 2112, 12s)
2026-09-12 19:34:38,419 [INFO]   [Zero 4] ASC p 12: 192 ilan (toplam= 2304, 13s)
2026-09-12 19:34:39,142 [INFO]   [Zero 4] ASC p 13: 192 ilan (toplam= 2496, 14s)
2026-09-12 19:34:40,573 [INFO]   [Zero 4] ASC p 14: 192 ilan (toplam= 2688, 15s)
2026-09-12 19:34:41,352 [INFO]   [Zero 4] ASC p 15: 192 ilan (toplam= 2880, 16s)
2026-09-12 19:34:42,109 [INFO]   [Zero 4] ASC p 16: 192 ilan (toplam= 3072, 17s)
2026-09-12 19:34:43,251 [INFO]   [Zero 4] ASC p 17: 192 ilan (toplam= 3264, 18s)
2026-09-12 19:34:44,032 [INFO]   [Zero 4] ASC p 18: 192 ilan (toplam= 3456, 19s)
2026-09-12 19:34:45,940 [INFO]   [Zero 4] ASC p 19: 192 ilan (toplam= 3648, 21s)
2026-09-12 19:34:46,664 [INFO]   [Zero 4] ASC p 20: 192 ilan (toplam= 3840, 21s)
2026-09-12 19:34:47,427 [INFO]   [Zero 4] ASC p 21: 192 ilan (toplam= 4032, 22s)
2026-09-12 19:34:48,156 [INFO]   [Zero 4] ASC p 22: 192 ilan (toplam= 4224, 23s)
2026-09-12 19:34:49,882 [INFO]   [Zero 4] ASC p 23: 192 ilan (toplam= 4416, 25s)
2026-09-12 19:34:50,661 [INFO]   [Zero 4] ASC p 24: 192 ilan (toplam= 4608, 25s)
2026-09-12 19:34:52,379 [INFO]   [Zero 4] ASC p 25: 192 ilan (toplam= 4800, 27s)
2026-09-12 19:34:53,128 [INFO]   [Zero 4] ASC p 26: 192 ilan (toplam= 4992, 28s)
2026-09-12 19:34:53,929 [INFO]   [Zero 4] ASC p 27: 192 ilan (toplam= 5184, 29s)
2026-09-12 19:34:54,674 [INFO]   [Zero 4] ASC p 28: 192 ilan (toplam= 5376, 29s)
2026-09-12 19:34:55,426 [INFO]   [Zero 4] ASC p 29: 192 ilan (toplam= 5568, 30s)
2026-09-12 19:34:56,186 [INFO]   [Zero 4] ASC p 30: 192 ilan (toplam= 5760, 31s)
2026-09-12 19:34:56,802 [WARNING]   [Zero 4] ASC p31 → 429, 60sn bekle
2026-09-12 19:35:56,937 [INFO] Token yenilendi: eyJzaWQiOiJiMDhiOWM1...
2026-09-12 19:35:57,047 [WARNING]   [Zero 4] p31 → 429 — 60sn bekleniyor
2026-09-12 19:36:57,653 [INFO] Token yenilendi: eyJzaWQiOiJiMDhiOWM1...
2026-09-12 19:36:57,805 [WARNING]   [Zero 4] p31 → 429 — 120sn bekleniyor
2026-09-12 19:38:57,990 [INFO] Token yenilendi: eyJzaWQiOiJiMDhiOWM1...
2026-09-12 19:38:58,109 [WARNING]   [Zero 4] p31 → 429 — 180sn bekleniyor
2026-09-12 19:41:58,247 [INFO] Token yenilendi: eyJzaWQiOiJiMDhiOWM1...
2026-09-12 19:41:58,247 [WARNING]   [Zero 4] ASC sayfa 31 alinamadi — bitti
2026-09-12 19:41:58,247 [INFO]   [Zero 4] ASC bitti: 5760 ilan
2026-09-12 19:41:58,247 [INFO] [Zero 4] PASS 2: pahalıdan ucuya
2026-09-12 19:42:03,373 [WARNING]   [Zero 4] DESC p1 → 429, 60sn bekle
2026-09-12 19:43:03,634 [INFO] Token yenilendi: eyJzaWQiOiJiMDhiOWM1...
2026-09-12 19:43:03,779 [WARNING]   [Zero 4] p1 → 429 — 60sn bekleniyor
2026-09-12 19:44:04,123 [INFO] Token yenilendi: eyJzaWQiOiJiMDhiOWM1...
2026-09-12 19:44:04,258 [WARNING]   [Zero 4] p1 → 429 — 120sn bekleniyor
2026-09-12 19:46:04,374 [INFO] Token yenilendi: eyJzaWQiOiJiMDhiOWM1...
2026-09-12 19:46:04,486 [WARNING]   [Zero 4] p1 → 429 — 180sn bekleniyor
2026-09-12 19:49:04,633 [INFO] Token yenilendi: eyJzaWQiOiJiMDhiOWM1...
2026-09-12 19:49:04,633 [WARNING]   [Zero 4] DESC sayfa 1 alinamadi — bitti
2026-09-12 19:49:04,633 [INFO]   [Zero 4] DESC bitti: 0 ilan
2026-09-12 19:49:04,636 [INFO] [Zero 4] TOPLAM (dedup): 161 unique ilan
2026-09-12 19:49:06,106 [INFO] [zero4] 161 ilan yazildi (1146ms)
2026-09-12 19:49:06,106 [INFO] Tamamlandi — 881sn
2026-09-12 19:49:06,106 [INFO] ============================================================
2026-09-12 19:49:24,696 [INFO] ============================================================
2026-09-12 19:49:24,697 [INFO] MSGKO Scraper v4 — 2026-09-12 19:49:24
2026-09-12 19:49:24,697 [INFO] Kanal [2]: Zero 5 (serverType=8)
2026-09-12 19:49:29,705 [INFO] Token alindi: eyJzaWQiOiJlMmMwZjkw...
2026-09-12 19:49:29,705 [INFO] [Zero 5] Baglanti testi...
2026-09-12 19:49:29,843 [WARNING] Sayfa 1: HTTP 429
2026-09-12 19:49:29,843 [INFO] 60sn bekleniyor...
2026-09-12 19:50:29,968 [INFO] Token yenilendi: eyJzaWQiOiJlMmMwZjkw...
2026-09-12 19:50:30,075 [WARNING] Sayfa 1: HTTP 429
2026-09-12 19:50:30,075 [INFO] 120sn bekleniyor...
2026-09-12 19:52:30,189 [INFO] Token yenilendi: eyJzaWQiOiJlMmMwZjkw...
2026-09-12 19:52:30,292 [WARNING] Sayfa 1: HTTP 429
2026-09-12 19:52:30,292 [WARNING] Site engelliyor — run atlaniyor
2026-09-12 19:55:24,720 [INFO] ============================================================
2026-09-12 19:55:24,720 [INFO] MSGKO Scraper v4 — 2026-09-12 19:55:24
2026-09-12 19:55:24,721 [INFO] Kanal [3]: Zero 8 (serverType=15)
2026-09-12 19:55:25,834 [INFO] Token alindi: eyJzaWQiOiJiN2ZhMWI1...
2026-09-12 19:55:25,835 [INFO] [Zero 8] Baglanti testi...
2026-09-12 19:55:25,960 [WARNING] Sayfa 1: HTTP 429
2026-09-12 19:55:25,960 [INFO] 60sn bekleniyor...
2026-09-12 19:56:26,071 [INFO] Token yenilendi: eyJzaWQiOiJiN2ZhMWI1...
2026-09-12 19:56:26,182 [WARNING] Sayfa 1: HTTP 429
2026-09-12 19:56:26,182 [INFO] 120sn bekleniyor...
2026-09-12 19:58:26,379 [INFO] Token yenilendi: eyJzaWQiOiJiN2ZhMWI1...
2026-09-12 19:58:26,513 [WARNING] Sayfa 1: HTTP 429
2026-09-12 19:58:26,513 [WARNING] Site engelliyor — run atlaniyor
2026-09-12 20:01:24,701 [INFO] ============================================================
2026-09-12 20:01:24,701 [INFO] MSGKO Scraper v4 — 2026-09-12 20:01:24
2026-09-12 20:01:24,702 [INFO] Kanal [4]: Agartha 3 (serverType=1)
2026-09-12 20:01:28,166 [INFO] Token alindi: eyJzaWQiOiIxNjk5N2Rh...
2026-09-12 20:01:28,166 [INFO] [Agartha 3] Baglanti testi...
2026-09-12 20:01:29,930 [WARNING] Sayfa 1: HTTP 429
2026-09-12 20:01:29,930 [INFO] 60sn bekleniyor...
2026-09-12 20:02:30,764 [INFO] Token yenilendi: eyJzaWQiOiIxNjk5N2Rh...
2026-09-12 20:02:32,285 [WARNING] Sayfa 1: HTTP 429
2026-09-12 20:02:32,285 [INFO] 120sn bekleniyor...
2026-09-12 20:04:35,323 [INFO] Token yenilendi: eyJzaWQiOiIxNjk5N2Rh...
2026-09-12 20:04:36,104 [WARNING] Sayfa 1: HTTP 429
2026-09-12 20:04:36,104 [WARNING] Site engelliyor — run atlaniyor
2026-09-12 20:07:26,028 [INFO] ============================================================
2026-09-12 20:07:26,028 [INFO] MSGKO Scraper v4 — 2026-09-12 20:07:26
2026-09-12 20:07:26,029 [INFO] Kanal [5]: Agartha 4 (serverType=12)
2026-09-12 20:07:27,915 [INFO] Token alindi: eyJzaWQiOiIyN2U4ZDVj...
2026-09-12 20:07:27,916 [INFO] [Agartha 4] Baglanti testi...
2026-09-12 20:07:28,523 [INFO] Baglanti OK!
2026-09-12 20:07:28,524 [INFO] [Agartha 4] PASS 1: ucuzdan pahalıya
2026-09-12 20:07:28,611 [INFO]   [Agartha 4] ASC p  1: 192 ilan (toplam=  192, 2s)
2026-09-12 20:07:29,394 [INFO]   [Agartha 4] ASC p  2: 192 ilan (toplam=  384, 3s)
2026-09-12 20:07:30,157 [INFO]   [Agartha 4] ASC p  3: 192 ilan (toplam=  576, 4s)
2026-09-12 20:07:31,778 [INFO]   [Agartha 4] ASC p  4: 192 ilan (toplam=  768, 5s)
2026-09-12 20:07:32,613 [INFO]   [Agartha 4] ASC p  5: 192 ilan (toplam=  960, 6s)
2026-09-12 20:07:33,360 [INFO]   [Agartha 4] ASC p  6: 192 ilan (toplam= 1152, 7s)
2026-09-12 20:07:34,105 [INFO]   [Agartha 4] ASC p  7: 192 ilan (toplam= 1344, 8s)
2026-09-12 20:07:35,917 [INFO]   [Agartha 4] ASC p  8: 192 ilan (toplam= 1536, 9s)
2026-09-12 20:07:36,652 [INFO]   [Agartha 4] ASC p  9: 192 ilan (toplam= 1728, 10s)
2026-09-12 20:07:37,389 [INFO]   [Agartha 4] ASC p 10: 192 ilan (toplam= 1920, 11s)
2026-09-12 20:07:38,770 [INFO]   [Agartha 4] ASC p 11: 192 ilan (toplam= 2112, 12s)
2026-09-12 20:07:39,588 [INFO]   [Agartha 4] ASC p 12: 192 ilan (toplam= 2304, 13s)
2026-09-12 20:07:41,307 [INFO]   [Agartha 4] ASC p 13: 192 ilan (toplam= 2496, 15s)
2026-09-12 20:07:42,044 [INFO]   [Agartha 4] ASC p 14: 192 ilan (toplam= 2688, 16s)
2026-09-12 20:07:43,798 [INFO]   [Agartha 4] ASC p 15: 192 ilan (toplam= 2880, 17s)
2026-09-12 20:07:44,564 [INFO]   [Agartha 4] ASC p 16: 192 ilan (toplam= 3072, 18s)
2026-09-12 20:07:45,296 [INFO]   [Agartha 4] ASC p 17: 192 ilan (toplam= 3264, 19s)
2026-09-12 20:07:46,056 [INFO]   [Agartha 4] ASC p 18: 192 ilan (toplam= 3456, 20s)
2026-09-12 20:07:47,330 [INFO]   [Agartha 4] ASC p 19: 192 ilan (toplam= 3648, 21s)
2026-09-12 20:07:48,641 [INFO]   [Agartha 4] ASC p 20: 192 ilan (toplam= 3840, 22s)
2026-09-12 20:07:49,423 [INFO]   [Agartha 4] ASC p 21: 192 ilan (toplam= 4032, 23s)
2026-09-12 20:07:51,159 [INFO]   [Agartha 4] ASC p 22: 192 ilan (toplam= 4224, 25s)
2026-09-12 20:07:52,876 [INFO]   [Agartha 4] ASC p 23: 192 ilan (toplam= 4416, 26s)
2026-09-12 20:07:54,397 [INFO]   [Agartha 4] ASC p 24: 192 ilan (toplam= 4608, 28s)
2026-09-12 20:07:56,138 [INFO]   [Agartha 4] ASC p 25: 192 ilan (toplam= 4800, 30s)
2026-09-12 20:07:57,787 [INFO]   [Agartha 4] ASC p 26: 192 ilan (toplam= 4992, 31s)
2026-09-12 20:07:58,636 [INFO]   [Agartha 4] ASC p 27: 192 ilan (toplam= 5184, 32s)
2026-09-12 20:08:00,561 [INFO]   [Agartha 4] ASC p 28: 192 ilan (toplam= 5376, 34s)
2026-09-12 20:08:01,320 [INFO]   [Agartha 4] ASC p 29: 192 ilan (toplam= 5568, 35s)
2026-09-12 20:08:02,080 [INFO]   [Agartha 4] ASC p 30: 192 ilan (toplam= 5760, 36s)
2026-09-12 20:08:02,702 [WARNING]   [Agartha 4] ASC p31 → 429, 60sn bekle
2026-09-12 20:09:02,826 [INFO] Token yenilendi: eyJzaWQiOiIyN2U4ZDVj...
2026-09-12 20:09:02,988 [WARNING]   [Agartha 4] p31 → 429 — 60sn bekleniyor
2026-09-12 20:10:03,123 [INFO] Token yenilendi: eyJzaWQiOiIyN2U4ZDVj...
2026-09-12 20:10:03,243 [WARNING]   [Agartha 4] p31 → 429 — 120sn bekleniyor
2026-09-12 20:12:03,353 [INFO] Token yenilendi: eyJzaWQiOiIyN2U4ZDVj...
2026-09-12 20:12:03,461 [WARNING]   [Agartha 4] p31 → 429 — 180sn bekleniyor
2026-09-12 20:15:03,592 [INFO] Token yenilendi: eyJzaWQiOiIyN2U4ZDVj...
2026-09-12 20:15:03,593 [WARNING]   [Agartha 4] ASC sayfa 31 alinamadi — bitti
2026-09-12 20:15:03,593 [INFO]   [Agartha 4] ASC bitti: 5760 ilan
2026-09-12 20:15:03,593 [INFO] [Agartha 4] PASS 2: pahalıdan ucuya
2026-09-12 20:15:09,106 [WARNING]   [Agartha 4] DESC p1 → 429, 60sn bekle
2026-09-12 20:16:09,217 [INFO] Token yenilendi: eyJzaWQiOiIyN2U4ZDVj...
2026-09-12 20:16:09,358 [WARNING]   [Agartha 4] p1 → 429 — 60sn bekleniyor
2026-09-12 20:17:09,489 [INFO] Token yenilendi: eyJzaWQiOiIyN2U4ZDVj...
2026-09-12 20:17:09,663 [WARNING]   [Agartha 4] p1 → 429 — 120sn bekleniyor
2026-09-12 20:19:09,792 [INFO] Token yenilendi: eyJzaWQiOiIyN2U4ZDVj...
2026-09-12 20:19:09,905 [WARNING]   [Agartha 4] p1 → 429 — 180sn bekleniyor
2026-09-12 20:22:10,051 [INFO] Token yenilendi: eyJzaWQiOiIyN2U4ZDVj...
2026-09-12 20:22:10,051 [WARNING]   [Agartha 4] DESC sayfa 1 alinamadi — bitti
2026-09-12 20:22:10,051 [INFO]   [Agartha 4] DESC bitti: 0 ilan
2026-09-12 20:22:10,057 [INFO] [Agartha 4] TOPLAM (dedup): 153 unique ilan
2026-09-12 20:22:11,520 [INFO] [agartha4] 153 ilan yazildi (1147ms)
2026-09-12 20:22:11,521 [INFO] Tamamlandi — 885sn
2026-09-12 20:22:11,521 [INFO] ============================================================
2026-09-12 20:22:24,739 [INFO] ============================================================
2026-09-12 20:22:24,739 [INFO] MSGKO Scraper v4 — 2026-09-12 20:22:24
2026-09-12 20:22:24,739 [INFO] Kanal [6]: Pandora 3 (serverType=2)
2026-09-12 20:22:25,612 [INFO] Token alindi: eyJzaWQiOiI0Mzg1YTRm...
2026-09-12 20:22:25,612 [INFO] [Pandora 3] Baglanti testi...
2026-09-12 20:22:25,722 [WARNING] Sayfa 1: HTTP 429
2026-09-12 20:22:25,722 [INFO] 60sn bekleniyor...
2026-09-12 20:23:25,907 [INFO] Token yenilendi: eyJzaWQiOiI0Mzg1YTRm...
2026-09-12 20:23:26,053 [WARNING] Sayfa 1: HTTP 429
2026-09-12 20:23:26,053 [INFO] 120sn bekleniyor...
2026-09-12 20:25:26,845 [INFO] Token yenilendi: eyJzaWQiOiI0Mzg1YTRm...
2026-09-12 20:25:26,999 [WARNING] Sayfa 1: HTTP 429
2026-09-12 20:25:26,999 [WARNING] Site engelliyor — run atlaniyor
2026-09-12 20:28:24,706 [INFO] ============================================================
2026-09-12 20:28:24,706 [INFO] MSGKO Scraper v4 — 2026-09-12 20:28:24
2026-09-12 20:28:24,707 [INFO] Kanal [7]: Pandora 4 (serverType=11)
2026-09-12 20:28:25,329 [INFO] Token alindi: eyJzaWQiOiJjNjRmYWIy...
2026-09-12 20:28:25,329 [INFO] [Pandora 4] Baglanti testi...
2026-09-12 20:28:25,437 [WARNING] Sayfa 1: HTTP 429
2026-09-12 20:28:25,437 [INFO] 60sn bekleniyor...
2026-09-12 20:29:25,930 [INFO] Token yenilendi: eyJzaWQiOiJjNjRmYWIy...
2026-09-12 20:29:26,105 [WARNING] Sayfa 1: HTTP 429
2026-09-12 20:29:26,105 [INFO] 120sn bekleniyor...
2026-09-12 20:31:26,216 [INFO] Token yenilendi: eyJzaWQiOiJjNjRmYWIy...
2026-09-12 20:31:26,347 [WARNING] Sayfa 1: HTTP 429
2026-09-12 20:31:26,347 [WARNING] Site engelliyor — run atlaniyor
2026-09-12 20:34:24,750 [INFO] ============================================================
2026-09-12 20:34:24,750 [INFO] MSGKO Scraper v4 — 2026-09-12 20:34:24
2026-09-12 20:34:24,751 [INFO] Kanal [8]: Destan 2 (serverType=4)
2026-09-12 20:34:25,732 [INFO] Token alindi: eyJzaWQiOiI2YTZkYzNl...
2026-09-12 20:34:25,732 [INFO] [Destan 2] Baglanti testi...
2026-09-12 20:34:25,872 [WARNING] Sayfa 1: HTTP 429
2026-09-12 20:34:25,872 [INFO] 60sn bekleniyor...
2026-09-12 20:35:26,018 [INFO] Token yenilendi: eyJzaWQiOiI2YTZkYzNl...
2026-09-12 20:35:26,147 [WARNING] Sayfa 1: HTTP 429
2026-09-12 20:35:26,147 [INFO] 120sn bekleniyor...
2026-09-12 20:37:26,288 [INFO] Token yenilendi: eyJzaWQiOiI2YTZkYzNl...
2026-09-12 20:37:26,406 [WARNING] Sayfa 1: HTTP 429
2026-09-12 20:37:26,406 [WARNING] Site engelliyor — run atlaniyor
2026-09-12 20:40:24,727 [INFO] ============================================================
2026-09-12 20:40:24,727 [INFO] MSGKO Scraper v4 — 2026-09-12 20:40:24
2026-09-12 20:40:24,727 [INFO] Kanal [9]: Destan 3 (serverType=13)
2026-09-12 20:40:25,389 [INFO] Token alindi: eyJzaWQiOiI0Zjg0NWQ1...
2026-09-12 20:40:25,389 [INFO] [Destan 3] Baglanti testi...
2026-09-12 20:40:25,673 [INFO] Baglanti OK!
2026-09-12 20:40:25,673 [INFO] [Destan 3] PASS 1: ucuzdan pahalıya
2026-09-12 20:40:25,780 [INFO]   [Destan 3] ASC p  1: 192 ilan (toplam=  192, 1s)
2026-09-12 20:40:26,565 [INFO]   [Destan 3] ASC p  2: 192 ilan (toplam=  384, 1s)
2026-09-12 20:40:27,321 [INFO]   [Destan 3] ASC p  3: 192 ilan (toplam=  576, 2s)
2026-09-12 20:40:28,079 [INFO]   [Destan 3] ASC p  4: 192 ilan (toplam=  768, 3s)
2026-09-12 20:40:29,427 [INFO]   [Destan 3] ASC p  5: 192 ilan (toplam=  960, 4s)
2026-09-12 20:40:30,204 [INFO]   [Destan 3] ASC p  6: 192 ilan (toplam= 1152, 5s)
2026-09-12 20:40:30,957 [INFO]   [Destan 3] ASC p  7: 192 ilan (toplam= 1344, 6s)
2026-09-12 20:40:31,724 [INFO]   [Destan 3] ASC p  8: 192 ilan (toplam= 1536, 6s)
2026-09-12 20:40:33,447 [INFO]   [Destan 3] ASC p  9: 192 ilan (toplam= 1728, 8s)
2026-09-12 20:40:34,420 [INFO]   [Destan 3] ASC p 10: 192 ilan (toplam= 1920, 9s)
2026-09-12 20:40:35,531 [INFO]   [Destan 3] ASC p 11: 192 ilan (toplam= 2112, 10s)
2026-09-12 20:40:36,315 [INFO]   [Destan 3] ASC p 12: 192 ilan (toplam= 2304, 11s)
2026-09-12 20:40:37,114 [INFO]   [Destan 3] ASC p 13: 192 ilan (toplam= 2496, 12s)
2026-09-12 20:40:37,848 [INFO]   [Destan 3] ASC p 14: 192 ilan (toplam= 2688, 13s)
2026-09-12 20:40:39,385 [INFO]   [Destan 3] ASC p 15: 192 ilan (toplam= 2880, 14s)
2026-09-12 20:40:40,137 [INFO]   [Destan 3] ASC p 16: 192 ilan (toplam= 3072, 15s)
2026-09-12 20:40:40,934 [INFO]   [Destan 3] ASC p 17: 192 ilan (toplam= 3264, 16s)
2026-09-12 20:40:41,706 [INFO]   [Destan 3] ASC p 18: 192 ilan (toplam= 3456, 16s)
2026-09-12 20:40:43,356 [INFO]   [Destan 3] ASC p 19: 192 ilan (toplam= 3648, 18s)
2026-09-12 20:40:44,112 [INFO]   [Destan 3] ASC p 20: 192 ilan (toplam= 3840, 19s)
2026-09-12 20:40:44,983 [INFO]   [Destan 3] ASC p 21: 192 ilan (toplam= 4032, 20s)
2026-09-12 20:40:45,721 [INFO]   [Destan 3] ASC p 22: 192 ilan (toplam= 4224, 20s)
2026-09-12 20:40:47,425 [INFO]   [Destan 3] ASC p 23: 192 ilan (toplam= 4416, 22s)
2026-09-12 20:40:48,189 [INFO]   [Destan 3] ASC p 24: 192 ilan (toplam= 4608, 23s)
2026-09-12 20:40:49,538 [INFO]   [Destan 3] ASC p 25: 192 ilan (toplam= 4800, 24s)
2026-09-12 20:40:50,886 [INFO]   [Destan 3] ASC p 26: 192 ilan (toplam= 4992, 26s)
2026-09-12 20:40:51,639 [INFO]   [Destan 3] ASC p 27: 192 ilan (toplam= 5184, 26s)
2026-09-12 20:40:52,430 [INFO]   [Destan 3] ASC p 28: 192 ilan (toplam= 5376, 27s)
2026-09-12 20:40:53,688 [INFO]   [Destan 3] ASC p 29: 192 ilan (toplam= 5568, 28s)
2026-09-12 20:40:55,201 [INFO]   [Destan 3] ASC p 30: 192 ilan (toplam= 5760, 30s)
2026-09-12 20:40:55,819 [WARNING]   [Destan 3] ASC p31 → 429, 60sn bekle
2026-09-12 20:41:56,327 [INFO] Token yenilendi: eyJzaWQiOiI0Zjg0NWQ1...
2026-09-12 20:41:56,457 [WARNING]   [Destan 3] p31 → 429 — 60sn bekleniyor
2026-09-12 20:42:56,589 [INFO] Token yenilendi: eyJzaWQiOiI0Zjg0NWQ1...
2026-09-12 20:42:56,693 [WARNING]   [Destan 3] p31 → 429 — 120sn bekleniyor
2026-09-12 20:44:56,810 [INFO] Token yenilendi: eyJzaWQiOiI0Zjg0NWQ1...
2026-09-12 20:44:56,923 [WARNING]   [Destan 3] p31 → 429 — 180sn bekleniyor
2026-09-12 20:47:57,041 [INFO] Token yenilendi: eyJzaWQiOiI0Zjg0NWQ1...
2026-09-12 20:47:57,041 [WARNING]   [Destan 3] ASC sayfa 31 alinamadi — bitti
2026-09-12 20:47:57,041 [INFO]   [Destan 3] ASC bitti: 5760 ilan
2026-09-12 20:47:57,041 [INFO] [Destan 3] PASS 2: pahalıdan ucuya
2026-09-12 20:48:02,151 [WARNING]   [Destan 3] DESC p1 → 429, 60sn bekle
2026-09-12 20:49:02,276 [INFO] Token yenilendi: eyJzaWQiOiI0Zjg0NWQ1...
2026-09-12 20:49:02,391 [WARNING]   [Destan 3] p1 → 429 — 60sn bekleniyor
2026-09-12 20:50:02,512 [INFO] Token yenilendi: eyJzaWQiOiI0Zjg0NWQ1...
2026-09-12 20:50:02,672 [WARNING]   [Destan 3] p1 → 429 — 120sn bekleniyor
2026-09-12 20:52:03,108 [INFO] Token yenilendi: eyJzaWQiOiI0Zjg0NWQ1...
2026-09-12 20:52:03,222 [WARNING]   [Destan 3] p1 → 429 — 180sn bekleniyor
2026-09-12 20:55:03,392 [INFO] Token yenilendi: eyJzaWQiOiI0Zjg0NWQ1...
2026-09-12 20:55:03,392 [WARNING]   [Destan 3] DESC sayfa 1 alinamadi — bitti
2026-09-12 20:55:03,392 [INFO]   [Destan 3] DESC bitti: 0 ilan
2026-09-12 20:55:03,395 [INFO] [Destan 3] TOPLAM (dedup): 183 unique ilan
2026-09-12 20:55:05,725 [INFO] [destan3] 183 ilan yazildi (1933ms)
2026-09-12 20:55:05,725 [INFO] Tamamlandi — 880sn
2026-09-12 20:55:05,725 [INFO] ============================================================
2026-09-12 20:55:25,081 [INFO] ============================================================
2026-09-12 20:55:25,082 [INFO] MSGKO Scraper v4 — 2026-09-12 20:55:25
2026-09-12 20:55:25,082 [INFO] Kanal [0]: Zero 3 (serverType=0)
2026-09-12 20:55:25,726 [INFO] Token alindi: eyJzaWQiOiI5MTkwMThk...
2026-09-12 20:55:25,726 [INFO] [Zero 3] Baglanti testi...
2026-09-12 20:55:25,845 [WARNING] Sayfa 1: HTTP 429
2026-09-12 20:55:25,845 [INFO] 60sn bekleniyor...
2026-09-12 20:56:25,975 [INFO] Token yenilendi: eyJzaWQiOiI5MTkwMThk...
2026-09-12 20:56:26,096 [WARNING] Sayfa 1: HTTP 429
2026-09-12 20:56:26,096 [INFO] 120sn bekleniyor...
2026-09-12 20:58:26,323 [INFO] Token yenilendi: eyJzaWQiOiI5MTkwMThk...
2026-09-12 20:58:26,480 [WARNING] Sayfa 1: HTTP 429
2026-09-12 20:58:26,480 [WARNING] Site engelliyor — run atlaniyor
2026-09-12 21:01:24,706 [INFO] ============================================================
2026-09-12 21:01:24,707 [INFO] MSGKO Scraper v4 — 2026-09-12 21:01:24
2026-09-12 21:01:24,707 [INFO] Kanal [1]: Zero 4 (serverType=5)
2026-09-12 21:01:29,992 [INFO] Token alindi: eyJzaWQiOiI4MTZkZTY3...
2026-09-12 21:01:29,993 [INFO] [Zero 4] Baglanti testi...
2026-09-12 21:01:30,149 [WARNING] Sayfa 1: HTTP 429
2026-09-12 21:01:30,149 [INFO] 60sn bekleniyor...
2026-09-12 21:02:30,295 [INFO] Token yenilendi: eyJzaWQiOiI4MTZkZTY3...
2026-09-12 21:02:30,415 [WARNING] Sayfa 1: HTTP 429
2026-09-12 21:02:30,415 [INFO] 120sn bekleniyor...
2026-09-12 21:04:31,057 [INFO] Token yenilendi: eyJzaWQiOiI4MTZkZTY3...
2026-09-12 21:04:31,177 [WARNING] Sayfa 1: HTTP 429
2026-09-12 21:04:31,177 [WARNING] Site engelliyor — run atlaniyor
2026-09-12 21:07:24,702 [INFO] ============================================================
2026-09-12 21:07:24,702 [INFO] MSGKO Scraper v4 — 2026-09-12 21:07:24
2026-09-12 21:07:24,702 [INFO] Kanal [2]: Zero 5 (serverType=8)
2026-09-12 21:07:26,289 [INFO] Token alindi: eyJzaWQiOiJmMDljNjE1...
2026-09-12 21:07:26,290 [INFO] [Zero 5] Baglanti testi...
2026-09-12 21:07:26,422 [WARNING] Sayfa 1: HTTP 429
2026-09-12 21:07:26,422 [INFO] 60sn bekleniyor...
2026-09-12 21:08:26,540 [INFO] Token yenilendi: eyJzaWQiOiJmMDljNjE1...
2026-09-12 21:08:26,660 [WARNING] Sayfa 1: HTTP 429
2026-09-12 21:08:26,660 [INFO] 120sn bekleniyor...
2026-09-12 21:10:27,455 [INFO] Token yenilendi: eyJzaWQiOiJmMDljNjE1...
2026-09-12 21:10:27,585 [WARNING] Sayfa 1: HTTP 429
2026-09-12 21:10:27,585 [WARNING] Site engelliyor — run atlaniyor
2026-09-12 21:13:24,706 [INFO] ============================================================
2026-09-12 21:13:24,706 [INFO] MSGKO Scraper v4 — 2026-09-12 21:13:24
2026-09-12 21:13:24,706 [INFO] Kanal [3]: Zero 8 (serverType=15)
2026-09-12 21:13:25,765 [INFO] Token alindi: eyJzaWQiOiI1YzM4MmYw...
2026-09-12 21:13:25,765 [INFO] [Zero 8] Baglanti testi...
2026-09-12 21:13:26,398 [INFO] Baglanti OK!
2026-09-12 21:13:26,398 [INFO] [Zero 8] PASS 1: ucuzdan pahalıya
2026-09-12 21:13:26,514 [INFO]   [Zero 8] ASC p  1: 192 ilan (toplam=  192, 1s)
2026-09-12 21:13:27,325 [INFO]   [Zero 8] ASC p  2: 192 ilan (toplam=  384, 2s)
2026-09-12 21:13:28,812 [INFO]   [Zero 8] ASC p  3: 192 ilan (toplam=  576, 4s)
2026-09-12 21:13:29,584 [INFO]   [Zero 8] ASC p  4: 192 ilan (toplam=  768, 4s)
2026-09-12 21:13:30,360 [INFO]   [Zero 8] ASC p  5: 192 ilan (toplam=  960, 5s)
2026-09-12 21:13:32,079 [INFO]   [Zero 8] ASC p  6: 192 ilan (toplam= 1152, 7s)
2026-09-12 21:13:32,839 [INFO]   [Zero 8] ASC p  7: 192 ilan (toplam= 1344, 8s)
2026-09-12 21:13:33,625 [INFO]   [Zero 8] ASC p  8: 192 ilan (toplam= 1536, 8s)
2026-09-12 21:13:34,376 [INFO]   [Zero 8] ASC p  9: 192 ilan (toplam= 1728, 9s)
2026-09-12 21:13:35,132 [INFO]   [Zero 8] ASC p 10: 192 ilan (toplam= 1920, 10s)
2026-09-12 21:13:35,902 [INFO]   [Zero 8] ASC p 11: 192 ilan (toplam= 2112, 11s)
2026-09-12 21:13:37,230 [INFO]   [Zero 8] ASC p 12: 192 ilan (toplam= 2304, 12s)
2026-09-12 21:13:38,017 [INFO]   [Zero 8] ASC p 13: 192 ilan (toplam= 2496, 13s)
2026-09-12 21:13:38,802 [INFO]   [Zero 8] ASC p 14: 192 ilan (toplam= 2688, 14s)
2026-09-12 21:13:39,594 [INFO]   [Zero 8] ASC p 15: 192 ilan (toplam= 2880, 14s)
2026-09-12 21:13:40,751 [INFO]   [Zero 8] ASC p 16: 192 ilan (toplam= 3072, 16s)
2026-09-12 21:13:41,505 [INFO]   [Zero 8] ASC p 17: 192 ilan (toplam= 3264, 16s)
2026-09-12 21:13:42,288 [INFO]   [Zero 8] ASC p 18: 192 ilan (toplam= 3456, 17s)
2026-09-12 21:13:43,109 [INFO]   [Zero 8] ASC p 19: 192 ilan (toplam= 3648, 18s)
2026-09-12 21:13:44,827 [INFO]   [Zero 8] ASC p 20: 192 ilan (toplam= 3840, 20s)
2026-09-12 21:13:46,608 [INFO]   [Zero 8] ASC p 21: 192 ilan (toplam= 4032, 21s)
2026-09-12 21:13:47,445 [INFO]   [Zero 8] ASC p 22: 192 ilan (toplam= 4224, 22s)
2026-09-12 21:13:48,199 [INFO]   [Zero 8] ASC p 23: 192 ilan (toplam= 4416, 23s)
2026-09-12 21:13:49,688 [INFO]   [Zero 8] ASC p 24: 192 ilan (toplam= 4608, 24s)
2026-09-12 21:13:50,482 [INFO]   [Zero 8] ASC p 25: 192 ilan (toplam= 4800, 25s)
2026-09-12 21:13:51,232 [INFO]   [Zero 8] ASC p 26: 192 ilan (toplam= 4992, 26s)
2026-09-12 21:13:52,005 [INFO]   [Zero 8] ASC p 27: 192 ilan (toplam= 5184, 27s)
2026-09-12 21:13:52,770 [INFO]   [Zero 8] ASC p 28: 192 ilan (toplam= 5376, 28s)
2026-09-12 21:13:53,547 [INFO]   [Zero 8] ASC p 29: 192 ilan (toplam= 5568, 28s)
2026-09-12 21:13:54,350 [INFO]   [Zero 8] ASC p 30: 192 ilan (toplam= 5760, 29s)
2026-09-12 21:13:55,759 [WARNING]   [Zero 8] ASC p31 → 429, 60sn bekle
2026-09-12 21:14:55,904 [INFO] Token yenilendi: eyJzaWQiOiI1YzM4MmYw...
2026-09-12 21:14:56,040 [WARNING]   [Zero 8] p31 → 429 — 60sn bekleniyor
2026-09-12 21:15:56,203 [INFO] Token yenilendi: eyJzaWQiOiI1YzM4MmYw...
2026-09-12 21:15:56,320 [WARNING]   [Zero 8] p31 → 429 — 120sn bekleniyor
2026-09-12 21:17:56,453 [INFO] Token yenilendi: eyJzaWQiOiI1YzM4MmYw...
2026-09-12 21:17:56,569 [WARNING]   [Zero 8] p31 → 429 — 180sn bekleniyor
2026-09-12 21:20:57,649 [INFO] Token yenilendi: eyJzaWQiOiI1YzM4MmYw...
2026-09-12 21:20:57,650 [WARNING]   [Zero 8] ASC sayfa 31 alinamadi — bitti
2026-09-12 21:20:57,650 [INFO]   [Zero 8] ASC bitti: 5760 ilan
2026-09-12 21:20:57,650 [INFO] [Zero 8] PASS 2: pahalıdan ucuya
2026-09-12 21:21:02,776 [WARNING]   [Zero 8] DESC p1 → 429, 60sn bekle
2026-09-12 21:22:02,891 [INFO] Token yenilendi: eyJzaWQiOiI1YzM4MmYw...
2026-09-12 21:22:04,021 [WARNING]   [Zero 8] p1 → 429 — 60sn bekleniyor
2026-09-12 21:23:04,632 [INFO] Token yenilendi: eyJzaWQiOiI1YzM4MmYw...
2026-09-12 21:23:04,747 [WARNING]   [Zero 8] p1 → 429 — 120sn bekleniyor
2026-09-12 21:25:05,502 [INFO] Token yenilendi: eyJzaWQiOiI1YzM4MmYw...
2026-09-12 21:25:05,630 [WARNING]   [Zero 8] p1 → 429 — 180sn bekleniyor
2026-09-12 21:28:05,751 [INFO] Token yenilendi: eyJzaWQiOiI1YzM4MmYw...
2026-09-12 21:28:05,751 [WARNING]   [Zero 8] DESC sayfa 1 alinamadi — bitti
2026-09-12 21:28:05,751 [INFO]   [Zero 8] DESC bitti: 0 ilan
2026-09-12 21:28:05,754 [INFO] [Zero 8] TOPLAM (dedup): 143 unique ilan
2026-09-12 21:28:07,384 [INFO] [zero8] 143 ilan yazildi (1297ms)
2026-09-12 21:28:07,384 [INFO] Tamamlandi — 882sn
2026-09-12 21:28:07,385 [INFO] ============================================================
2026-09-12 21:28:24,748 [INFO] ============================================================
2026-09-12 21:28:24,748 [INFO] MSGKO Scraper v4 — 2026-09-12 21:28:24
2026-09-12 21:28:24,748 [INFO] Kanal [4]: Agartha 3 (serverType=1)
2026-09-12 21:28:25,988 [INFO] Token alindi: eyJzaWQiOiIxNDc5OTMw...
2026-09-12 21:28:25,988 [INFO] [Agartha 3] Baglanti testi...
2026-09-12 21:28:26,120 [WARNING] Sayfa 1: HTTP 429
2026-09-12 21:28:26,120 [INFO] 60sn bekleniyor...
2026-09-12 21:29:26,270 [INFO] Token yenilendi: eyJzaWQiOiIxNDc5OTMw...
2026-09-12 21:29:26,387 [WARNING] Sayfa 1: HTTP 429
2026-09-12 21:29:26,387 [INFO] 120sn bekleniyor...
2026-09-12 21:31:27,113 [INFO] Token yenilendi: eyJzaWQiOiIxNDc5OTMw...
2026-09-12 21:31:27,254 [WARNING] Sayfa 1: HTTP 429
2026-09-12 21:31:27,254 [WARNING] Site engelliyor — run atlaniyor
2026-09-12 21:34:24,732 [INFO] ============================================================
2026-09-12 21:34:24,732 [INFO] MSGKO Scraper v4 — 2026-09-12 21:34:24
2026-09-12 21:34:24,734 [INFO] Kanal [5]: Agartha 4 (serverType=12)
2026-09-12 21:34:30,104 [INFO] Token alindi: eyJzaWQiOiIyMDY4NzQ2...
2026-09-12 21:34:30,104 [INFO] [Agartha 4] Baglanti testi...
2026-09-12 21:34:31,530 [WARNING] Sayfa 1: HTTP 429
2026-09-12 21:34:31,530 [INFO] 60sn bekleniyor...
2026-09-12 21:35:33,222 [INFO] Token yenilendi: eyJzaWQiOiIyMDY4NzQ2...
2026-09-12 21:35:34,028 [WARNING] Sayfa 1: HTTP 429
2026-09-12 21:35:34,029 [INFO] 120sn bekleniyor...
2026-09-12 21:37:34,847 [INFO] Token yenilendi: eyJzaWQiOiIyMDY4NzQ2...
2026-09-12 21:37:36,292 [WARNING] Sayfa 1: HTTP 429
2026-09-12 21:37:36,292 [WARNING] Site engelliyor — run atlaniyor
2026-09-12 21:40:24,722 [INFO] ============================================================
2026-09-12 21:40:24,722 [INFO] MSGKO Scraper v4 — 2026-09-12 21:40:24
2026-09-12 21:40:24,723 [INFO] Kanal [6]: Pandora 3 (serverType=2)
2026-09-12 21:40:25,613 [INFO] Token alindi: eyJzaWQiOiIzZjNkMTdi...
2026-09-12 21:40:25,614 [INFO] [Pandora 3] Baglanti testi...
2026-09-12 21:40:25,756 [WARNING] Sayfa 1: HTTP 429
2026-09-12 21:40:25,756 [INFO] 60sn bekleniyor...
2026-09-12 21:41:25,890 [INFO] Token yenilendi: eyJzaWQiOiIzZjNkMTdi...
2026-09-12 21:41:26,019 [WARNING] Sayfa 1: HTTP 429
2026-09-12 21:41:26,019 [INFO] 120sn bekleniyor...
2026-09-12 21:43:26,151 [INFO] Token yenilendi: eyJzaWQiOiIzZjNkMTdi...
2026-09-12 21:43:27,349 [WARNING] Sayfa 1: HTTP 429
2026-09-12 21:43:27,349 [WARNING] Site engelliyor — run atlaniyor
2026-09-12 21:46:24,707 [INFO] ============================================================
2026-09-12 21:46:24,707 [INFO] MSGKO Scraper v4 — 2026-09-12 21:46:24
2026-09-12 21:46:24,708 [INFO] Kanal [7]: Pandora 4 (serverType=11)
2026-09-12 21:46:26,228 [INFO] Token alindi: eyJzaWQiOiIzMzM0YWE2...
2026-09-12 21:46:26,228 [INFO] [Pandora 4] Baglanti testi...
2026-09-12 21:46:26,783 [INFO] Baglanti OK!
2026-09-12 21:46:26,783 [INFO] [Pandora 4] PASS 1: ucuzdan pahalıya
2026-09-12 21:46:26,866 [INFO]   [Pandora 4] ASC p  1: 192 ilan (toplam=  192, 2s)
2026-09-12 21:46:27,622 [INFO]   [Pandora 4] ASC p  2: 192 ilan (toplam=  384, 2s)
2026-09-12 21:46:28,359 [INFO]   [Pandora 4] ASC p  3: 192 ilan (toplam=  576, 3s)
2026-09-12 21:46:29,122 [INFO]   [Pandora 4] ASC p  4: 192 ilan (toplam=  768, 4s)
2026-09-12 21:46:30,920 [INFO]   [Pandora 4] ASC p  5: 192 ilan (toplam=  960, 6s)
2026-09-12 21:46:31,659 [INFO]   [Pandora 4] ASC p  6: 192 ilan (toplam= 1152, 6s)
2026-09-12 21:46:32,932 [INFO]   [Pandora 4] ASC p  7: 192 ilan (toplam= 1344, 8s)
2026-09-12 21:46:33,731 [INFO]   [Pandora 4] ASC p  8: 192 ilan (toplam= 1536, 9s)
2026-09-12 21:46:35,105 [INFO]   [Pandora 4] ASC p  9: 192 ilan (toplam= 1728, 10s)
2026-09-12 21:46:36,077 [INFO]   [Pandora 4] ASC p 10: 192 ilan (toplam= 1920, 11s)
2026-09-12 21:46:36,848 [INFO]   [Pandora 4] ASC p 11: 192 ilan (toplam= 2112, 12s)
2026-09-12 21:46:37,609 [INFO]   [Pandora 4] ASC p 12: 192 ilan (toplam= 2304, 12s)
2026-09-12 21:46:38,355 [INFO]   [Pandora 4] ASC p 13: 192 ilan (toplam= 2496, 13s)
2026-09-12 21:46:39,940 [INFO]   [Pandora 4] ASC p 14: 192 ilan (toplam= 2688, 15s)
2026-09-12 21:46:40,909 [INFO]   [Pandora 4] ASC p 15: 192 ilan (toplam= 2880, 16s)
2026-09-12 21:46:41,647 [INFO]   [Pandora 4] ASC p 16: 192 ilan (toplam= 3072, 16s)
2026-09-12 21:46:42,370 [INFO]   [Pandora 4] ASC p 17: 192 ilan (toplam= 3264, 17s)
2026-09-12 21:46:43,939 [INFO]   [Pandora 4] ASC p 18: 192 ilan (toplam= 3456, 19s)
2026-09-12 21:46:44,666 [INFO]   [Pandora 4] ASC p 19: 192 ilan (toplam= 3648, 19s)
2026-09-12 21:46:46,179 [INFO]   [Pandora 4] ASC p 20: 192 ilan (toplam= 3840, 21s)
2026-09-12 21:46:46,939 [INFO]   [Pandora 4] ASC p 21: 192 ilan (toplam= 4032, 22s)
2026-09-12 21:46:47,688 [INFO]   [Pandora 4] ASC p 22: 192 ilan (toplam= 4224, 22s)
2026-09-12 21:46:49,148 [INFO]   [Pandora 4] ASC p 23: 192 ilan (toplam= 4416, 24s)
2026-09-12 21:46:49,914 [INFO]   [Pandora 4] ASC p 24: 192 ilan (toplam= 4608, 25s)
2026-09-12 21:46:51,647 [INFO]   [Pandora 4] ASC p 25: 192 ilan (toplam= 4800, 26s)
2026-09-12 21:46:52,391 [INFO]   [Pandora 4] ASC p 26: 192 ilan (toplam= 4992, 27s)
2026-09-12 21:46:53,168 [INFO]   [Pandora 4] ASC p 27: 192 ilan (toplam= 5184, 28s)
2026-09-12 21:46:53,903 [INFO]   [Pandora 4] ASC p 28: 192 ilan (toplam= 5376, 29s)
2026-09-12 21:46:55,542 [INFO]   [Pandora 4] ASC p 29: 192 ilan (toplam= 5568, 30s)
2026-09-12 21:46:56,316 [INFO]   [Pandora 4] ASC p 30: 192 ilan (toplam= 5760, 31s)
2026-09-12 21:46:56,937 [WARNING]   [Pandora 4] ASC p31 → 429, 60sn bekle
2026-09-12 21:47:57,063 [INFO] Token yenilendi: eyJzaWQiOiIzMzM0YWE2...
2026-09-12 21:47:57,168 [WARNING]   [Pandora 4] p31 → 429 — 60sn bekleniyor
2026-09-12 21:48:57,840 [INFO] Token yenilendi: eyJzaWQiOiIzMzM0YWE2...
2026-09-12 21:48:57,981 [WARNING]   [Pandora 4] p31 → 429 — 120sn bekleniyor
2026-09-12 21:50:58,098 [INFO] Token yenilendi: eyJzaWQiOiIzMzM0YWE2...
2026-09-12 21:50:58,222 [WARNING]   [Pandora 4] p31 → 429 — 180sn bekleniyor
2026-09-12 21:53:58,420 [INFO] Token yenilendi: eyJzaWQiOiIzMzM0YWE2...
2026-09-12 21:53:58,420 [WARNING]   [Pandora 4] ASC sayfa 31 alinamadi — bitti
2026-09-12 21:53:58,421 [INFO]   [Pandora 4] ASC bitti: 5760 ilan
2026-09-12 21:53:58,421 [INFO] [Pandora 4] PASS 2: pahalıdan ucuya
2026-09-12 21:54:04,455 [WARNING]   [Pandora 4] DESC p1 → 429, 60sn bekle
2026-09-12 21:55:04,622 [INFO] Token yenilendi: eyJzaWQiOiIzMzM0YWE2...
2026-09-12 21:55:04,756 [WARNING]   [Pandora 4] p1 → 429 — 60sn bekleniyor
2026-09-12 21:56:04,870 [INFO] Token yenilendi: eyJzaWQiOiIzMzM0YWE2...
2026-09-12 21:56:05,014 [WARNING]   [Pandora 4] p1 → 429 — 120sn bekleniyor
2026-09-12 21:58:05,163 [INFO] Token yenilendi: eyJzaWQiOiIzMzM0YWE2...
2026-09-12 21:58:05,309 [WARNING]   [Pandora 4] p1 → 429 — 180sn bekleniyor
2026-09-12 22:01:06,027 [INFO] Token yenilendi: eyJzaWQiOiIzMzM0YWE2...
2026-09-12 22:01:06,027 [WARNING]   [Pandora 4] DESC sayfa 1 alinamadi — bitti
2026-09-12 22:01:06,027 [INFO]   [Pandora 4] DESC bitti: 0 ilan
2026-09-12 22:01:06,029 [INFO] [Pandora 4] TOPLAM (dedup): 153 unique ilan
2026-09-12 22:01:07,593 [INFO] [pandora4] 153 ilan yazildi (1236ms)
2026-09-12 22:01:07,593 [INFO] Tamamlandi — 882sn
2026-09-12 22:01:07,593 [INFO] ============================================================
2026-09-12 22:01:24,705 [INFO] ============================================================
2026-09-12 22:01:24,706 [INFO] MSGKO Scraper v4 — 2026-09-12 22:01:24
2026-09-12 22:01:24,706 [INFO] Kanal [8]: Destan 2 (serverType=4)
2026-09-12 22:01:29,885 [INFO] Token alindi: eyJzaWQiOiJhNzFlMWIw...
2026-09-12 22:01:29,885 [INFO] [Destan 2] Baglanti testi...
2026-09-12 22:01:32,486 [WARNING] Sayfa 1: HTTP 429
2026-09-12 22:01:32,486 [INFO] 60sn bekleniyor...
2026-09-12 22:02:33,365 [INFO] Token yenilendi: eyJzaWQiOiJhNzFlMWIw...
2026-09-12 22:02:34,160 [WARNING] Sayfa 1: HTTP 429
2026-09-12 22:02:34,160 [INFO] 120sn bekleniyor...
2026-09-12 22:04:35,291 [INFO] Token yenilendi: eyJzaWQiOiJhNzFlMWIw...
2026-09-12 22:04:37,508 [WARNING] Sayfa 1: HTTP 429
2026-09-12 22:04:37,508 [WARNING] Site engelliyor — run atlaniyor
2026-09-12 22:07:24,699 [INFO] ============================================================
2026-09-12 22:07:24,699 [INFO] MSGKO Scraper v4 — 2026-09-12 22:07:24
2026-09-12 22:07:24,699 [INFO] Kanal [9]: Destan 3 (serverType=13)
2026-09-12 22:07:25,435 [INFO] Token alindi: eyJzaWQiOiIzNzAxNDc5...
2026-09-12 22:07:25,435 [INFO] [Destan 3] Baglanti testi...
2026-09-12 22:07:25,563 [WARNING] Sayfa 1: HTTP 429
2026-09-12 22:07:25,563 [INFO] 60sn bekleniyor...
2026-09-12 22:08:25,701 [INFO] Token yenilendi: eyJzaWQiOiIzNzAxNDc5...
2026-09-12 22:08:25,818 [WARNING] Sayfa 1: HTTP 429
2026-09-12 22:08:25,818 [INFO] 120sn bekleniyor...
2026-09-12 22:10:26,057 [INFO] Token yenilendi: eyJzaWQiOiIzNzAxNDc5...
2026-09-12 22:10:26,176 [WARNING] Sayfa 1: HTTP 429
2026-09-12 22:10:26,178 [WARNING] Site engelliyor — run atlaniyor
2026-09-12 22:13:24,703 [INFO] ============================================================
2026-09-12 22:13:24,703 [INFO] MSGKO Scraper v4 — 2026-09-12 22:13:24
2026-09-12 22:13:24,703 [INFO] Kanal [0]: Zero 3 (serverType=0)
2026-09-12 22:13:26,410 [INFO] Token alindi: eyJzaWQiOiIzMDI5Yzdh...
2026-09-12 22:13:26,411 [INFO] [Zero 3] Baglanti testi...
2026-09-12 22:13:26,622 [WARNING] Sayfa 1: HTTP 429
2026-09-12 22:13:26,623 [INFO] 60sn bekleniyor...
2026-09-12 22:14:26,912 [INFO] Token yenilendi: eyJzaWQiOiIzMDI5Yzdh...
2026-09-12 22:14:27,101 [WARNING] Sayfa 1: HTTP 429
2026-09-12 22:14:27,101 [INFO] 120sn bekleniyor...
2026-09-12 22:16:27,299 [INFO] Token yenilendi: eyJzaWQiOiIzMDI5Yzdh...
2026-09-12 22:16:27,502 [WARNING] Sayfa 1: HTTP 429
2026-09-12 22:16:27,502 [WARNING] Site engelliyor — run atlaniyor
2026-09-12 22:19:24,699 [INFO] ============================================================
2026-09-12 22:19:24,699 [INFO] MSGKO Scraper v4 — 2026-09-12 22:19:24
2026-09-12 22:19:24,700 [INFO] Kanal [1]: Zero 4 (serverType=5)
2026-09-12 22:19:25,281 [INFO] Token alindi: eyJzaWQiOiIwYjZmNDQ3...
2026-09-12 22:19:25,281 [INFO] [Zero 4] Baglanti testi...
2026-09-12 22:19:25,485 [INFO] Baglanti OK!
2026-09-12 22:19:25,485 [INFO] [Zero 4] PASS 1: ucuzdan pahalıya
2026-09-12 22:19:25,564 [INFO]   [Zero 4] ASC p  1: 192 ilan (toplam=  192, 0s)
2026-09-12 22:19:26,385 [INFO]   [Zero 4] ASC p  2: 192 ilan (toplam=  384, 1s)
2026-09-12 22:19:27,144 [INFO]   [Zero 4] ASC p  3: 192 ilan (toplam=  576, 2s)
2026-09-12 22:19:27,913 [INFO]   [Zero 4] ASC p  4: 192 ilan (toplam=  768, 3s)
2026-09-12 22:19:28,685 [INFO]   [Zero 4] ASC p  5: 192 ilan (toplam=  960, 3s)
2026-09-12 22:19:29,461 [INFO]   [Zero 4] ASC p  6: 192 ilan (toplam= 1152, 4s)
2026-09-12 22:19:30,250 [INFO]   [Zero 4] ASC p  7: 192 ilan (toplam= 1344, 5s)
2026-09-12 22:19:31,018 [INFO]   [Zero 4] ASC p  8: 192 ilan (toplam= 1536, 6s)
2026-09-12 22:19:32,335 [INFO]   [Zero 4] ASC p  9: 192 ilan (toplam= 1728, 7s)
2026-09-12 22:19:33,065 [INFO]   [Zero 4] ASC p 10: 192 ilan (toplam= 1920, 8s)
2026-09-12 22:19:34,875 [INFO]   [Zero 4] ASC p 11: 192 ilan (toplam= 2112, 10s)
2026-09-12 22:19:35,677 [INFO]   [Zero 4] ASC p 12: 192 ilan (toplam= 2304, 10s)
2026-09-12 22:19:37,357 [INFO]   [Zero 4] ASC p 13: 192 ilan (toplam= 2496, 12s)
2026-09-12 22:19:38,088 [INFO]   [Zero 4] ASC p 14: 192 ilan (toplam= 2688, 13s)
2026-09-12 22:19:38,878 [INFO]   [Zero 4] ASC p 15: 192 ilan (toplam= 2880, 14s)
2026-09-12 22:19:39,656 [INFO]   [Zero 4] ASC p 16: 192 ilan (toplam= 3072, 14s)
2026-09-12 22:19:41,200 [INFO]   [Zero 4] ASC p 17: 192 ilan (toplam= 3264, 16s)
2026-09-12 22:19:41,962 [INFO]   [Zero 4] ASC p 18: 192 ilan (toplam= 3456, 17s)
2026-09-12 22:19:43,612 [INFO]   [Zero 4] ASC p 19: 192 ilan (toplam= 3648, 18s)
2026-09-12 22:19:44,395 [INFO]   [Zero 4] ASC p 20: 192 ilan (toplam= 3840, 19s)
2026-09-12 22:19:45,173 [INFO]   [Zero 4] ASC p 21: 192 ilan (toplam= 4032, 20s)
2026-09-12 22:19:46,890 [INFO]   [Zero 4] ASC p 22: 192 ilan (toplam= 4224, 22s)
2026-09-12 22:19:47,638 [INFO]   [Zero 4] ASC p 23: 192 ilan (toplam= 4416, 22s)
2026-09-12 22:19:49,038 [INFO]   [Zero 4] ASC p 24: 192 ilan (toplam= 4608, 24s)
2026-09-12 22:19:49,852 [INFO]   [Zero 4] ASC p 25: 192 ilan (toplam= 4800, 25s)
2026-09-12 22:19:50,644 [INFO]   [Zero 4] ASC p 26: 192 ilan (toplam= 4992, 25s)
2026-09-12 22:19:51,939 [INFO]   [Zero 4] ASC p 27: 192 ilan (toplam= 5184, 27s)
2026-09-12 22:19:52,730 [INFO]   [Zero 4] ASC p 28: 192 ilan (toplam= 5376, 28s)
2026-09-12 22:19:53,475 [INFO]   [Zero 4] ASC p 29: 192 ilan (toplam= 5568, 28s)
2026-09-12 22:19:54,203 [INFO]   [Zero 4] ASC p 30: 192 ilan (toplam= 5760, 29s)
2026-09-12 22:19:55,260 [WARNING]   [Zero 4] ASC p31 → 429, 60sn bekle
2026-09-12 22:20:55,373 [INFO] Token yenilendi: eyJzaWQiOiIwYjZmNDQ3...
2026-09-12 22:20:55,536 [WARNING]   [Zero 4] p31 → 429 — 60sn bekleniyor
2026-09-12 22:21:56,432 [INFO] Token yenilendi: eyJzaWQiOiIwYjZmNDQ3...
2026-09-12 22:21:56,552 [WARNING]   [Zero 4] p31 → 429 — 120sn bekleniyor
2026-09-12 22:23:57,589 [INFO] Token yenilendi: eyJzaWQiOiIwYjZmNDQ3...
2026-09-12 22:23:57,710 [WARNING]   [Zero 4] p31 → 429 — 180sn bekleniyor
2026-09-12 22:26:57,841 [INFO] Token yenilendi: eyJzaWQiOiIwYjZmNDQ3...
2026-09-12 22:26:57,842 [WARNING]   [Zero 4] ASC sayfa 31 alinamadi — bitti
2026-09-12 22:26:57,842 [INFO]   [Zero 4] ASC bitti: 5760 ilan
2026-09-12 22:26:57,842 [INFO] [Zero 4] PASS 2: pahalıdan ucuya
2026-09-12 22:27:02,969 [WARNING]   [Zero 4] DESC p1 → 429, 60sn bekle
2026-09-12 22:28:03,106 [INFO] Token yenilendi: eyJzaWQiOiIwYjZmNDQ3...
2026-09-12 22:28:03,225 [WARNING]   [Zero 4] p1 → 429 — 60sn bekleniyor
2026-09-12 22:29:03,333 [INFO] Token yenilendi: eyJzaWQiOiIwYjZmNDQ3...
2026-09-12 22:29:03,459 [WARNING]   [Zero 4] p1 → 429 — 120sn bekleniyor
2026-09-12 22:31:03,580 [INFO] Token yenilendi: eyJzaWQiOiIwYjZmNDQ3...
2026-09-12 22:31:03,700 [WARNING]   [Zero 4] p1 → 429 — 180sn bekleniyor
2026-09-12 22:34:03,822 [INFO] Token yenilendi: eyJzaWQiOiIwYjZmNDQ3...
2026-09-12 22:34:03,822 [WARNING]   [Zero 4] DESC sayfa 1 alinamadi — bitti
2026-09-12 22:34:03,822 [INFO]   [Zero 4] DESC bitti: 0 ilan
2026-09-12 22:34:03,825 [INFO] [Zero 4] TOPLAM (dedup): 160 unique ilan
2026-09-12 22:34:05,491 [INFO] [zero4] 160 ilan yazildi (1374ms)
2026-09-12 22:34:05,491 [INFO] Tamamlandi — 880sn
2026-09-12 22:34:05,491 [INFO] ============================================================
2026-09-12 22:34:24,759 [INFO] ============================================================
2026-09-12 22:34:24,759 [INFO] MSGKO Scraper v4 — 2026-09-12 22:34:24
2026-09-12 22:34:24,759 [INFO] Kanal [2]: Zero 5 (serverType=8)
2026-09-12 22:34:25,931 [INFO] Token alindi: eyJzaWQiOiI0YmJmY2Ey...
2026-09-12 22:34:25,931 [INFO] [Zero 5] Baglanti testi...
2026-09-12 22:34:26,041 [WARNING] Sayfa 1: HTTP 429
2026-09-12 22:34:26,041 [INFO] 60sn bekleniyor...
2026-09-12 22:35:26,165 [INFO] Token yenilendi: eyJzaWQiOiI0YmJmY2Ey...
2026-09-12 22:35:26,282 [WARNING] Sayfa 1: HTTP 429
2026-09-12 22:35:26,282 [INFO] 120sn bekleniyor...
2026-09-12 22:37:27,227 [INFO] Token yenilendi: eyJzaWQiOiI0YmJmY2Ey...
2026-09-12 22:37:27,436 [WARNING] Sayfa 1: HTTP 429
2026-09-12 22:37:27,436 [WARNING] Site engelliyor — run atlaniyor
2026-09-12 22:40:24,839 [INFO] ============================================================
2026-09-12 22:40:24,840 [INFO] MSGKO Scraper v4 — 2026-09-12 22:40:24
2026-09-12 22:40:24,840 [INFO] Kanal [3]: Zero 8 (serverType=15)
2026-09-12 22:40:25,846 [INFO] Token alindi: eyJzaWQiOiI4YWMwYzQ2...
2026-09-12 22:40:25,846 [INFO] [Zero 8] Baglanti testi...
2026-09-12 22:40:25,985 [WARNING] Sayfa 1: HTTP 429
2026-09-12 22:40:25,985 [INFO] 60sn bekleniyor...
2026-09-12 22:41:26,099 [INFO] Token yenilendi: eyJzaWQiOiI4YWMwYzQ2...
2026-09-12 22:41:26,221 [WARNING] Sayfa 1: HTTP 429
2026-09-12 22:41:26,221 [INFO] 120sn bekleniyor...
2026-09-12 22:43:26,973 [INFO] Token yenilendi: eyJzaWQiOiI4YWMwYzQ2...
2026-09-12 22:43:27,110 [WARNING] Sayfa 1: HTTP 429
2026-09-12 22:43:27,110 [WARNING] Site engelliyor — run atlaniyor
2026-09-12 22:46:24,941 [INFO] ============================================================
2026-09-12 22:46:24,941 [INFO] MSGKO Scraper v4 — 2026-09-12 22:46:24
2026-09-12 22:46:24,942 [INFO] Kanal [4]: Agartha 3 (serverType=1)
2026-09-12 22:46:25,662 [INFO] Token alindi: eyJzaWQiOiI4ZmRmODEy...
2026-09-12 22:46:25,662 [INFO] [Agartha 3] Baglanti testi...
2026-09-12 22:46:25,777 [WARNING] Sayfa 1: HTTP 429
2026-09-12 22:46:25,777 [INFO] 60sn bekleniyor...
2026-09-12 22:47:26,026 [INFO] Token yenilendi: eyJzaWQiOiI4ZmRmODEy...
2026-09-12 22:47:26,140 [WARNING] Sayfa 1: HTTP 429
2026-09-12 22:47:26,141 [INFO] 120sn bekleniyor...
2026-09-12 22:49:26,312 [INFO] Token yenilendi: eyJzaWQiOiI4ZmRmODEy...
2026-09-12 22:49:27,463 [WARNING] Sayfa 1: HTTP 429
2026-09-12 22:49:27,463 [WARNING] Site engelliyor — run atlaniyor
2026-09-12 22:52:24,772 [INFO] ============================================================
2026-09-12 22:52:24,772 [INFO] MSGKO Scraper v4 — 2026-09-12 22:52:24
2026-09-12 22:52:24,773 [INFO] Kanal [5]: Agartha 4 (serverType=12)
2026-09-12 22:52:25,806 [INFO] Token alindi: eyJzaWQiOiJlMTFlZDUz...
2026-09-12 22:52:25,806 [INFO] [Agartha 4] Baglanti testi...
2026-09-12 22:52:27,208 [INFO] Baglanti OK!
2026-09-12 22:52:27,208 [INFO] [Agartha 4] DESC (pahalı→ucuz)
2026-09-12 22:52:28,230 [INFO]   [Agartha 4] DESC (pahalı→ucuz) p  1: 192 ilan (toplam=  192, 3s)
2026-09-12 22:52:29,668 [INFO]   [Agartha 4] DESC (pahalı→ucuz) p  2: 192 ilan (toplam=  384, 4s)
2026-09-12 22:52:30,488 [INFO]   [Agartha 4] DESC (pahalı→ucuz) p  3: 192 ilan (toplam=  576, 5s)
2026-09-12 22:52:32,217 [INFO]   [Agartha 4] DESC (pahalı→ucuz) p  4: 192 ilan (toplam=  768, 7s)
2026-09-12 22:52:33,001 [INFO]   [Agartha 4] DESC (pahalı→ucuz) p  5: 192 ilan (toplam=  960, 8s)
2026-09-12 22:52:34,253 [INFO]   [Agartha 4] DESC (pahalı→ucuz) p  6: 192 ilan (toplam= 1152, 9s)
2026-09-12 22:52:35,013 [INFO]   [Agartha 4] DESC (pahalı→ucuz) p  7: 192 ilan (toplam= 1344, 10s)
2026-09-12 22:52:35,812 [INFO]   [Agartha 4] DESC (pahalı→ucuz) p  8: 192 ilan (toplam= 1536, 11s)
2026-09-12 22:52:36,561 [INFO]   [Agartha 4] DESC (pahalı→ucuz) p  9: 192 ilan (toplam= 1728, 11s)
2026-09-12 22:52:37,359 [INFO]   [Agartha 4] DESC (pahalı→ucuz) p 10: 192 ilan (toplam= 1920, 12s)
2026-09-12 22:52:38,163 [INFO]   [Agartha 4] DESC (pahalı→ucuz) p 11: 192 ilan (toplam= 2112, 13s)
2026-09-12 22:52:38,905 [INFO]   [Agartha 4] DESC (pahalı→ucuz) p 12: 192 ilan (toplam= 2304, 14s)
2026-09-12 22:52:40,447 [INFO]   [Agartha 4] DESC (pahalı→ucuz) p 13: 192 ilan (toplam= 2496, 15s)
2026-09-12 22:52:41,203 [INFO]   [Agartha 4] DESC (pahalı→ucuz) p 14: 192 ilan (toplam= 2688, 16s)
2026-09-12 22:52:41,981 [INFO]   [Agartha 4] DESC (pahalı→ucuz) p 15: 192 ilan (toplam= 2880, 17s)
2026-09-12 22:52:42,730 [INFO]   [Agartha 4] DESC (pahalı→ucuz) p 16: 192 ilan (toplam= 3072, 17s)
2026-09-12 22:52:43,483 [INFO]   [Agartha 4] DESC (pahalı→ucuz) p 17: 192 ilan (toplam= 3264, 18s)
2026-09-12 22:52:45,016 [INFO]   [Agartha 4] DESC (pahalı→ucuz) p 18: 192 ilan (toplam= 3456, 20s)
2026-09-12 22:52:45,764 [INFO]   [Agartha 4] DESC (pahalı→ucuz) p 19: 192 ilan (toplam= 3648, 20s)
2026-09-12 22:52:46,519 [INFO]   [Agartha 4] DESC (pahalı→ucuz) p 20: 192 ilan (toplam= 3840, 21s)
2026-09-12 22:52:47,306 [INFO]   [Agartha 4] DESC (pahalı→ucuz) p 21: 192 ilan (toplam= 4032, 22s)
2026-09-12 22:52:48,615 [INFO]   [Agartha 4] DESC (pahalı→ucuz) p 22: 192 ilan (toplam= 4224, 23s)
2026-09-12 22:52:49,391 [INFO]   [Agartha 4] DESC (pahalı→ucuz) p 23: 192 ilan (toplam= 4416, 24s)
2026-09-12 22:52:50,208 [INFO]   [Agartha 4] DESC (pahalı→ucuz) p 24: 192 ilan (toplam= 4608, 25s)
2026-09-12 22:52:51,935 [INFO]   [Agartha 4] DESC (pahalı→ucuz) p 25: 192 ilan (toplam= 4800, 27s)
2026-09-12 22:52:52,698 [INFO]   [Agartha 4] DESC (pahalı→ucuz) p 26: 192 ilan (toplam= 4992, 27s)
2026-09-12 22:52:53,497 [INFO]   [Agartha 4] DESC (pahalı→ucuz) p 27: 192 ilan (toplam= 5184, 28s)
2026-09-12 22:52:54,273 [INFO]   [Agartha 4] DESC (pahalı→ucuz) p 28: 192 ilan (toplam= 5376, 29s)
2026-09-12 22:52:55,035 [INFO]   [Agartha 4] DESC (pahalı→ucuz) p 29: 192 ilan (toplam= 5568, 30s)
2026-09-12 22:52:56,017 [WARNING]   [Agartha 4] DESC (pahalı→ucuz) p30 → 429, 60sn bekle
2026-09-12 22:53:57,081 [INFO] Token yenilendi: eyJzaWQiOiJlMTFlZDUz...
2026-09-12 22:53:57,201 [WARNING]   [Agartha 4] p30 → 429 — 60sn bekleniyor
2026-09-12 22:54:58,030 [INFO] Token yenilendi: eyJzaWQiOiJlMTFlZDUz...
2026-09-12 22:54:58,159 [WARNING]   [Agartha 4] p30 → 429 — 120sn bekleniyor
2026-09-12 22:56:58,300 [INFO] Token yenilendi: eyJzaWQiOiJlMTFlZDUz...
2026-09-12 22:56:58,421 [WARNING]   [Agartha 4] p30 → 429 — 180sn bekleniyor
2026-09-12 22:59:58,553 [INFO] Token yenilendi: eyJzaWQiOiJlMTFlZDUz...
2026-09-12 22:59:58,553 [WARNING]   [Agartha 4] DESC (pahalı→ucuz) sayfa 30 alinamadi — bitti
2026-09-12 22:59:58,553 [INFO]   [Agartha 4] DESC (pahalı→ucuz) bitti: 5568 ilan
2026-09-12 22:59:58,553 [INFO] [Agartha 4] TOPLAM: 5568 ilan
2026-09-12 23:00:07,864 [ERROR] INSERT hatasi: 504 {"message":"Gateway Timeout"}
2026-09-12 23:00:19,836 [INFO] [agartha4] 5068 ilan yazildi (20956ms)
2026-09-12 23:00:19,836 [INFO] Tamamlandi — 475sn
2026-09-12 23:00:19,836 [INFO] ============================================================
2026-09-12 23:01:24,747 [INFO] ============================================================
2026-09-12 23:01:24,747 [INFO] MSGKO Scraper v4 — 2026-09-12 23:01:24
2026-09-12 23:01:24,748 [INFO] Kanal [6]: Pandora 3 (serverType=2)
2026-09-12 23:01:25,261 [INFO] Token alindi: eyJzaWQiOiJhNTJkMTIx...
2026-09-12 23:01:25,261 [INFO] [Pandora 3] Baglanti testi...
2026-09-12 23:01:25,370 [WARNING] Sayfa 1: HTTP 429
2026-09-12 23:01:25,371 [INFO] 60sn bekleniyor...
2026-09-12 23:02:25,523 [INFO] Token yenilendi: eyJzaWQiOiJhNTJkMTIx...
2026-09-12 23:02:25,645 [WARNING] Sayfa 1: HTTP 429
2026-09-12 23:02:25,645 [INFO] 120sn bekleniyor...
2026-09-12 23:04:26,313 [INFO] Token yenilendi: eyJzaWQiOiJhNTJkMTIx...
2026-09-12 23:04:26,427 [WARNING] Sayfa 1: HTTP 429
2026-09-12 23:04:26,427 [WARNING] Site engelliyor — run atlaniyor
2026-09-12 23:07:24,884 [INFO] ============================================================
2026-09-12 23:07:24,885 [INFO] MSGKO Scraper v4 — 2026-09-12 23:07:24
2026-09-12 23:07:24,885 [INFO] Kanal [0]: Zero 3 (serverType=0) — ASC (ucuz→pahalı)
2026-09-12 23:07:26,140 [INFO] Token alindi: eyJzaWQiOiJlZDJkMmZh...
2026-09-12 23:07:26,140 [INFO] [Zero 3] Baglanti testi...
2026-09-12 23:07:26,260 [WARNING] Sayfa 1: HTTP 429
2026-09-12 23:07:26,260 [INFO] 60sn bekleniyor...
2026-09-12 23:08:26,445 [INFO] Token yenilendi: eyJzaWQiOiJlZDJkMmZh...
2026-09-12 23:08:26,560 [WARNING] Sayfa 1: HTTP 429
2026-09-12 23:08:26,560 [INFO] 120sn bekleniyor...
2026-09-12 23:10:26,996 [INFO] Token yenilendi: eyJzaWQiOiJlZDJkMmZh...
2026-09-12 23:10:27,137 [WARNING] Sayfa 1: HTTP 429
2026-09-12 23:10:27,137 [WARNING] Site engelliyor — run atlaniyor
2026-09-12 23:13:24,808 [INFO] ============================================================
2026-09-12 23:13:24,808 [INFO] MSGKO Scraper v4 — 2026-09-12 23:13:24
2026-09-12 23:13:24,809 [INFO] Kanal [0]: Zero 3 (serverType=0) — DESC (pahalı→ucuz)
2026-09-12 23:13:26,169 [INFO] Token alindi: eyJzaWQiOiI0OTczZjdi...
2026-09-12 23:13:26,169 [INFO] [Zero 3] Baglanti testi...
2026-09-12 23:13:26,287 [WARNING] Sayfa 1: HTTP 429
2026-09-12 23:13:26,287 [INFO] 60sn bekleniyor...
2026-09-12 23:14:26,990 [INFO] Token yenilendi: eyJzaWQiOiI0OTczZjdi...
2026-09-12 23:14:27,189 [WARNING] Sayfa 1: HTTP 429
2026-09-12 23:14:27,189 [INFO] 120sn bekleniyor...
2026-09-12 23:16:27,309 [INFO] Token yenilendi: eyJzaWQiOiI0OTczZjdi...
2026-09-12 23:16:28,509 [WARNING] Sayfa 1: HTTP 429
2026-09-12 23:16:28,509 [WARNING] Site engelliyor — run atlaniyor
2026-09-12 23:19:24,732 [INFO] ============================================================
2026-09-12 23:19:24,732 [INFO] MSGKO Scraper v4 — 2026-09-12 23:19:24
2026-09-12 23:19:24,733 [INFO] Kanal [1]: Zero 4 (serverType=5) — ASC (ucuz→pahalı)
2026-09-12 23:19:25,224 [INFO] Token alindi: eyJzaWQiOiIyYWZjODM1...
2026-09-12 23:19:25,224 [INFO] [Zero 4] Baglanti testi...
2026-09-12 23:19:25,347 [WARNING] Sayfa 1: HTTP 429
2026-09-12 23:19:25,348 [INFO] 60sn bekleniyor...
2026-09-12 23:20:26,553 [INFO] Token yenilendi: eyJzaWQiOiIyYWZjODM1...
2026-09-12 23:20:26,715 [WARNING] Sayfa 1: HTTP 429
2026-09-12 23:20:26,715 [INFO] 120sn bekleniyor...
2026-09-12 23:22:27,147 [INFO] Token yenilendi: eyJzaWQiOiIyYWZjODM1...
2026-09-12 23:22:27,257 [WARNING] Sayfa 1: HTTP 429
2026-09-12 23:22:27,257 [WARNING] Site engelliyor — run atlaniyor
2026-09-12 23:25:24,777 [INFO] ============================================================
2026-09-12 23:25:24,777 [INFO] MSGKO Scraper v4 — 2026-09-12 23:25:24
2026-09-12 23:25:24,778 [INFO] Kanal [1]: Zero 4 (serverType=5) — DESC (pahalı→ucuz)
2026-09-12 23:25:25,312 [INFO] Token alindi: eyJzaWQiOiI5ZjgyNzE1...
2026-09-12 23:25:25,312 [INFO] [Zero 4] Baglanti testi...
2026-09-12 23:25:25,717 [INFO] Baglanti OK!
2026-09-12 23:25:25,717 [INFO] [Zero 4] DESC (pahalı→ucuz)
2026-09-12 23:25:26,475 [INFO]   [Zero 4] DESC (pahalı→ucuz) p  1: 192 ilan (toplam=  192, 1s)
2026-09-12 23:25:28,255 [INFO]   [Zero 4] DESC (pahalı→ucuz) p  2: 192 ilan (toplam=  384, 3s)
2026-09-12 23:25:29,951 [INFO]   [Zero 4] DESC (pahalı→ucuz) p  3: 192 ilan (toplam=  576, 5s)
2026-09-12 23:25:31,720 [INFO]   [Zero 4] DESC (pahalı→ucuz) p  4: 192 ilan (toplam=  768, 6s)
2026-09-12 23:25:32,541 [INFO]   [Zero 4] DESC (pahalı→ucuz) p  5: 192 ilan (toplam=  960, 7s)
2026-09-12 23:25:33,927 [INFO]   [Zero 4] DESC (pahalı→ucuz) p  6: 192 ilan (toplam= 1152, 9s)
2026-09-12 23:25:35,538 [INFO]   [Zero 4] DESC (pahalı→ucuz) p  7: 192 ilan (toplam= 1344, 10s)
2026-09-12 23:25:36,444 [INFO]   [Zero 4] DESC (pahalı→ucuz) p  8: 192 ilan (toplam= 1536, 11s)
2026-09-12 23:25:38,221 [INFO]   [Zero 4] DESC (pahalı→ucuz) p  9: 192 ilan (toplam= 1728, 13s)
2026-09-12 23:25:39,095 [INFO]   [Zero 4] DESC (pahalı→ucuz) p 10: 192 ilan (toplam= 1920, 14s)
2026-09-12 23:25:39,923 [INFO]   [Zero 4] DESC (pahalı→ucuz) p 11: 192 ilan (toplam= 2112, 15s)
2026-09-12 23:25:41,512 [INFO]   [Zero 4] DESC (pahalı→ucuz) p 12: 192 ilan (toplam= 2304, 16s)
2026-09-12 23:25:42,287 [INFO]   [Zero 4] DESC (pahalı→ucuz) p 13: 192 ilan (toplam= 2496, 17s)
2026-09-12 23:25:43,039 [INFO]   [Zero 4] DESC (pahalı→ucuz) p 14: 192 ilan (toplam= 2688, 18s)
2026-09-12 23:25:44,449 [INFO]   [Zero 4] DESC (pahalı→ucuz) p 15: 192 ilan (toplam= 2880, 19s)
2026-09-12 23:25:46,188 [INFO]   [Zero 4] DESC (pahalı→ucuz) p 16: 192 ilan (toplam= 3072, 21s)
2026-09-12 23:25:46,942 [INFO]   [Zero 4] DESC (pahalı→ucuz) p 17: 192 ilan (toplam= 3264, 22s)
2026-09-12 23:25:48,420 [INFO]   [Zero 4] DESC (pahalı→ucuz) p 18: 192 ilan (toplam= 3456, 23s)
2026-09-12 23:25:49,166 [INFO]   [Zero 4] DESC (pahalı→ucuz) p 19: 192 ilan (toplam= 3648, 24s)
2026-09-12 23:25:50,506 [INFO]   [Zero 4] DESC (pahalı→ucuz) p 20: 192 ilan (toplam= 3840, 25s)
2026-09-12 23:25:51,295 [INFO]   [Zero 4] DESC (pahalı→ucuz) p 21: 192 ilan (toplam= 4032, 26s)
2026-09-12 23:25:52,548 [INFO]   [Zero 4] DESC (pahalı→ucuz) p 22: 192 ilan (toplam= 4224, 27s)
2026-09-12 23:25:53,297 [INFO]   [Zero 4] DESC (pahalı→ucuz) p 23: 192 ilan (toplam= 4416, 28s)
2026-09-12 23:25:54,081 [INFO]   [Zero 4] DESC (pahalı→ucuz) p 24: 192 ilan (toplam= 4608, 29s)
2026-09-12 23:25:54,843 [INFO]   [Zero 4] DESC (pahalı→ucuz) p 25: 192 ilan (toplam= 4800, 30s)
2026-09-12 23:25:56,622 [INFO]   [Zero 4] DESC (pahalı→ucuz) p 26: 192 ilan (toplam= 4992, 31s)
2026-09-12 23:25:57,464 [INFO]   [Zero 4] DESC (pahalı→ucuz) p 27: 192 ilan (toplam= 5184, 32s)
2026-09-12 23:25:58,751 [INFO]   [Zero 4] DESC (pahalı→ucuz) p 28: 192 ilan (toplam= 5376, 33s)
2026-09-12 23:25:59,579 [INFO]   [Zero 4] DESC (pahalı→ucuz) p 29: 192 ilan (toplam= 5568, 34s)
2026-09-12 23:26:00,589 [WARNING]   [Zero 4] DESC (pahalı→ucuz) p30 → 429, 60sn bekle
2026-09-12 23:27:00,997 [INFO] Token yenilendi: eyJzaWQiOiI5ZjgyNzE1...
2026-09-12 23:27:01,156 [WARNING]   [Zero 4] p30 → 429 — 60sn bekleniyor
2026-09-12 23:28:01,921 [INFO] Token yenilendi: eyJzaWQiOiI5ZjgyNzE1...
2026-09-12 23:28:02,059 [WARNING]   [Zero 4] p30 → 429 — 120sn bekleniyor
2026-09-12 23:30:02,183 [INFO] Token yenilendi: eyJzaWQiOiI5ZjgyNzE1...
2026-09-12 23:30:02,296 [WARNING]   [Zero 4] p30 → 429 — 180sn bekleniyor
2026-09-12 23:33:03,198 [INFO] Token yenilendi: eyJzaWQiOiI5ZjgyNzE1...
2026-09-12 23:33:03,198 [WARNING]   [Zero 4] DESC (pahalı→ucuz) sayfa 30 alinamadi — bitti
2026-09-12 23:33:03,198 [INFO]   [Zero 4] DESC (pahalı→ucuz) bitti: 5568 ilan
2026-09-12 23:33:03,198 [INFO] [Zero 4] TOPLAM: 5568 ilan
2026-09-12 23:33:12,543 [INFO] [zero4] 5568 ilan yazildi (9051ms)
2026-09-12 23:33:12,544 [INFO] Tamamlandi — 467sn
2026-09-12 23:33:12,544 [INFO] ============================================================
2026-09-12 23:34:24,721 [INFO] ============================================================
2026-09-12 23:34:24,721 [INFO] MSGKO Scraper v4 — 2026-09-12 23:34:24
2026-09-12 23:34:24,722 [INFO] Kanal [2]: Zero 5 (serverType=8) — ASC (ucuz→pahalı)
2026-09-12 23:34:25,819 [INFO] Token alindi: eyJzaWQiOiIzYjM3Njk1...
2026-09-12 23:34:25,819 [INFO] [Zero 5] Baglanti testi...
2026-09-12 23:34:25,975 [WARNING] Sayfa 1: HTTP 429
2026-09-12 23:34:25,975 [INFO] 60sn bekleniyor...
2026-09-12 23:35:26,105 [INFO] Token yenilendi: eyJzaWQiOiIzYjM3Njk1...
2026-09-12 23:35:26,215 [WARNING] Sayfa 1: HTTP 429
2026-09-12 23:35:26,215 [INFO] 120sn bekleniyor...
2026-09-12 23:37:26,326 [INFO] Token yenilendi: eyJzaWQiOiIzYjM3Njk1...
2026-09-12 23:37:26,505 [WARNING] Sayfa 1: HTTP 429
2026-09-12 23:37:26,505 [WARNING] Site engelliyor — run atlaniyor
2026-09-12 23:40:24,827 [INFO] ============================================================
2026-09-12 23:40:24,827 [INFO] MSGKO Scraper v4 — 2026-09-12 23:40:24
2026-09-12 23:40:24,828 [INFO] Kanal [2]: Zero 5 (serverType=8) — DESC (pahalı→ucuz)
2026-09-12 23:40:25,496 [INFO] Token alindi: eyJzaWQiOiIwY2UyYmUw...
2026-09-12 23:40:25,497 [INFO] [Zero 5] Baglanti testi...
2026-09-12 23:40:25,632 [WARNING] Sayfa 1: HTTP 429
2026-09-12 23:40:25,633 [INFO] 60sn bekleniyor...
2026-09-12 23:41:26,472 [INFO] Token yenilendi: eyJzaWQiOiIwY2UyYmUw...
2026-09-12 23:41:26,593 [WARNING] Sayfa 1: HTTP 429
2026-09-12 23:41:26,593 [INFO] 120sn bekleniyor...
2026-09-12 23:43:26,711 [INFO] Token yenilendi: eyJzaWQiOiIwY2UyYmUw...
2026-09-12 23:43:26,830 [WARNING] Sayfa 1: HTTP 429
2026-09-12 23:43:26,830 [WARNING] Site engelliyor — run atlaniyor
2026-09-12 23:46:24,751 [INFO] ============================================================
2026-09-12 23:46:24,751 [INFO] MSGKO Scraper v4 — 2026-09-12 23:46:24
2026-09-12 23:46:24,752 [INFO] Kanal [3]: Zero 8 (serverType=15) — ASC (ucuz→pahalı)
2026-09-12 23:46:25,280 [INFO] Token alindi: eyJzaWQiOiIzMzNjZmUy...
2026-09-12 23:46:25,280 [INFO] [Zero 8] Baglanti testi...
2026-09-12 23:46:25,470 [WARNING] Sayfa 1: HTTP 429
2026-09-12 23:46:25,470 [INFO] 60sn bekleniyor...
2026-09-12 23:47:25,673 [INFO] Token yenilendi: eyJzaWQiOiIzMzNjZmUy...
2026-09-12 23:47:25,856 [WARNING] Sayfa 1: HTTP 429
2026-09-12 23:47:25,857 [INFO] 120sn bekleniyor...
2026-09-12 23:49:26,367 [INFO] Token yenilendi: eyJzaWQiOiIzMzNjZmUy...
2026-09-12 23:49:26,565 [WARNING] Sayfa 1: HTTP 429
2026-09-12 23:49:26,565 [WARNING] Site engelliyor — run atlaniyor
2026-09-12 23:52:24,723 [INFO] ============================================================
2026-09-12 23:52:24,723 [INFO] MSGKO Scraper v4 — 2026-09-12 23:52:24
2026-09-12 23:52:24,723 [INFO] Kanal [3]: Zero 8 (serverType=15) — DESC (pahalı→ucuz)
2026-09-12 23:52:25,197 [INFO] Token alindi: eyJzaWQiOiI5ODI0NGIw...
2026-09-12 23:52:25,197 [INFO] [Zero 8] Baglanti testi...
2026-09-12 23:52:26,328 [WARNING] Sayfa 1: HTTP 429
2026-09-12 23:52:26,328 [INFO] 60sn bekleniyor...
2026-09-12 23:53:26,866 [INFO] Token yenilendi: eyJzaWQiOiI5ODI0NGIw...
2026-09-12 23:53:27,070 [WARNING] Sayfa 1: HTTP 429
2026-09-12 23:53:27,070 [INFO] 120sn bekleniyor...
2026-09-12 23:55:27,557 [INFO] Token yenilendi: eyJzaWQiOiI5ODI0NGIw...
2026-09-12 23:55:27,663 [WARNING] Sayfa 1: HTTP 429
2026-09-12 23:55:27,663 [WARNING] Site engelliyor — run atlaniyor
2026-09-12 23:58:24,726 [INFO] ============================================================
2026-09-12 23:58:24,726 [INFO] MSGKO Scraper v4 — 2026-09-12 23:58:24
2026-09-12 23:58:24,726 [INFO] Kanal [4]: Agartha 3 (serverType=1) — ASC (ucuz→pahalı)
2026-09-12 23:58:25,217 [INFO] Token alindi: eyJzaWQiOiI1YmQ2YWQ5...
2026-09-12 23:58:25,217 [INFO] [Agartha 3] Baglanti testi...
2026-09-12 23:58:25,479 [INFO] Baglanti OK!
2026-09-12 23:58:25,479 [INFO] [Agartha 3] ASC (ucuz→pahalı)
2026-09-12 23:58:25,559 [INFO]   [Agartha 3] ASC (ucuz→pahalı) p  1: 192 ilan (toplam=  192, 0s)
2026-09-12 23:58:27,108 [INFO]   [Agartha 3] ASC (ucuz→pahalı) p  2: 192 ilan (toplam=  384, 2s)
2026-09-12 23:58:27,878 [INFO]   [Agartha 3] ASC (ucuz→pahalı) p  3: 192 ilan (toplam=  576, 3s)
2026-09-12 23:58:29,632 [INFO]   [Agartha 3] ASC (ucuz→pahalı) p  4: 192 ilan (toplam=  768, 4s)
2026-09-12 23:58:30,397 [INFO]   [Agartha 3] ASC (ucuz→pahalı) p  5: 192 ilan (toplam=  960, 5s)
2026-09-12 23:58:31,571 [INFO]   [Agartha 3] ASC (ucuz→pahalı) p  6: 192 ilan (toplam= 1152, 6s)
2026-09-12 23:58:32,316 [INFO]   [Agartha 3] ASC (ucuz→pahalı) p  7: 192 ilan (toplam= 1344, 7s)
2026-09-12 23:58:33,802 [INFO]   [Agartha 3] ASC (ucuz→pahalı) p  8: 192 ilan (toplam= 1536, 9s)
2026-09-12 23:58:34,552 [INFO]   [Agartha 3] ASC (ucuz→pahalı) p  9: 192 ilan (toplam= 1728, 9s)
2026-09-12 23:58:35,756 [INFO]   [Agartha 3] ASC (ucuz→pahalı) p 10: 192 ilan (toplam= 1920, 11s)
2026-09-12 23:58:36,506 [INFO]   [Agartha 3] ASC (ucuz→pahalı) p 11: 192 ilan (toplam= 2112, 11s)
2026-09-12 23:58:38,302 [INFO]   [Agartha 3] ASC (ucuz→pahalı) p 12: 192 ilan (toplam= 2304, 13s)
2026-09-12 23:58:40,056 [INFO]   [Agartha 3] ASC (ucuz→pahalı) p 13: 192 ilan (toplam= 2496, 15s)
2026-09-12 23:58:40,806 [INFO]   [Agartha 3] ASC (ucuz→pahalı) p 14: 192 ilan (toplam= 2688, 16s)
2026-09-12 23:58:41,611 [INFO]   [Agartha 3] ASC (ucuz→pahalı) p 15: 192 ilan (toplam= 2880, 16s)
2026-09-12 23:58:42,399 [INFO]   [Agartha 3] ASC (ucuz→pahalı) p 16: 192 ilan (toplam= 3072, 17s)
2026-09-12 23:58:43,882 [INFO]   [Agartha 3] ASC (ucuz→pahalı) p 17: 192 ilan (toplam= 3264, 19s)
2026-09-12 23:58:45,364 [INFO]   [Agartha 3] ASC (ucuz→pahalı) p 18: 192 ilan (toplam= 3456, 20s)
2026-09-12 23:58:46,116 [INFO]   [Agartha 3] ASC (ucuz→pahalı) p 19: 192 ilan (toplam= 3648, 21s)
2026-09-12 23:58:47,787 [INFO]   [Agartha 3] ASC (ucuz→pahalı) p 20: 192 ilan (toplam= 3840, 23s)
2026-09-12 23:58:48,616 [INFO]   [Agartha 3] ASC (ucuz→pahalı) p 21: 192 ilan (toplam= 4032, 23s)
2026-09-12 23:58:49,372 [INFO]   [Agartha 3] ASC (ucuz→pahalı) p 22: 192 ilan (toplam= 4224, 24s)
2026-09-12 23:58:50,126 [INFO]   [Agartha 3] ASC (ucuz→pahalı) p 23: 192 ilan (toplam= 4416, 25s)
2026-09-12 23:58:50,909 [INFO]   [Agartha 3] ASC (ucuz→pahalı) p 24: 192 ilan (toplam= 4608, 26s)
2026-09-12 23:58:51,672 [INFO]   [Agartha 3] ASC (ucuz→pahalı) p 25: 192 ilan (toplam= 4800, 26s)
2026-09-12 23:58:52,442 [INFO]   [Agartha 3] ASC (ucuz→pahalı) p 26: 192 ilan (toplam= 4992, 27s)
2026-09-12 23:58:53,219 [INFO]   [Agartha 3] ASC (ucuz→pahalı) p 27: 192 ilan (toplam= 5184, 28s)
2026-09-12 23:58:53,963 [INFO]   [Agartha 3] ASC (ucuz→pahalı) p 28: 192 ilan (toplam= 5376, 29s)
2026-09-12 23:58:54,731 [INFO]   [Agartha 3] ASC (ucuz→pahalı) p 29: 192 ilan (toplam= 5568, 30s)
2026-09-12 23:58:56,306 [INFO]   [Agartha 3] ASC (ucuz→pahalı) p 30: 192 ilan (toplam= 5760, 31s)
2026-09-12 23:58:56,920 [WARNING]   [Agartha 3] ASC (ucuz→pahalı) p31 → 429, 60sn bekle
2026-09-12 23:59:57,037 [INFO] Token yenilendi: eyJzaWQiOiI1YmQ2YWQ5...
2026-09-12 23:59:57,179 [WARNING]   [Agartha 3] p31 → 429 — 60sn bekleniyor
2026-09-13 00:00:57,358 [INFO] Token yenilendi: eyJzaWQiOiI1YmQ2YWQ5...
2026-09-13 00:00:57,492 [WARNING]   [Agartha 3] p31 → 429 — 120sn bekleniyor
2026-09-13 00:02:57,652 [INFO] Token yenilendi: eyJzaWQiOiI1YmQ2YWQ5...
2026-09-13 00:02:57,772 [WARNING]   [Agartha 3] p31 → 429 — 180sn bekleniyor
2026-09-13 00:05:58,774 [INFO] Token yenilendi: eyJzaWQiOiI1YmQ2YWQ5...
2026-09-13 00:05:58,774 [WARNING]   [Agartha 3] ASC (ucuz→pahalı) sayfa 31 alinamadi — bitti
2026-09-13 00:05:58,774 [INFO]   [Agartha 3] ASC (ucuz→pahalı) bitti: 5760 ilan
2026-09-13 00:05:58,774 [INFO] [Agartha 3] TOPLAM: 5760 ilan
2026-09-13 00:06:09,859 [INFO] [agartha3] 5760 ilan yazildi (10794ms)
2026-09-13 00:06:09,859 [INFO] Tamamlandi — 465sn
2026-09-13 00:06:09,859 [INFO] ============================================================
2026-09-13 00:07:24,728 [INFO] ============================================================
2026-09-13 00:07:24,728 [INFO] MSGKO Scraper v4 — 2026-09-13 00:07:24
2026-09-13 00:07:24,728 [INFO] Kanal [4]: Agartha 3 (serverType=1) — DESC (pahalı→ucuz)
2026-09-13 00:07:25,625 [INFO] Token alindi: eyJzaWQiOiI1NTMyM2Ni...
2026-09-13 00:07:25,626 [INFO] [Agartha 3] Baglanti testi...
2026-09-13 00:07:25,755 [WARNING] Sayfa 1: HTTP 429
2026-09-13 00:07:25,755 [INFO] 60sn bekleniyor...
2026-09-13 00:08:25,896 [INFO] Token yenilendi: eyJzaWQiOiI1NTMyM2Ni...
2026-09-13 00:08:26,026 [WARNING] Sayfa 1: HTTP 429
2026-09-13 00:08:26,027 [INFO] 120sn bekleniyor...
2026-09-13 00:10:26,208 [INFO] Token yenilendi: eyJzaWQiOiI1NTMyM2Ni...
2026-09-13 00:10:26,364 [WARNING] Sayfa 1: HTTP 429
2026-09-13 00:10:26,364 [WARNING] Site engelliyor — run atlaniyor
2026-09-13 00:13:24,725 [INFO] ============================================================
2026-09-13 00:13:24,726 [INFO] MSGKO Scraper v4 — 2026-09-13 00:13:24
2026-09-13 00:13:24,726 [INFO] Kanal [5]: Agartha 4 (serverType=12) — ASC (ucuz→pahalı)
2026-09-13 00:13:25,202 [INFO] Token alindi: eyJzaWQiOiI0ZDgxNDA0...
2026-09-13 00:13:25,202 [INFO] [Agartha 4] Baglanti testi...
2026-09-13 00:13:25,314 [WARNING] Sayfa 1: HTTP 429
2026-09-13 00:13:25,314 [INFO] 60sn bekleniyor...
2026-09-13 00:14:25,853 [INFO] Token yenilendi: eyJzaWQiOiI0ZDgxNDA0...
2026-09-13 00:14:26,024 [WARNING] Sayfa 1: HTTP 429
2026-09-13 00:14:26,024 [INFO] 120sn bekleniyor...
2026-09-13 00:16:26,149 [INFO] Token yenilendi: eyJzaWQiOiI0ZDgxNDA0...
2026-09-13 00:16:26,283 [WARNING] Sayfa 1: HTTP 429
2026-09-13 00:16:26,283 [WARNING] Site engelliyor — run atlaniyor
2026-09-13 00:19:24,734 [INFO] ============================================================
2026-09-13 00:19:24,734 [INFO] MSGKO Scraper v4 — 2026-09-13 00:19:24
2026-09-13 00:19:24,735 [INFO] Kanal [5]: Agartha 4 (serverType=12) — DESC (pahalı→ucuz)
2026-09-13 00:19:26,304 [INFO] Token alindi: eyJzaWQiOiIzYjY1OGM1...
2026-09-13 00:19:26,304 [INFO] [Agartha 4] Baglanti testi...
2026-09-13 00:19:26,432 [WARNING] Sayfa 1: HTTP 429
2026-09-13 00:19:26,432 [INFO] 60sn bekleniyor...
2026-09-13 00:20:26,546 [INFO] Token yenilendi: eyJzaWQiOiIzYjY1OGM1...
2026-09-13 00:20:26,738 [WARNING] Sayfa 1: HTTP 429
2026-09-13 00:20:26,738 [INFO] 120sn bekleniyor...
2026-09-13 00:22:26,860 [INFO] Token yenilendi: eyJzaWQiOiIzYjY1OGM1...
2026-09-13 00:22:26,984 [WARNING] Sayfa 1: HTTP 429
2026-09-13 00:22:26,984 [WARNING] Site engelliyor — run atlaniyor
2026-09-13 00:25:24,777 [INFO] ============================================================
2026-09-13 00:25:24,778 [INFO] MSGKO Scraper v4 — 2026-09-13 00:25:24
2026-09-13 00:25:24,778 [INFO] Kanal [6]: Pandora 3 (serverType=2) — ASC (ucuz→pahalı)
2026-09-13 00:25:25,275 [INFO] Token alindi: eyJzaWQiOiIwOTlkZTBj...
2026-09-13 00:25:25,275 [INFO] [Pandora 3] Baglanti testi...
2026-09-13 00:25:25,392 [WARNING] Sayfa 1: HTTP 429
2026-09-13 00:25:25,392 [INFO] 60sn bekleniyor...
2026-09-13 00:26:25,517 [INFO] Token yenilendi: eyJzaWQiOiIwOTlkZTBj...
2026-09-13 00:26:25,636 [WARNING] Sayfa 1: HTTP 429
2026-09-13 00:26:25,636 [INFO] 120sn bekleniyor...
2026-09-13 00:28:25,770 [INFO] Token yenilendi: eyJzaWQiOiIwOTlkZTBj...
2026-09-13 00:28:25,882 [WARNING] Sayfa 1: HTTP 429
2026-09-13 00:28:25,882 [WARNING] Site engelliyor — run atlaniyor
2026-09-13 00:31:24,735 [INFO] ============================================================
2026-09-13 00:31:24,735 [INFO] MSGKO Scraper v4 — 2026-09-13 00:31:24
2026-09-13 00:31:24,735 [INFO] Kanal [6]: Pandora 3 (serverType=2) — DESC (pahalı→ucuz)
2026-09-13 00:31:25,161 [INFO] Token alindi: eyJzaWQiOiIzNDRkMWY1...
2026-09-13 00:31:25,161 [INFO] [Pandora 3] Baglanti testi...
2026-09-13 00:31:26,307 [INFO] Baglanti OK!
2026-09-13 00:31:26,307 [INFO] [Pandora 3] DESC (pahalı→ucuz)
2026-09-13 00:31:27,194 [INFO]   [Pandora 3] DESC (pahalı→ucuz) p  1: 192 ilan (toplam=  192, 2s)
2026-09-13 00:31:28,009 [INFO]   [Pandora 3] DESC (pahalı→ucuz) p  2: 192 ilan (toplam=  384, 3s)
2026-09-13 00:31:29,676 [INFO]   [Pandora 3] DESC (pahalı→ucuz) p  3: 192 ilan (toplam=  576, 4s)
2026-09-13 00:31:30,450 [INFO]   [Pandora 3] DESC (pahalı→ucuz) p  4: 192 ilan (toplam=  768, 5s)
2026-09-13 00:31:31,695 [INFO]   [Pandora 3] DESC (pahalı→ucuz) p  5: 192 ilan (toplam=  960, 6s)
2026-09-13 00:31:32,508 [INFO]   [Pandora 3] DESC (pahalı→ucuz) p  6: 192 ilan (toplam= 1152, 7s)
2026-09-13 00:31:33,966 [INFO]   [Pandora 3] DESC (pahalı→ucuz) p  7: 192 ilan (toplam= 1344, 9s)
2026-09-13 00:31:34,788 [INFO]   [Pandora 3] DESC (pahalı→ucuz) p  8: 192 ilan (toplam= 1536, 10s)
2026-09-13 00:31:35,600 [INFO]   [Pandora 3] DESC (pahalı→ucuz) p  9: 192 ilan (toplam= 1728, 10s)
2026-09-13 00:31:36,350 [INFO]   [Pandora 3] DESC (pahalı→ucuz) p 10: 192 ilan (toplam= 1920, 11s)
2026-09-13 00:31:39,873 [INFO]   [Pandora 3] DESC (pahalı→ucuz) p 11: 192 ilan (toplam= 2112, 15s)
2026-09-13 00:31:40,672 [INFO]   [Pandora 3] DESC (pahalı→ucuz) p 12: 192 ilan (toplam= 2304, 15s)
2026-09-13 00:31:41,432 [INFO]   [Pandora 3] DESC (pahalı→ucuz) p 13: 192 ilan (toplam= 2496, 16s)
2026-09-13 00:31:42,955 [INFO]   [Pandora 3] DESC (pahalı→ucuz) p 14: 192 ilan (toplam= 2688, 18s)
2026-09-13 00:31:44,509 [INFO]   [Pandora 3] DESC (pahalı→ucuz) p 15: 192 ilan (toplam= 2880, 19s)
2026-09-13 00:31:45,310 [INFO]   [Pandora 3] DESC (pahalı→ucuz) p 16: 192 ilan (toplam= 3072, 20s)
2026-09-13 00:31:46,071 [INFO]   [Pandora 3] DESC (pahalı→ucuz) p 17: 192 ilan (toplam= 3264, 21s)
2026-09-13 00:31:47,827 [INFO]   [Pandora 3] DESC (pahalı→ucuz) p 18: 192 ilan (toplam= 3456, 23s)
2026-09-13 00:31:48,585 [INFO]   [Pandora 3] DESC (pahalı→ucuz) p 19: 192 ilan (toplam= 3648, 23s)
2026-09-13 00:31:49,351 [INFO]   [Pandora 3] DESC (pahalı→ucuz) p 20: 192 ilan (toplam= 3840, 24s)
2026-09-13 00:31:50,150 [INFO]   [Pandora 3] DESC (pahalı→ucuz) p 21: 192 ilan (toplam= 4032, 25s)
2026-09-13 00:31:50,889 [INFO]   [Pandora 3] DESC (pahalı→ucuz) p 22: 192 ilan (toplam= 4224, 26s)
2026-09-13 00:31:51,650 [INFO]   [Pandora 3] DESC (pahalı→ucuz) p 23: 192 ilan (toplam= 4416, 26s)
2026-09-13 00:31:52,427 [INFO]   [Pandora 3] DESC (pahalı→ucuz) p 24: 192 ilan (toplam= 4608, 27s)
2026-09-13 00:31:53,824 [INFO]   [Pandora 3] DESC (pahalı→ucuz) p 25: 192 ilan (toplam= 4800, 29s)
2026-09-13 00:31:54,590 [INFO]   [Pandora 3] DESC (pahalı→ucuz) p 26: 192 ilan (toplam= 4992, 29s)
2026-09-13 00:31:55,399 [INFO]   [Pandora 3] DESC (pahalı→ucuz) p 27: 192 ilan (toplam= 5184, 30s)
2026-09-13 00:31:56,138 [INFO]   [Pandora 3] DESC (pahalı→ucuz) p 28: 192 ilan (toplam= 5376, 31s)
2026-09-13 00:31:57,133 [INFO]   [Pandora 3] DESC (pahalı→ucuz) p 29: 192 ilan (toplam= 5568, 32s)
2026-09-13 00:31:57,751 [WARNING]   [Pandora 3] DESC (pahalı→ucuz) p30 → 429, 60sn bekle
2026-09-13 00:32:57,873 [INFO] Token yenilendi: eyJzaWQiOiIzNDRkMWY1...
2026-09-13 00:32:58,003 [WARNING]   [Pandora 3] p30 → 429 — 60sn bekleniyor
2026-09-13 00:33:59,182 [INFO] Token yenilendi: eyJzaWQiOiIzNDRkMWY1...
2026-09-13 00:33:59,293 [WARNING]   [Pandora 3] p30 → 429 — 120sn bekleniyor
2026-09-13 00:35:59,414 [INFO] Token yenilendi: eyJzaWQiOiIzNDRkMWY1...
2026-09-13 00:35:59,529 [WARNING]   [Pandora 3] p30 → 429 — 180sn bekleniyor
2026-09-13 00:38:59,638 [INFO] Token yenilendi: eyJzaWQiOiIzNDRkMWY1...
2026-09-13 00:38:59,638 [WARNING]   [Pandora 3] DESC (pahalı→ucuz) sayfa 30 alinamadi — bitti
2026-09-13 00:38:59,638 [INFO]   [Pandora 3] DESC (pahalı→ucuz) bitti: 5568 ilan
2026-09-13 00:38:59,638 [INFO] [Pandora 3] TOPLAM: 5568 ilan
2026-09-13 00:39:11,569 [INFO] [pandora3] 5568 ilan yazildi (11643ms)
2026-09-13 00:39:11,569 [INFO] Tamamlandi — 466sn
2026-09-13 00:39:11,569 [INFO] ============================================================
2026-09-13 00:40:24,767 [INFO] ============================================================
2026-09-13 00:40:24,767 [INFO] MSGKO Scraper v4 — 2026-09-13 00:40:24
2026-09-13 00:40:24,768 [INFO] Kanal [7]: Pandora 4 (serverType=11) — ASC (ucuz→pahalı)
2026-09-13 00:40:25,249 [INFO] Token alindi: eyJzaWQiOiJiMjk4ZDMy...
2026-09-13 00:40:25,249 [INFO] [Pandora 4] Baglanti testi...
2026-09-13 00:40:25,366 [WARNING] Sayfa 1: HTTP 429
2026-09-13 00:40:25,366 [INFO] 60sn bekleniyor...
2026-09-13 00:41:25,478 [INFO] Token yenilendi: eyJzaWQiOiJiMjk4ZDMy...
2026-09-13 00:41:25,588 [WARNING] Sayfa 1: HTTP 429
2026-09-13 00:41:25,588 [INFO] 120sn bekleniyor...
2026-09-13 00:43:25,699 [INFO] Token yenilendi: eyJzaWQiOiJiMjk4ZDMy...
2026-09-13 00:43:25,810 [WARNING] Sayfa 1: HTTP 429
2026-09-13 00:43:25,810 [WARNING] Site engelliyor — run atlaniyor
2026-09-13 00:46:24,738 [INFO] ============================================================
2026-09-13 00:46:24,738 [INFO] MSGKO Scraper v4 — 2026-09-13 00:46:24
2026-09-13 00:46:24,739 [INFO] Kanal [7]: Pandora 4 (serverType=11) — DESC (pahalı→ucuz)
2026-09-13 00:46:25,970 [INFO] Token alindi: eyJzaWQiOiI5ZjcwYjI4...
2026-09-13 00:46:25,971 [INFO] [Pandora 4] Baglanti testi...
2026-09-13 00:46:26,079 [WARNING] Sayfa 1: HTTP 429
2026-09-13 00:46:26,079 [INFO] 60sn bekleniyor...
2026-09-13 00:47:26,242 [INFO] Token yenilendi: eyJzaWQiOiI5ZjcwYjI4...
2026-09-13 00:47:26,354 [WARNING] Sayfa 1: HTTP 429
2026-09-13 00:47:26,354 [INFO] 120sn bekleniyor...
2026-09-13 00:49:26,493 [INFO] Token yenilendi: eyJzaWQiOiI5ZjcwYjI4...
2026-09-13 00:49:26,602 [WARNING] Sayfa 1: HTTP 429
2026-09-13 00:49:26,602 [WARNING] Site engelliyor — run atlaniyor
2026-09-13 00:52:24,734 [INFO] ============================================================
2026-09-13 00:52:24,734 [INFO] MSGKO Scraper v4 — 2026-09-13 00:52:24
2026-09-13 00:52:24,735 [INFO] Kanal [8]: Destan 2 (serverType=4) — ASC (ucuz→pahalı)
2026-09-13 00:52:25,308 [INFO] Token alindi: eyJzaWQiOiJjZWQ0ZmNi...
2026-09-13 00:52:25,308 [INFO] [Destan 2] Baglanti testi...
2026-09-13 00:52:25,411 [WARNING] Sayfa 1: HTTP 429
2026-09-13 00:52:25,411 [INFO] 60sn bekleniyor...
2026-09-13 00:53:25,517 [INFO] Token yenilendi: eyJzaWQiOiJjZWQ0ZmNi...
2026-09-13 00:53:25,669 [WARNING] Sayfa 1: HTTP 429
2026-09-13 00:53:25,669 [INFO] 120sn bekleniyor...
2026-09-13 00:55:25,779 [INFO] Token yenilendi: eyJzaWQiOiJjZWQ0ZmNi...
2026-09-13 00:55:25,933 [WARNING] Sayfa 1: HTTP 429
2026-09-13 00:55:25,933 [WARNING] Site engelliyor — run atlaniyor
2026-09-13 00:58:24,738 [INFO] ============================================================
2026-09-13 00:58:24,738 [INFO] MSGKO Scraper v4 — 2026-09-13 00:58:24
2026-09-13 00:58:24,738 [INFO] Kanal [8]: Destan 2 (serverType=4) — DESC (pahalı→ucuz)
2026-09-13 00:58:25,243 [INFO] Token alindi: eyJzaWQiOiJiYWJiN2Fi...
2026-09-13 00:58:25,244 [INFO] [Destan 2] Baglanti testi...
2026-09-13 00:58:25,359 [WARNING] Sayfa 1: HTTP 429
2026-09-13 00:58:25,359 [INFO] 60sn bekleniyor...
2026-09-13 00:59:25,493 [INFO] Token yenilendi: eyJzaWQiOiJiYWJiN2Fi...
2026-09-13 00:59:25,654 [WARNING] Sayfa 1: HTTP 429
2026-09-13 00:59:25,654 [INFO] 120sn bekleniyor...
2026-09-13 01:01:25,821 [INFO] Token yenilendi: eyJzaWQiOiJiYWJiN2Fi...
2026-09-13 01:01:25,960 [WARNING] Sayfa 1: HTTP 429
2026-09-13 01:01:25,960 [WARNING] Site engelliyor — run atlaniyor
2026-09-13 01:04:24,728 [INFO] ============================================================
2026-09-13 01:04:24,728 [INFO] MSGKO Scraper v4 — 2026-09-13 01:04:24
2026-09-13 01:04:24,728 [INFO] Kanal [9]: Destan 3 (serverType=13) — ASC (ucuz→pahalı)
2026-09-13 01:04:25,253 [INFO] Token alindi: eyJzaWQiOiJmZjg0OGM3...
2026-09-13 01:04:25,253 [INFO] [Destan 3] Baglanti testi...
2026-09-13 01:04:25,625 [INFO] Baglanti OK!
2026-09-13 01:04:25,625 [INFO] [Destan 3] ASC (ucuz→pahalı)
2026-09-13 01:04:25,704 [INFO]   [Destan 3] ASC (ucuz→pahalı) p  1: 192 ilan (toplam=  192, 0s)
2026-09-13 01:04:26,448 [INFO]   [Destan 3] ASC (ucuz→pahalı) p  2: 192 ilan (toplam=  384, 1s)
2026-09-13 01:04:27,199 [INFO]   [Destan 3] ASC (ucuz→pahalı) p  3: 192 ilan (toplam=  576, 2s)
2026-09-13 01:04:27,939 [INFO]   [Destan 3] ASC (ucuz→pahalı) p  4: 192 ilan (toplam=  768, 3s)
2026-09-13 01:04:28,743 [INFO]   [Destan 3] ASC (ucuz→pahalı) p  5: 192 ilan (toplam=  960, 4s)
2026-09-13 01:04:30,313 [INFO]   [Destan 3] ASC (ucuz→pahalı) p  6: 192 ilan (toplam= 1152, 5s)
2026-09-13 01:04:32,224 [INFO]   [Destan 3] ASC (ucuz→pahalı) p  7: 192 ilan (toplam= 1344, 7s)
2026-09-13 01:04:33,321 [INFO]   [Destan 3] ASC (ucuz→pahalı) p  8: 192 ilan (toplam= 1536, 8s)
2026-09-13 01:04:34,091 [INFO]   [Destan 3] ASC (ucuz→pahalı) p  9: 192 ilan (toplam= 1728, 9s)
2026-09-13 01:04:35,522 [INFO]   [Destan 3] ASC (ucuz→pahalı) p 10: 192 ilan (toplam= 1920, 10s)
2026-09-13 01:04:36,270 [INFO]   [Destan 3] ASC (ucuz→pahalı) p 11: 192 ilan (toplam= 2112, 11s)
2026-09-13 01:04:37,407 [INFO]   [Destan 3] ASC (ucuz→pahalı) p 12: 192 ilan (toplam= 2304, 12s)
2026-09-13 01:04:38,145 [INFO]   [Destan 3] ASC (ucuz→pahalı) p 13: 192 ilan (toplam= 2496, 13s)
2026-09-13 01:04:39,349 [INFO]   [Destan 3] ASC (ucuz→pahalı) p 14: 192 ilan (toplam= 2688, 14s)
2026-09-13 01:04:40,816 [INFO]   [Destan 3] ASC (ucuz→pahalı) p 15: 192 ilan (toplam= 2880, 16s)
2026-09-13 01:04:41,626 [INFO]   [Destan 3] ASC (ucuz→pahalı) p 16: 192 ilan (toplam= 3072, 16s)
2026-09-13 01:04:42,355 [INFO]   [Destan 3] ASC (ucuz→pahalı) p 17: 192 ilan (toplam= 3264, 17s)
2026-09-13 01:04:43,934 [INFO]   [Destan 3] ASC (ucuz→pahalı) p 18: 192 ilan (toplam= 3456, 19s)
2026-09-13 01:04:44,818 [INFO]   [Destan 3] ASC (ucuz→pahalı) p 19: 192 ilan (toplam= 3648, 20s)
2026-09-13 01:04:45,566 [INFO]   [Destan 3] ASC (ucuz→pahalı) p 20: 192 ilan (toplam= 3840, 20s)
2026-09-13 01:04:47,213 [INFO]   [Destan 3] ASC (ucuz→pahalı) p 22: 192 ilan (toplam= 4032, 22s)
2026-09-13 01:04:47,984 [INFO]   [Destan 3] ASC (ucuz→pahalı) p 23: 192 ilan (toplam= 4224, 23s)
2026-09-13 01:04:48,730 [INFO]   [Destan 3] ASC (ucuz→pahalı) p 24: 192 ilan (toplam= 4416, 24s)
2026-09-13 01:04:49,498 [INFO]   [Destan 3] ASC (ucuz→pahalı) p 25: 192 ilan (toplam= 4608, 24s)
2026-09-13 01:04:50,228 [INFO]   [Destan 3] ASC (ucuz→pahalı) p 26: 192 ilan (toplam= 4800, 25s)
2026-09-13 01:04:50,972 [INFO]   [Destan 3] ASC (ucuz→pahalı) p 27: 192 ilan (toplam= 4992, 26s)
2026-09-13 01:04:52,391 [INFO]   [Destan 3] ASC (ucuz→pahalı) p 28: 192 ilan (toplam= 5184, 27s)
2026-09-13 01:04:53,156 [INFO]   [Destan 3] ASC (ucuz→pahalı) p 29: 192 ilan (toplam= 5376, 28s)
2026-09-13 01:04:54,843 [INFO]   [Destan 3] ASC (ucuz→pahalı) p 30: 192 ilan (toplam= 5568, 30s)
2026-09-13 01:04:55,455 [WARNING]   [Destan 3] ASC (ucuz→pahalı) p31 → 429, 60sn bekle
2026-09-13 01:05:56,446 [INFO] Token yenilendi: eyJzaWQiOiJmZjg0OGM3...
2026-09-13 01:05:56,594 [WARNING]   [Destan 3] p31 → 429 — 60sn bekleniyor
2026-09-13 01:06:56,715 [INFO] Token yenilendi: eyJzaWQiOiJmZjg0OGM3...
2026-09-13 01:06:56,832 [WARNING]   [Destan 3] p31 → 429 — 120sn bekleniyor
2026-09-13 01:08:57,625 [INFO] Token yenilendi: eyJzaWQiOiJmZjg0OGM3...
2026-09-13 01:08:57,773 [WARNING]   [Destan 3] p31 → 429 — 180sn bekleniyor
2026-09-13 01:11:58,009 [INFO] Token yenilendi: eyJzaWQiOiJmZjg0OGM3...
2026-09-13 01:11:58,009 [WARNING]   [Destan 3] ASC (ucuz→pahalı) sayfa 31 alinamadi — bitti
2026-09-13 01:11:58,009 [INFO]   [Destan 3] ASC (ucuz→pahalı) bitti: 5568 ilan
2026-09-13 01:11:58,009 [INFO] [Destan 3] TOPLAM: 5568 ilan
2026-09-13 01:12:08,631 [INFO] [destan3] 5568 ilan yazildi (10330ms)
2026-09-13 01:12:08,631 [INFO] Tamamlandi — 463sn
2026-09-13 01:12:08,631 [INFO] ============================================================
2026-09-13 01:13:24,740 [INFO] ============================================================
2026-09-13 01:13:24,740 [INFO] MSGKO Scraper v4 — 2026-09-13 01:13:24
2026-09-13 01:13:24,741 [INFO] Kanal [9]: Destan 3 (serverType=13) — DESC (pahalı→ucuz)
2026-09-13 01:13:25,173 [INFO] Token alindi: eyJzaWQiOiI0NjAwZmJh...
2026-09-13 01:13:25,173 [INFO] [Destan 3] Baglanti testi...
2026-09-13 01:13:25,291 [WARNING] Sayfa 1: HTTP 429
2026-09-13 01:13:25,291 [INFO] 60sn bekleniyor...
2026-09-13 01:14:25,439 [INFO] Token yenilendi: eyJzaWQiOiI0NjAwZmJh...
2026-09-13 01:14:25,577 [WARNING] Sayfa 1: HTTP 429
2026-09-13 01:14:25,577 [INFO] 120sn bekleniyor...
2026-09-13 01:16:25,685 [INFO] Token yenilendi: eyJzaWQiOiI0NjAwZmJh...
2026-09-13 01:16:25,785 [WARNING] Sayfa 1: HTTP 429
2026-09-13 01:16:25,785 [WARNING] Site engelliyor — run atlaniyor
2026-09-13 01:19:24,732 [INFO] ============================================================
2026-09-13 01:19:24,732 [INFO] MSGKO Scraper v4 — 2026-09-13 01:19:24
2026-09-13 01:19:24,732 [INFO] Kanal [0]: Zero 3 (serverType=0) — ASC (ucuz→pahalı)
2026-09-13 01:19:25,173 [INFO] Token alindi: eyJzaWQiOiI5MDdjMDQ3...
2026-09-13 01:19:25,173 [INFO] [Zero 3] Baglanti testi...
2026-09-13 01:19:25,284 [WARNING] Sayfa 1: HTTP 429
2026-09-13 01:19:25,284 [INFO] 60sn bekleniyor...
2026-09-13 01:20:25,442 [INFO] Token yenilendi: eyJzaWQiOiI5MDdjMDQ3...
2026-09-13 01:20:25,661 [WARNING] Sayfa 1: HTTP 429
2026-09-13 01:20:25,661 [INFO] 120sn bekleniyor...
2026-09-13 01:22:25,801 [INFO] Token yenilendi: eyJzaWQiOiI5MDdjMDQ3...
2026-09-13 01:22:25,985 [WARNING] Sayfa 1: HTTP 429
2026-09-13 01:22:25,985 [WARNING] Site engelliyor — run atlaniyor
2026-09-13 01:25:24,733 [INFO] ============================================================
2026-09-13 01:25:24,733 [INFO] MSGKO Scraper v4 — 2026-09-13 01:25:24
2026-09-13 01:25:24,733 [INFO] Kanal [0]: Zero 3 (serverType=0) — DESC (pahalı→ucuz)
2026-09-13 01:25:26,339 [INFO] Token alindi: eyJzaWQiOiI3NWQ4MmYz...
2026-09-13 01:25:26,339 [INFO] [Zero 3] Baglanti testi...
2026-09-13 01:25:26,450 [WARNING] Sayfa 1: HTTP 429
2026-09-13 01:25:26,450 [INFO] 60sn bekleniyor...
2026-09-13 01:26:26,572 [INFO] Token yenilendi: eyJzaWQiOiI3NWQ4MmYz...
2026-09-13 01:26:26,678 [WARNING] Sayfa 1: HTTP 429
2026-09-13 01:26:26,678 [INFO] 120sn bekleniyor...
2026-09-13 01:28:26,813 [INFO] Token yenilendi: eyJzaWQiOiI3NWQ4MmYz...
2026-09-13 01:28:26,921 [WARNING] Sayfa 1: HTTP 429
2026-09-13 01:28:26,921 [WARNING] Site engelliyor — run atlaniyor
2026-09-13 01:31:24,735 [INFO] ============================================================
2026-09-13 01:31:24,735 [INFO] MSGKO Scraper v4 — 2026-09-13 01:31:24
2026-09-13 01:31:24,736 [INFO] Kanal [1]: Zero 4 (serverType=5) — ASC (ucuz→pahalı)
2026-09-13 01:31:25,509 [INFO] Token alindi: eyJzaWQiOiJjNzdiYzA0...
2026-09-13 01:31:25,509 [INFO] [Zero 4] Baglanti testi...
2026-09-13 01:31:25,652 [WARNING] Sayfa 1: HTTP 429
2026-09-13 01:31:25,652 [INFO] 60sn bekleniyor...
2026-09-13 01:32:26,745 [INFO] Token yenilendi: eyJzaWQiOiJjNzdiYzA0...
2026-09-13 01:32:26,862 [WARNING] Sayfa 1: HTTP 429
2026-09-13 01:32:26,862 [INFO] 120sn bekleniyor...
2026-09-13 01:34:27,092 [INFO] Token yenilendi: eyJzaWQiOiJjNzdiYzA0...
2026-09-13 01:34:27,210 [WARNING] Sayfa 1: HTTP 429
2026-09-13 01:34:27,210 [WARNING] Site engelliyor — run atlaniyor
2026-09-13 01:37:24,738 [INFO] ============================================================
2026-09-13 01:37:24,738 [INFO] MSGKO Scraper v4 — 2026-09-13 01:37:24
2026-09-13 01:37:24,738 [INFO] Kanal [1]: Zero 4 (serverType=5) — DESC (pahalı→ucuz)
2026-09-13 01:37:25,966 [INFO] Token alindi: eyJzaWQiOiJjZDY4MjIx...
2026-09-13 01:37:25,966 [INFO] [Zero 4] Baglanti testi...
2026-09-13 01:37:26,328 [INFO] Baglanti OK!
2026-09-13 01:37:26,328 [INFO] [Zero 4] DESC (pahalı→ucuz)
2026-09-13 01:37:27,750 [INFO]   [Zero 4] DESC (pahalı→ucuz) p  1: 192 ilan (toplam=  192, 3s)
2026-09-13 01:37:30,081 [INFO]   [Zero 4] DESC (pahalı→ucuz) p  2: 192 ilan (toplam=  384, 5s)
2026-09-13 01:37:31,733 [INFO]   [Zero 4] DESC (pahalı→ucuz) p  3: 192 ilan (toplam=  576, 6s)
2026-09-13 01:37:33,224 [INFO]   [Zero 4] DESC (pahalı→ucuz) p  4: 192 ilan (toplam=  768, 8s)
2026-09-13 01:37:34,007 [INFO]   [Zero 4] DESC (pahalı→ucuz) p  5: 192 ilan (toplam=  960, 9s)
2026-09-13 01:37:35,215 [INFO]   [Zero 4] DESC (pahalı→ucuz) p  6: 192 ilan (toplam= 1152, 10s)
2026-09-13 01:37:36,780 [INFO]   [Zero 4] DESC (pahalı→ucuz) p  7: 192 ilan (toplam= 1344, 12s)
2026-09-13 01:37:37,559 [INFO]   [Zero 4] DESC (pahalı→ucuz) p  8: 192 ilan (toplam= 1536, 12s)
2026-09-13 01:37:38,311 [INFO]   [Zero 4] DESC (pahalı→ucuz) p  9: 192 ilan (toplam= 1728, 13s)
2026-09-13 01:37:39,056 [INFO]   [Zero 4] DESC (pahalı→ucuz) p 10: 192 ilan (toplam= 1920, 14s)
2026-09-13 01:37:39,842 [INFO]   [Zero 4] DESC (pahalı→ucuz) p 11: 192 ilan (toplam= 2112, 15s)
2026-09-13 01:37:41,564 [INFO]   [Zero 4] DESC (pahalı→ucuz) p 12: 192 ilan (toplam= 2304, 16s)
2026-09-13 01:37:42,347 [INFO]   [Zero 4] DESC (pahalı→ucuz) p 13: 192 ilan (toplam= 2496, 17s)
2026-09-13 01:37:43,560 [INFO]   [Zero 4] DESC (pahalı→ucuz) p 14: 192 ilan (toplam= 2688, 18s)
2026-09-13 01:37:44,351 [INFO]   [Zero 4] DESC (pahalı→ucuz) p 15: 192 ilan (toplam= 2880, 19s)
2026-09-13 01:37:45,678 [INFO]   [Zero 4] DESC (pahalı→ucuz) p 16: 192 ilan (toplam= 3072, 20s)
2026-09-13 01:37:46,430 [INFO]   [Zero 4] DESC (pahalı→ucuz) p 17: 192 ilan (toplam= 3264, 21s)
2026-09-13 01:37:47,251 [INFO]   [Zero 4] DESC (pahalı→ucuz) p 18: 192 ilan (toplam= 3456, 22s)
2026-09-13 01:37:48,451 [INFO]   [Zero 4] DESC (pahalı→ucuz) p 19: 192 ilan (toplam= 3648, 23s)
2026-09-13 01:37:49,218 [INFO]   [Zero 4] DESC (pahalı→ucuz) p 20: 192 ilan (toplam= 3840, 24s)
2026-09-13 01:37:51,026 [INFO]   [Zero 4] DESC (pahalı→ucuz) p 21: 192 ilan (toplam= 4032, 26s)
2026-09-13 01:37:51,813 [INFO]   [Zero 4] DESC (pahalı→ucuz) p 22: 192 ilan (toplam= 4224, 27s)
2026-09-13 01:37:52,587 [INFO]   [Zero 4] DESC (pahalı→ucuz) p 23: 192 ilan (toplam= 4416, 27s)
2026-09-13 01:37:54,346 [INFO]   [Zero 4] DESC (pahalı→ucuz) p 24: 192 ilan (toplam= 4608, 29s)
2026-09-13 01:37:55,084 [INFO]   [Zero 4] DESC (pahalı→ucuz) p 25: 192 ilan (toplam= 4800, 30s)
2026-09-13 01:37:55,817 [INFO]   [Zero 4] DESC (pahalı→ucuz) p 26: 192 ilan (toplam= 4992, 31s)
2026-09-13 01:37:56,604 [INFO]   [Zero 4] DESC (pahalı→ucuz) p 27: 192 ilan (toplam= 5184, 31s)
2026-09-13 01:37:57,352 [INFO]   [Zero 4] DESC (pahalı→ucuz) p 28: 192 ilan (toplam= 5376, 32s)
2026-09-13 01:37:58,105 [INFO]   [Zero 4] DESC (pahalı→ucuz) p 29: 192 ilan (toplam= 5568, 33s)
2026-09-13 01:37:59,746 [WARNING]   [Zero 4] DESC (pahalı→ucuz) p30 → 429, 60sn bekle
2026-09-13 01:38:59,866 [INFO] Token yenilendi: eyJzaWQiOiJjZDY4MjIx...
2026-09-13 01:39:00,011 [WARNING]   [Zero 4] p30 → 429 — 60sn bekleniyor
2026-09-13 01:40:00,132 [INFO] Token yenilendi: eyJzaWQiOiJjZDY4MjIx...
2026-09-13 01:40:00,272 [WARNING]   [Zero 4] p30 → 429 — 120sn bekleniyor
2026-09-13 01:42:00,396 [INFO] Token yenilendi: eyJzaWQiOiJjZDY4MjIx...
2026-09-13 01:42:00,526 [WARNING]   [Zero 4] p30 → 429 — 180sn bekleniyor
2026-09-13 01:45:01,370 [INFO] Token yenilendi: eyJzaWQiOiJjZDY4MjIx...
2026-09-13 01:45:01,370 [WARNING]   [Zero 4] DESC (pahalı→ucuz) sayfa 30 alinamadi — bitti
2026-09-13 01:45:01,370 [INFO]   [Zero 4] DESC (pahalı→ucuz) bitti: 5568 ilan
2026-09-13 01:45:01,370 [INFO] [Zero 4] TOPLAM: 5568 ilan
2026-09-13 01:45:12,970 [INFO] [zero4] 5568 ilan yazildi (11309ms)
2026-09-13 01:45:12,970 [INFO] Tamamlandi — 468sn
2026-09-13 01:45:12,971 [INFO] ============================================================
2026-09-13 01:46:24,739 [INFO] ============================================================
2026-09-13 01:46:24,739 [INFO] MSGKO Scraper v4 — 2026-09-13 01:46:24
2026-09-13 01:46:24,739 [INFO] Kanal [2]: Zero 5 (serverType=8) — ASC (ucuz→pahalı)
2026-09-13 01:46:25,208 [INFO] Token alindi: eyJzaWQiOiJlMzUxNjM3...
2026-09-13 01:46:25,208 [INFO] [Zero 5] Baglanti testi...
2026-09-13 01:46:25,316 [WARNING] Sayfa 1: HTTP 429
2026-09-13 01:46:25,316 [INFO] 60sn bekleniyor...
2026-09-13 01:47:25,440 [INFO] Token yenilendi: eyJzaWQiOiJlMzUxNjM3...
2026-09-13 01:47:25,554 [WARNING] Sayfa 1: HTTP 429
2026-09-13 01:47:25,554 [INFO] 120sn bekleniyor...
2026-09-13 01:49:25,673 [INFO] Token yenilendi: eyJzaWQiOiJlMzUxNjM3...
2026-09-13 01:49:25,794 [WARNING] Sayfa 1: HTTP 429
2026-09-13 01:49:25,794 [WARNING] Site engelliyor — run atlaniyor
2026-09-13 01:52:24,743 [INFO] ============================================================
2026-09-13 01:52:24,743 [INFO] MSGKO Scraper v4 — 2026-09-13 01:52:24
2026-09-13 01:52:24,743 [INFO] Kanal [2]: Zero 5 (serverType=8) — DESC (pahalı→ucuz)
2026-09-13 01:52:25,173 [INFO] Token alindi: eyJzaWQiOiIyZWYwOTNk...
2026-09-13 01:52:25,173 [INFO] [Zero 5] Baglanti testi...
2026-09-13 01:52:25,314 [WARNING] Sayfa 1: HTTP 429
2026-09-13 01:52:25,314 [INFO] 60sn bekleniyor...
2026-09-13 01:53:25,432 [INFO] Token yenilendi: eyJzaWQiOiIyZWYwOTNk...
2026-09-13 01:53:25,551 [WARNING] Sayfa 1: HTTP 429
2026-09-13 01:53:25,551 [INFO] 120sn bekleniyor...
2026-09-13 01:55:25,678 [INFO] Token yenilendi: eyJzaWQiOiIyZWYwOTNk...
2026-09-13 01:55:25,787 [WARNING] Sayfa 1: HTTP 429
2026-09-13 01:55:25,787 [WARNING] Site engelliyor — run atlaniyor
2026-09-13 01:58:24,737 [INFO] ============================================================
2026-09-13 01:58:24,737 [INFO] MSGKO Scraper v4 — 2026-09-13 01:58:24
2026-09-13 01:58:24,738 [INFO] Kanal [3]: Zero 8 (serverType=15) — ASC (ucuz→pahalı)
2026-09-13 01:58:26,356 [INFO] Token alindi: eyJzaWQiOiIxMDc5M2Uy...
2026-09-13 01:58:26,356 [INFO] [Zero 8] Baglanti testi...
2026-09-13 01:58:26,477 [WARNING] Sayfa 1: HTTP 429
2026-09-13 01:58:26,477 [INFO] 60sn bekleniyor...
2026-09-13 01:59:26,603 [INFO] Token yenilendi: eyJzaWQiOiIxMDc5M2Uy...
2026-09-13 01:59:26,724 [WARNING] Sayfa 1: HTTP 429
2026-09-13 01:59:26,724 [INFO] 120sn bekleniyor...
2026-09-13 02:01:27,562 [INFO] Token yenilendi: eyJzaWQiOiIxMDc5M2Uy...
2026-09-13 02:01:27,688 [WARNING] Sayfa 1: HTTP 429
2026-09-13 02:01:27,689 [WARNING] Site engelliyor — run atlaniyor
2026-09-13 02:04:24,755 [INFO] ============================================================
2026-09-13 02:04:24,756 [INFO] MSGKO Scraper v4 — 2026-09-13 02:04:24
2026-09-13 02:04:24,756 [INFO] Kanal [3]: Zero 8 (serverType=15) — DESC (pahalı→ucuz)
2026-09-13 02:04:25,197 [INFO] Token alindi: eyJzaWQiOiJmNGJlY2Ri...
2026-09-13 02:04:25,198 [INFO] [Zero 8] Baglanti testi...
2026-09-13 02:04:25,294 [WARNING] Sayfa 1: HTTP 429
2026-09-13 02:04:25,294 [INFO] 60sn bekleniyor...
2026-09-13 02:05:25,401 [INFO] Token yenilendi: eyJzaWQiOiJmNGJlY2Ri...
2026-09-13 02:05:25,506 [WARNING] Sayfa 1: HTTP 429
2026-09-13 02:05:25,506 [INFO] 120sn bekleniyor...
2026-09-13 02:07:26,334 [INFO] Token yenilendi: eyJzaWQiOiJmNGJlY2Ri...
2026-09-13 02:07:26,445 [WARNING] Sayfa 1: HTTP 429
2026-09-13 02:07:26,445 [WARNING] Site engelliyor — run atlaniyor
2026-09-13 02:10:25,827 [INFO] ============================================================
2026-09-13 02:10:25,827 [INFO] MSGKO Scraper v4 — 2026-09-13 02:10:25
2026-09-13 02:10:25,828 [INFO] Kanal [4]: Agartha 3 (serverType=1) — ASC (ucuz→pahalı)
2026-09-13 02:10:26,350 [INFO] Token alindi: eyJzaWQiOiI2Nzc0YTEx...
2026-09-13 02:10:26,350 [INFO] [Agartha 3] Baglanti testi...
2026-09-13 02:10:27,006 [INFO] Baglanti OK!
2026-09-13 02:10:27,006 [INFO] [Agartha 3] ASC (ucuz→pahalı)
2026-09-13 02:10:27,096 [INFO]   [Agartha 3] ASC (ucuz→pahalı) p  1: 192 ilan (toplam=  192, 1s)
2026-09-13 02:10:28,816 [INFO]   [Agartha 3] ASC (ucuz→pahalı) p  2: 192 ilan (toplam=  384, 2s)
2026-09-13 02:10:29,596 [INFO]   [Agartha 3] ASC (ucuz→pahalı) p  3: 192 ilan (toplam=  576, 3s)
2026-09-13 02:10:31,238 [INFO]   [Agartha 3] ASC (ucuz→pahalı) p  4: 192 ilan (toplam=  768, 5s)
2026-09-13 02:10:32,687 [INFO]   [Agartha 3] ASC (ucuz→pahalı) p  5: 192 ilan (toplam=  960, 6s)
2026-09-13 02:10:33,482 [INFO]   [Agartha 3] ASC (ucuz→pahalı) p  6: 192 ilan (toplam= 1152, 7s)
2026-09-13 02:10:34,226 [INFO]   [Agartha 3] ASC (ucuz→pahalı) p  7: 192 ilan (toplam= 1344, 8s)
2026-09-13 02:10:34,982 [INFO]   [Agartha 3] ASC (ucuz→pahalı) p  8: 192 ilan (toplam= 1536, 9s)
2026-09-13 02:10:35,735 [INFO]   [Agartha 3] ASC (ucuz→pahalı) p  9: 192 ilan (toplam= 1728, 9s)
2026-09-13 02:10:36,837 [INFO]   [Agartha 3] ASC (ucuz→pahalı) p 10: 192 ilan (toplam= 1920, 11s)
2026-09-13 02:10:38,655 [INFO]   [Agartha 3] ASC (ucuz→pahalı) p 11: 192 ilan (toplam= 2112, 12s)
2026-09-13 02:10:39,397 [INFO]   [Agartha 3] ASC (ucuz→pahalı) p 12: 192 ilan (toplam= 2304, 13s)
2026-09-13 02:10:41,183 [INFO]   [Agartha 3] ASC (ucuz→pahalı) p 13: 192 ilan (toplam= 2496, 15s)
2026-09-13 02:10:42,397 [INFO]   [Agartha 3] ASC (ucuz→pahalı) p 14: 192 ilan (toplam= 2688, 16s)
2026-09-13 02:10:43,831 [INFO]   [Agartha 3] ASC (ucuz→pahalı) p 15: 192 ilan (toplam= 2880, 18s)
2026-09-13 02:10:45,431 [INFO]   [Agartha 3] ASC (ucuz→pahalı) p 16: 192 ilan (toplam= 3072, 19s)
2026-09-13 02:10:47,031 [INFO]   [Agartha 3] ASC (ucuz→pahalı) p 17: 192 ilan (toplam= 3264, 21s)
2026-09-13 02:10:48,655 [INFO]   [Agartha 3] ASC (ucuz→pahalı) p 18: 192 ilan (toplam= 3456, 22s)
2026-09-13 02:10:49,392 [INFO]   [Agartha 3] ASC (ucuz→pahalı) p 19: 192 ilan (toplam= 3648, 23s)
2026-09-13 02:10:51,113 [INFO]   [Agartha 3] ASC (ucuz→pahalı) p 20: 192 ilan (toplam= 3840, 25s)
2026-09-13 02:10:51,872 [INFO]   [Agartha 3] ASC (ucuz→pahalı) p 21: 192 ilan (toplam= 4032, 26s)
2026-09-13 02:10:53,590 [INFO]   [Agartha 3] ASC (ucuz→pahalı) p 22: 192 ilan (toplam= 4224, 27s)
2026-09-13 02:10:54,322 [INFO]   [Agartha 3] ASC (ucuz→pahalı) p 23: 192 ilan (toplam= 4416, 28s)
2026-09-13 02:10:55,844 [INFO]   [Agartha 3] ASC (ucuz→pahalı) p 24: 192 ilan (toplam= 4608, 30s)
2026-09-13 02:10:56,592 [INFO]   [Agartha 3] ASC (ucuz→pahalı) p 25: 192 ilan (toplam= 4800, 30s)
2026-09-13 02:10:57,370 [INFO]   [Agartha 3] ASC (ucuz→pahalı) p 26: 192 ilan (toplam= 4992, 31s)
2026-09-13 02:10:58,164 [INFO]   [Agartha 3] ASC (ucuz→pahalı) p 27: 192 ilan (toplam= 5184, 32s)
2026-09-13 02:10:59,615 [INFO]   [Agartha 3] ASC (ucuz→pahalı) p 28: 192 ilan (toplam= 5376, 33s)
2026-09-13 02:11:00,621 [INFO]   [Agartha 3] ASC (ucuz→pahalı) p 29: 192 ilan (toplam= 5568, 34s)
2026-09-13 02:11:02,038 [WARNING]   [Agartha 3] ASC (ucuz→pahalı) p30 → 429, 60sn bekle
2026-09-13 02:12:02,155 [INFO] Token yenilendi: eyJzaWQiOiI2Nzc0YTEx...
2026-09-13 02:12:02,272 [WARNING]   [Agartha 3] p30 → 429 — 60sn bekleniyor
2026-09-13 02:13:02,404 [INFO] Token yenilendi: eyJzaWQiOiI2Nzc0YTEx...
2026-09-13 02:13:02,528 [WARNING]   [Agartha 3] p30 → 429 — 120sn bekleniyor
2026-09-13 02:15:02,656 [INFO] Token yenilendi: eyJzaWQiOiI2Nzc0YTEx...
2026-09-13 02:15:03,709 [WARNING]   [Agartha 3] p30 → 429 — 180sn bekleniyor
2026-09-13 02:18:03,901 [INFO] Token yenilendi: eyJzaWQiOiI2Nzc0YTEx...
2026-09-13 02:18:03,901 [WARNING]   [Agartha 3] ASC (ucuz→pahalı) sayfa 30 alinamadi — bitti
2026-09-13 02:18:03,901 [INFO]   [Agartha 3] ASC (ucuz→pahalı) bitti: 5568 ilan
2026-09-13 02:18:03,901 [INFO] [Agartha 3] TOPLAM: 5568 ilan
2026-09-13 02:18:15,574 [INFO] [agartha3] 5568 ilan yazildi (11381ms)
2026-09-13 02:18:15,574 [INFO] Tamamlandi — 469sn
2026-09-13 02:18:15,574 [INFO] ============================================================
2026-09-13 02:19:24,750 [INFO] ============================================================
2026-09-13 02:19:24,750 [INFO] MSGKO Scraper v4 — 2026-09-13 02:19:24
2026-09-13 02:19:24,750 [INFO] Kanal [4]: Agartha 3 (serverType=1) — DESC (pahalı→ucuz)
2026-09-13 02:19:25,298 [INFO] Token alindi: eyJzaWQiOiJkZTFjZTEx...
2026-09-13 02:19:25,298 [INFO] [Agartha 3] Baglanti testi...
2026-09-13 02:19:25,443 [WARNING] Sayfa 1: HTTP 429
2026-09-13 02:19:25,443 [INFO] 60sn bekleniyor...
2026-09-13 02:20:25,571 [INFO] Token yenilendi: eyJzaWQiOiJkZTFjZTEx...
2026-09-13 02:20:25,695 [WARNING] Sayfa 1: HTTP 429
2026-09-13 02:20:25,695 [INFO] 120sn bekleniyor...
2026-09-13 02:22:26,168 [INFO] Token yenilendi: eyJzaWQiOiJkZTFjZTEx...
2026-09-13 02:22:26,295 [WARNING] Sayfa 1: HTTP 429
2026-09-13 02:22:26,295 [WARNING] Site engelliyor — run atlaniyor
2026-09-13 02:25:24,751 [INFO] ============================================================
2026-09-13 02:25:24,751 [INFO] MSGKO Scraper v4 — 2026-09-13 02:25:24
2026-09-13 02:25:24,751 [INFO] Kanal [5]: Agartha 4 (serverType=12) — ASC (ucuz→pahalı)
2026-09-13 02:25:25,191 [INFO] Token alindi: eyJzaWQiOiJiOTRmM2Q1...
2026-09-13 02:25:25,191 [INFO] [Agartha 4] Baglanti testi...
2026-09-13 02:25:25,320 [WARNING] Sayfa 1: HTTP 429
2026-09-13 02:25:25,320 [INFO] 60sn bekleniyor...
2026-09-13 02:26:25,544 [INFO] Token yenilendi: eyJzaWQiOiJiOTRmM2Q1...
2026-09-13 02:26:25,656 [WARNING] Sayfa 1: HTTP 429
2026-09-13 02:26:25,656 [INFO] 120sn bekleniyor...
2026-09-13 02:28:25,774 [INFO] Token yenilendi: eyJzaWQiOiJiOTRmM2Q1...
2026-09-13 02:28:25,903 [WARNING] Sayfa 1: HTTP 429
2026-09-13 02:28:25,903 [WARNING] Site engelliyor — run atlaniyor
2026-09-13 02:31:24,749 [INFO] ============================================================
2026-09-13 02:31:24,749 [INFO] MSGKO Scraper v4 — 2026-09-13 02:31:24
2026-09-13 02:31:24,749 [INFO] Kanal [5]: Agartha 4 (serverType=12) — DESC (pahalı→ucuz)
2026-09-13 02:31:26,120 [INFO] Token alindi: eyJzaWQiOiIzMWVlYWIy...
2026-09-13 02:31:26,121 [INFO] [Agartha 4] Baglanti testi...
2026-09-13 02:31:26,233 [WARNING] Sayfa 1: HTTP 429
2026-09-13 02:31:26,233 [INFO] 60sn bekleniyor...
2026-09-13 02:32:26,346 [INFO] Token yenilendi: eyJzaWQiOiIzMWVlYWIy...
2026-09-13 02:32:26,466 [WARNING] Sayfa 1: HTTP 429
2026-09-13 02:32:26,466 [INFO] 120sn bekleniyor...
2026-09-13 02:34:27,302 [INFO] Token yenilendi: eyJzaWQiOiIzMWVlYWIy...
2026-09-13 02:34:27,412 [WARNING] Sayfa 1: HTTP 429
2026-09-13 02:34:27,412 [WARNING] Site engelliyor — run atlaniyor
2026-09-13 02:37:24,745 [INFO] ============================================================
2026-09-13 02:37:24,746 [INFO] MSGKO Scraper v4 — 2026-09-13 02:37:24
2026-09-13 02:37:24,746 [INFO] Kanal [6]: Pandora 3 (serverType=2) — ASC (ucuz→pahalı)
2026-09-13 02:37:26,196 [INFO] Token alindi: eyJzaWQiOiJlZTFiNmRl...
2026-09-13 02:37:26,196 [INFO] [Pandora 3] Baglanti testi...
2026-09-13 02:37:26,304 [WARNING] Sayfa 1: HTTP 429
2026-09-13 02:37:26,304 [INFO] 60sn bekleniyor...
2026-09-13 02:38:26,438 [INFO] Token yenilendi: eyJzaWQiOiJlZTFiNmRl...
2026-09-13 02:38:26,569 [WARNING] Sayfa 1: HTTP 429
2026-09-13 02:38:26,569 [INFO] 120sn bekleniyor...
2026-09-13 02:40:26,723 [INFO] Token yenilendi: eyJzaWQiOiJlZTFiNmRl...
2026-09-13 02:40:26,838 [WARNING] Sayfa 1: HTTP 429
2026-09-13 02:40:26,838 [WARNING] Site engelliyor — run atlaniyor
2026-09-13 02:43:24,746 [INFO] ============================================================
2026-09-13 02:43:24,746 [INFO] MSGKO Scraper v4 — 2026-09-13 02:43:24
2026-09-13 02:43:24,746 [INFO] Kanal [6]: Pandora 3 (serverType=2) — DESC (pahalı→ucuz)
2026-09-13 02:43:26,058 [INFO] Token alindi: eyJzaWQiOiJlODYwMmQ4...
2026-09-13 02:43:26,059 [INFO] [Pandora 3] Baglanti testi...
2026-09-13 02:43:26,286 [INFO] Baglanti OK!
2026-09-13 02:43:26,286 [INFO] [Pandora 3] DESC (pahalı→ucuz)
2026-09-13 02:43:26,907 [INFO]   [Pandora 3] DESC (pahalı→ucuz) p  1: 192 ilan (toplam=  192, 2s)
2026-09-13 02:43:27,692 [INFO]   [Pandora 3] DESC (pahalı→ucuz) p  2: 192 ilan (toplam=  384, 2s)
2026-09-13 02:43:29,909 [INFO]   [Pandora 3] DESC (pahalı→ucuz) p  4: 192 ilan (toplam=  576, 5s)
2026-09-13 02:43:31,668 [INFO]   [Pandora 3] DESC (pahalı→ucuz) p  5: 192 ilan (toplam=  768, 6s)
2026-09-13 02:43:32,463 [INFO]   [Pandora 3] DESC (pahalı→ucuz) p  6: 192 ilan (toplam=  960, 7s)
2026-09-13 02:43:33,701 [INFO]   [Pandora 3] DESC (pahalı→ucuz) p  7: 192 ilan (toplam= 1152, 8s)
2026-09-13 02:43:34,457 [INFO]   [Pandora 3] DESC (pahalı→ucuz) p  8: 192 ilan (toplam= 1344, 9s)
2026-09-13 02:43:35,930 [INFO]   [Pandora 3] DESC (pahalı→ucuz) p  9: 192 ilan (toplam= 1536, 11s)
2026-09-13 02:43:36,827 [INFO]   [Pandora 3] DESC (pahalı→ucuz) p 10: 192 ilan (toplam= 1728, 12s)
2026-09-13 02:43:38,094 [INFO]   [Pandora 3] DESC (pahalı→ucuz) p 11: 192 ilan (toplam= 1920, 13s)
2026-09-13 02:43:38,947 [INFO]   [Pandora 3] DESC (pahalı→ucuz) p 12: 192 ilan (toplam= 2112, 14s)
2026-09-13 02:43:40,536 [INFO]   [Pandora 3] DESC (pahalı→ucuz) p 13: 192 ilan (toplam= 2304, 15s)
2026-09-13 02:43:41,287 [INFO]   [Pandora 3] DESC (pahalı→ucuz) p 14: 192 ilan (toplam= 2496, 16s)
2026-09-13 02:43:42,061 [INFO]   [Pandora 3] DESC (pahalı→ucuz) p 15: 192 ilan (toplam= 2688, 17s)
2026-09-13 02:43:42,811 [INFO]   [Pandora 3] DESC (pahalı→ucuz) p 16: 192 ilan (toplam= 2880, 18s)
2026-09-13 02:43:44,539 [INFO]   [Pandora 3] DESC (pahalı→ucuz) p 17: 192 ilan (toplam= 3072, 19s)
2026-09-13 02:43:45,281 [INFO]   [Pandora 3] DESC (pahalı→ucuz) p 18: 192 ilan (toplam= 3264, 20s)
2026-09-13 02:43:47,047 [INFO]   [Pandora 3] DESC (pahalı→ucuz) p 19: 192 ilan (toplam= 3456, 22s)
2026-09-13 02:43:47,788 [INFO]   [Pandora 3] DESC (pahalı→ucuz) p 20: 192 ilan (toplam= 3648, 23s)
2026-09-13 02:43:48,587 [INFO]   [Pandora 3] DESC (pahalı→ucuz) p 21: 192 ilan (toplam= 3840, 23s)
2026-09-13 02:43:49,938 [INFO]   [Pandora 3] DESC (pahalı→ucuz) p 22: 192 ilan (toplam= 4032, 25s)
2026-09-13 02:43:51,094 [INFO]   [Pandora 3] DESC (pahalı→ucuz) p 23: 192 ilan (toplam= 4224, 26s)
2026-09-13 02:43:51,842 [INFO]   [Pandora 3] DESC (pahalı→ucuz) p 24: 192 ilan (toplam= 4416, 27s)
2026-09-13 02:43:52,629 [INFO]   [Pandora 3] DESC (pahalı→ucuz) p 25: 192 ilan (toplam= 4608, 27s)
2026-09-13 02:43:54,662 [INFO]   [Pandora 3] DESC (pahalı→ucuz) p 26: 192 ilan (toplam= 4800, 29s)
2026-09-13 02:43:56,227 [INFO]   [Pandora 3] DESC (pahalı→ucuz) p 27: 192 ilan (toplam= 4992, 31s)
2026-09-13 02:43:57,034 [INFO]   [Pandora 3] DESC (pahalı→ucuz) p 28: 192 ilan (toplam= 5184, 32s)
2026-09-13 02:43:57,791 [INFO]   [Pandora 3] DESC (pahalı→ucuz) p 29: 192 ilan (toplam= 5376, 33s)
2026-09-13 02:43:58,914 [WARNING]   [Pandora 3] DESC (pahalı→ucuz) p30 → 429, 60sn bekle
2026-09-13 02:44:59,065 [INFO] Token yenilendi: eyJzaWQiOiJlODYwMmQ4...
2026-09-13 02:44:59,187 [WARNING]   [Pandora 3] p30 → 429 — 60sn bekleniyor
2026-09-13 02:45:59,312 [INFO] Token yenilendi: eyJzaWQiOiJlODYwMmQ4...
2026-09-13 02:45:59,422 [WARNING]   [Pandora 3] p30 → 429 — 120sn bekleniyor
2026-09-13 02:47:59,602 [INFO] Token yenilendi: eyJzaWQiOiJlODYwMmQ4...
2026-09-13 02:47:59,719 [WARNING]   [Pandora 3] p30 → 429 — 180sn bekleniyor
2026-09-13 02:50:59,862 [INFO] Token yenilendi: eyJzaWQiOiJlODYwMmQ4...
2026-09-13 02:50:59,862 [WARNING]   [Pandora 3] DESC (pahalı→ucuz) sayfa 30 alinamadi — bitti
2026-09-13 02:50:59,862 [INFO]   [Pandora 3] DESC (pahalı→ucuz) bitti: 5376 ilan
2026-09-13 02:50:59,862 [INFO] [Pandora 3] TOPLAM: 5376 ilan
2026-09-13 02:51:10,763 [INFO] [pandora3] 5376 ilan yazildi (10621ms)
2026-09-13 02:51:10,764 [INFO] Tamamlandi — 466sn
2026-09-13 02:51:10,764 [INFO] ============================================================
2026-09-13 02:52:24,747 [INFO] ============================================================
2026-09-13 02:52:24,747 [INFO] MSGKO Scraper v4 — 2026-09-13 02:52:24
2026-09-13 02:52:24,747 [INFO] Kanal [7]: Pandora 4 (serverType=11) — ASC (ucuz→pahalı)
2026-09-13 02:52:25,195 [INFO] Token alindi: eyJzaWQiOiJhYWQwNzEw...
2026-09-13 02:52:25,195 [INFO] [Pandora 4] Baglanti testi...
2026-09-13 02:52:25,312 [WARNING] Sayfa 1: HTTP 429
2026-09-13 02:52:25,312 [INFO] 60sn bekleniyor...
2026-09-13 02:53:25,630 [INFO] Token yenilendi: eyJzaWQiOiJhYWQwNzEw...
2026-09-13 02:53:25,736 [WARNING] Sayfa 1: HTTP 429
2026-09-13 02:53:25,736 [INFO] 120sn bekleniyor...
2026-09-13 02:55:25,872 [INFO] Token yenilendi: eyJzaWQiOiJhYWQwNzEw...
2026-09-13 02:55:25,999 [WARNING] Sayfa 1: HTTP 429
2026-09-13 02:55:25,999 [WARNING] Site engelliyor — run atlaniyor
2026-09-13 02:58:24,748 [INFO] ============================================================
2026-09-13 02:58:24,748 [INFO] MSGKO Scraper v4 — 2026-09-13 02:58:24
2026-09-13 02:58:24,748 [INFO] Kanal [7]: Pandora 4 (serverType=11) — DESC (pahalı→ucuz)
2026-09-13 02:58:25,294 [INFO] Token alindi: eyJzaWQiOiJhNDAyOGVl...
2026-09-13 02:58:25,295 [INFO] [Pandora 4] Baglanti testi...
2026-09-13 02:58:25,413 [WARNING] Sayfa 1: HTTP 429
2026-09-13 02:58:25,413 [INFO] 60sn bekleniyor...
2026-09-13 02:59:25,559 [INFO] Token yenilendi: eyJzaWQiOiJhNDAyOGVl...
2026-09-13 02:59:25,681 [WARNING] Sayfa 1: HTTP 429
2026-09-13 02:59:25,681 [INFO] 120sn bekleniyor...
2026-09-13 03:01:25,810 [INFO] Token yenilendi: eyJzaWQiOiJhNDAyOGVl...
2026-09-13 03:01:25,926 [WARNING] Sayfa 1: HTTP 429
2026-09-13 03:01:25,926 [WARNING] Site engelliyor — run atlaniyor
2026-09-13 03:04:24,746 [INFO] ============================================================
2026-09-13 03:04:24,746 [INFO] MSGKO Scraper v4 — 2026-09-13 03:04:24
2026-09-13 03:04:24,746 [INFO] Kanal [8]: Destan 2 (serverType=4) — ASC (ucuz→pahalı)
2026-09-13 03:04:25,245 [INFO] Token alindi: eyJzaWQiOiJiMWEyM2Ux...
2026-09-13 03:04:25,245 [INFO] [Destan 2] Baglanti testi...
2026-09-13 03:04:25,365 [WARNING] Sayfa 1: HTTP 429
2026-09-13 03:04:25,365 [INFO] 60sn bekleniyor...
2026-09-13 03:05:25,510 [INFO] Token yenilendi: eyJzaWQiOiJiMWEyM2Ux...
2026-09-13 03:05:25,622 [WARNING] Sayfa 1: HTTP 429
2026-09-13 03:05:25,622 [INFO] 120sn bekleniyor...
2026-09-13 03:07:25,748 [INFO] Token yenilendi: eyJzaWQiOiJiMWEyM2Ux...
2026-09-13 03:07:25,870 [WARNING] Sayfa 1: HTTP 429
2026-09-13 03:07:25,870 [WARNING] Site engelliyor — run atlaniyor
2026-09-13 03:10:24,752 [INFO] ============================================================
2026-09-13 03:10:24,752 [INFO] MSGKO Scraper v4 — 2026-09-13 03:10:24
2026-09-13 03:10:24,752 [INFO] Kanal [8]: Destan 2 (serverType=4) — DESC (pahalı→ucuz)
2026-09-13 03:10:26,112 [INFO] Token alindi: eyJzaWQiOiIwY2VmMWVk...
2026-09-13 03:10:26,112 [INFO] [Destan 2] Baglanti testi...
2026-09-13 03:10:26,215 [WARNING] Sayfa 1: HTTP 429
2026-09-13 03:10:26,216 [INFO] 60sn bekleniyor...
2026-09-13 03:11:26,335 [INFO] Token yenilendi: eyJzaWQiOiIwY2VmMWVk...
2026-09-13 03:11:26,439 [WARNING] Sayfa 1: HTTP 429
2026-09-13 03:11:26,439 [INFO] 120sn bekleniyor...
2026-09-13 03:13:26,551 [INFO] Token yenilendi: eyJzaWQiOiIwY2VmMWVk...
2026-09-13 03:13:26,655 [WARNING] Sayfa 1: HTTP 429
2026-09-13 03:13:26,655 [WARNING] Site engelliyor — run atlaniyor
2026-09-13 03:16:24,750 [INFO] ============================================================
2026-09-13 03:16:24,750 [INFO] MSGKO Scraper v4 — 2026-09-13 03:16:24
2026-09-13 03:16:24,750 [INFO] Kanal [9]: Destan 3 (serverType=13) — ASC (ucuz→pahalı)
2026-09-13 03:16:25,272 [INFO] Token alindi: eyJzaWQiOiJhZTNmZmUz...
2026-09-13 03:16:25,272 [INFO] [Destan 3] Baglanti testi...
2026-09-13 03:16:25,576 [INFO] Baglanti OK!
2026-09-13 03:16:25,577 [INFO] [Destan 3] ASC (ucuz→pahalı)
2026-09-13 03:16:25,652 [INFO]   [Destan 3] ASC (ucuz→pahalı) p  1: 192 ilan (toplam=  192, 0s)
2026-09-13 03:16:26,612 [INFO]   [Destan 3] ASC (ucuz→pahalı) p  2: 192 ilan (toplam=  384, 1s)
2026-09-13 03:16:27,409 [INFO]   [Destan 3] ASC (ucuz→pahalı) p  3: 192 ilan (toplam=  576, 2s)
2026-09-13 03:16:28,144 [INFO]   [Destan 3] ASC (ucuz→pahalı) p  4: 192 ilan (toplam=  768, 3s)
2026-09-13 03:16:28,971 [INFO]   [Destan 3] ASC (ucuz→pahalı) p  5: 192 ilan (toplam=  960, 4s)
2026-09-13 03:16:29,727 [INFO]   [Destan 3] ASC (ucuz→pahalı) p  6: 192 ilan (toplam= 1152, 4s)
2026-09-13 03:16:31,304 [INFO]   [Destan 3] ASC (ucuz→pahalı) p  7: 192 ilan (toplam= 1344, 6s)
2026-09-13 03:16:32,367 [INFO]   [Destan 3] ASC (ucuz→pahalı) p  8: 192 ilan (toplam= 1536, 7s)
2026-09-13 03:16:33,131 [INFO]   [Destan 3] ASC (ucuz→pahalı) p  9: 192 ilan (toplam= 1728, 8s)
2026-09-13 03:16:33,863 [INFO]   [Destan 3] ASC (ucuz→pahalı) p 10: 192 ilan (toplam= 1920, 9s)
2026-09-13 03:16:34,602 [INFO]   [Destan 3] ASC (ucuz→pahalı) p 11: 192 ilan (toplam= 2112, 9s)
2026-09-13 03:16:35,355 [INFO]   [Destan 3] ASC (ucuz→pahalı) p 12: 192 ilan (toplam= 2304, 10s)
2026-09-13 03:16:36,087 [INFO]   [Destan 3] ASC (ucuz→pahalı) p 13: 192 ilan (toplam= 2496, 11s)
2026-09-13 03:16:36,822 [INFO]   [Destan 3] ASC (ucuz→pahalı) p 14: 192 ilan (toplam= 2688, 12s)
2026-09-13 03:16:37,572 [INFO]   [Destan 3] ASC (ucuz→pahalı) p 15: 192 ilan (toplam= 2880, 12s)
2026-09-13 03:16:39,278 [INFO]   [Destan 3] ASC (ucuz→pahalı) p 16: 192 ilan (toplam= 3072, 14s)
2026-09-13 03:16:40,014 [INFO]   [Destan 3] ASC (ucuz→pahalı) p 17: 192 ilan (toplam= 3264, 15s)
2026-09-13 03:16:41,694 [INFO]   [Destan 3] ASC (ucuz→pahalı) p 18: 192 ilan (toplam= 3456, 16s)
2026-09-13 03:16:42,463 [INFO]   [Destan 3] ASC (ucuz→pahalı) p 19: 192 ilan (toplam= 3648, 17s)
2026-09-13 03:16:43,197 [INFO]   [Destan 3] ASC (ucuz→pahalı) p 20: 192 ilan (toplam= 3840, 18s)
2026-09-13 03:16:44,418 [INFO]   [Destan 3] ASC (ucuz→pahalı) p 21: 192 ilan (toplam= 4032, 19s)
2026-09-13 03:16:45,225 [INFO]   [Destan 3] ASC (ucuz→pahalı) p 22: 192 ilan (toplam= 4224, 20s)
2026-09-13 03:16:45,990 [INFO]   [Destan 3] ASC (ucuz→pahalı) p 23: 192 ilan (toplam= 4416, 21s)
2026-09-13 03:16:46,765 [INFO]   [Destan 3] ASC (ucuz→pahalı) p 24: 192 ilan (toplam= 4608, 22s)
2026-09-13 03:16:47,507 [INFO]   [Destan 3] ASC (ucuz→pahalı) p 25: 192 ilan (toplam= 4800, 22s)
2026-09-13 03:16:48,244 [INFO]   [Destan 3] ASC (ucuz→pahalı) p 26: 192 ilan (toplam= 4992, 23s)
2026-09-13 03:16:48,981 [INFO]   [Destan 3] ASC (ucuz→pahalı) p 27: 192 ilan (toplam= 5184, 24s)
2026-09-13 03:16:50,706 [INFO]   [Destan 3] ASC (ucuz→pahalı) p 28: 192 ilan (toplam= 5376, 25s)
2026-09-13 03:16:51,444 [INFO]   [Destan 3] ASC (ucuz→pahalı) p 29: 192 ilan (toplam= 5568, 26s)
2026-09-13 03:16:52,178 [INFO]   [Destan 3] ASC (ucuz→pahalı) p 30: 192 ilan (toplam= 5760, 27s)
2026-09-13 03:16:53,505 [WARNING]   [Destan 3] ASC (ucuz→pahalı) p31 → 429, 60sn bekle
2026-09-13 03:17:54,154 [INFO] Token yenilendi: eyJzaWQiOiJhZTNmZmUz...
2026-09-13 03:17:54,295 [WARNING]   [Destan 3] p31 → 429 — 60sn bekleniyor
2026-09-13 03:18:54,446 [INFO] Token yenilendi: eyJzaWQiOiJhZTNmZmUz...
2026-09-13 03:18:54,549 [WARNING]   [Destan 3] p31 → 429 — 120sn bekleniyor
2026-09-13 03:20:55,567 [INFO] Token yenilendi: eyJzaWQiOiJhZTNmZmUz...
2026-09-13 03:20:55,678 [WARNING]   [Destan 3] p31 → 429 — 180sn bekleniyor
2026-09-13 03:23:55,808 [INFO] Token yenilendi: eyJzaWQiOiJhZTNmZmUz...
2026-09-13 03:23:55,808 [WARNING]   [Destan 3] ASC (ucuz→pahalı) sayfa 31 alinamadi — bitti
2026-09-13 03:23:55,809 [INFO]   [Destan 3] ASC (ucuz→pahalı) bitti: 5760 ilan
2026-09-13 03:23:55,809 [INFO] [Destan 3] TOPLAM: 5760 ilan
2026-09-13 03:24:09,244 [INFO] [destan3] 5760 ilan yazildi (13130ms)
2026-09-13 03:24:09,244 [INFO] Tamamlandi — 464sn
2026-09-13 03:24:09,244 [INFO] ============================================================
2026-09-13 03:25:24,756 [INFO] ============================================================
2026-09-13 03:25:24,756 [INFO] MSGKO Scraper v4 — 2026-09-13 03:25:24
2026-09-13 03:25:24,756 [INFO] Kanal [9]: Destan 3 (serverType=13) — DESC (pahalı→ucuz)
2026-09-13 03:25:25,214 [INFO] Token alindi: eyJzaWQiOiI1Y2VlNjlm...
2026-09-13 03:25:25,214 [INFO] [Destan 3] Baglanti testi...
2026-09-13 03:25:25,327 [WARNING] Sayfa 1: HTTP 429
2026-09-13 03:25:25,327 [INFO] 60sn bekleniyor...
2026-09-13 03:26:25,741 [INFO] Token yenilendi: eyJzaWQiOiI1Y2VlNjlm...
2026-09-13 03:26:25,853 [WARNING] Sayfa 1: HTTP 429
2026-09-13 03:26:25,853 [INFO] 120sn bekleniyor...
2026-09-13 03:28:25,982 [INFO] Token yenilendi: eyJzaWQiOiI1Y2VlNjlm...
2026-09-13 03:28:26,102 [WARNING] Sayfa 1: HTTP 429
2026-09-13 03:28:26,102 [WARNING] Site engelliyor — run atlaniyor
2026-09-13 03:31:24,753 [INFO] ============================================================
2026-09-13 03:31:24,753 [INFO] MSGKO Scraper v4 — 2026-09-13 03:31:24
2026-09-13 03:31:24,753 [INFO] Kanal [0]: Zero 3 (serverType=0) — ASC (ucuz→pahalı)
2026-09-13 03:31:25,214 [INFO] Token alindi: eyJzaWQiOiJhZmE0OGQ2...
2026-09-13 03:31:25,214 [INFO] [Zero 3] Baglanti testi...
2026-09-13 03:31:25,353 [WARNING] Sayfa 1: HTTP 429
2026-09-13 03:31:25,353 [INFO] 60sn bekleniyor...
2026-09-13 03:32:25,469 [INFO] Token yenilendi: eyJzaWQiOiJhZmE0OGQ2...
2026-09-13 03:32:25,570 [WARNING] Sayfa 1: HTTP 429
2026-09-13 03:32:25,570 [INFO] 120sn bekleniyor...
2026-09-13 03:34:26,584 [INFO] Token yenilendi: eyJzaWQiOiJhZmE0OGQ2...
2026-09-13 03:34:26,686 [WARNING] Sayfa 1: HTTP 429
2026-09-13 03:34:26,686 [WARNING] Site engelliyor — run atlaniyor
2026-09-13 03:37:24,755 [INFO] ============================================================
2026-09-13 03:37:24,755 [INFO] MSGKO Scraper v4 — 2026-09-13 03:37:24
2026-09-13 03:37:24,755 [INFO] Kanal [0]: Zero 3 (serverType=0) — DESC (pahalı→ucuz)
2026-09-13 03:37:25,181 [INFO] Token alindi: eyJzaWQiOiIxYmU4N2Ey...
2026-09-13 03:37:25,181 [INFO] [Zero 3] Baglanti testi...
2026-09-13 03:37:25,303 [WARNING] Sayfa 1: HTTP 429
2026-09-13 03:37:25,303 [INFO] 60sn bekleniyor...
2026-09-13 03:38:25,424 [INFO] Token yenilendi: eyJzaWQiOiIxYmU4N2Ey...
2026-09-13 03:38:25,580 [WARNING] Sayfa 1: HTTP 429
2026-09-13 03:38:25,580 [INFO] 120sn bekleniyor...
2026-09-13 03:40:25,693 [INFO] Token yenilendi: eyJzaWQiOiIxYmU4N2Ey...
2026-09-13 03:40:25,797 [WARNING] Sayfa 1: HTTP 429
2026-09-13 03:40:25,797 [WARNING] Site engelliyor — run atlaniyor
2026-09-13 03:43:24,758 [INFO] ============================================================
2026-09-13 03:43:24,781 [INFO] MSGKO Scraper v4 — 2026-09-13 03:43:24
2026-09-13 03:43:24,781 [INFO] Kanal [1]: Zero 4 (serverType=5) — ASC (ucuz→pahalı)
2026-09-13 03:43:25,901 [INFO] Token alindi: eyJzaWQiOiJjZjJhZjNl...
2026-09-13 03:43:25,901 [INFO] [Zero 4] Baglanti testi...
2026-09-13 03:43:26,013 [WARNING] Sayfa 1: HTTP 429
2026-09-13 03:43:26,013 [INFO] 60sn bekleniyor...
2026-09-13 03:44:26,133 [INFO] Token yenilendi: eyJzaWQiOiJjZjJhZjNl...
2026-09-13 03:44:26,247 [WARNING] Sayfa 1: HTTP 429
2026-09-13 03:44:26,247 [INFO] 120sn bekleniyor...
2026-09-13 03:46:27,188 [INFO] Token yenilendi: eyJzaWQiOiJjZjJhZjNl...
2026-09-13 03:46:27,324 [WARNING] Sayfa 1: HTTP 429
2026-09-13 03:46:27,324 [WARNING] Site engelliyor — run atlaniyor
2026-09-13 03:49:24,756 [INFO] ============================================================
2026-09-13 03:49:24,757 [INFO] MSGKO Scraper v4 — 2026-09-13 03:49:24
2026-09-13 03:49:24,757 [INFO] Kanal [1]: Zero 4 (serverType=5) — DESC (pahalı→ucuz)
2026-09-13 03:49:25,360 [INFO] Token alindi: eyJzaWQiOiJiMWRhNDNk...
2026-09-13 03:49:25,360 [INFO] [Zero 4] Baglanti testi...
2026-09-13 03:49:26,945 [INFO] Baglanti OK!
2026-09-13 03:49:26,945 [INFO] [Zero 4] DESC (pahalı→ucuz)
2026-09-13 03:49:28,732 [INFO]   [Zero 4] DESC (pahalı→ucuz) p  1: 192 ilan (toplam=  192, 3s)
2026-09-13 03:49:29,486 [INFO]   [Zero 4] DESC (pahalı→ucuz) p  2: 192 ilan (toplam=  384, 4s)
2026-09-13 03:49:30,293 [INFO]   [Zero 4] DESC (pahalı→ucuz) p  3: 192 ilan (toplam=  576, 5s)
2026-09-13 03:49:31,031 [INFO]   [Zero 4] DESC (pahalı→ucuz) p  4: 192 ilan (toplam=  768, 6s)
2026-09-13 03:49:31,780 [INFO]   [Zero 4] DESC (pahalı→ucuz) p  5: 192 ilan (toplam=  960, 7s)
2026-09-13 03:49:32,507 [INFO]   [Zero 4] DESC (pahalı→ucuz) p  6: 192 ilan (toplam= 1152, 7s)
2026-09-13 03:49:33,846 [INFO]   [Zero 4] DESC (pahalı→ucuz) p  7: 192 ilan (toplam= 1344, 9s)
2026-09-13 03:49:35,107 [INFO]   [Zero 4] DESC (pahalı→ucuz) p  8: 192 ilan (toplam= 1536, 10s)
2026-09-13 03:49:36,838 [INFO]   [Zero 4] DESC (pahalı→ucuz) p  9: 192 ilan (toplam= 1728, 12s)
2026-09-13 03:49:37,666 [INFO]   [Zero 4] DESC (pahalı→ucuz) p 10: 192 ilan (toplam= 1920, 12s)
2026-09-13 03:49:38,463 [INFO]   [Zero 4] DESC (pahalı→ucuz) p 11: 192 ilan (toplam= 2112, 13s)
2026-09-13 03:49:39,198 [INFO]   [Zero 4] DESC (pahalı→ucuz) p 12: 192 ilan (toplam= 2304, 14s)
2026-09-13 03:49:39,924 [INFO]   [Zero 4] DESC (pahalı→ucuz) p 13: 192 ilan (toplam= 2496, 15s)
2026-09-13 03:49:41,362 [INFO]   [Zero 4] DESC (pahalı→ucuz) p 14: 192 ilan (toplam= 2688, 16s)
2026-09-13 03:49:42,122 [INFO]   [Zero 4] DESC (pahalı→ucuz) p 15: 192 ilan (toplam= 2880, 17s)
2026-09-13 03:49:42,890 [INFO]   [Zero 4] DESC (pahalı→ucuz) p 16: 192 ilan (toplam= 3072, 18s)
2026-09-13 03:49:44,372 [INFO]   [Zero 4] DESC (pahalı→ucuz) p 17: 192 ilan (toplam= 3264, 19s)
2026-09-13 03:49:45,126 [INFO]   [Zero 4] DESC (pahalı→ucuz) p 18: 192 ilan (toplam= 3456, 20s)
2026-09-13 03:49:46,518 [INFO]   [Zero 4] DESC (pahalı→ucuz) p 19: 192 ilan (toplam= 3648, 21s)
2026-09-13 03:49:47,250 [INFO]   [Zero 4] DESC (pahalı→ucuz) p 20: 192 ilan (toplam= 3840, 22s)
2026-09-13 03:49:48,021 [INFO]   [Zero 4] DESC (pahalı→ucuz) p 21: 192 ilan (toplam= 4032, 23s)
2026-09-13 03:49:49,381 [INFO]   [Zero 4] DESC (pahalı→ucuz) p 22: 192 ilan (toplam= 4224, 24s)
2026-09-13 03:49:50,147 [INFO]   [Zero 4] DESC (pahalı→ucuz) p 23: 192 ilan (toplam= 4416, 25s)
2026-09-13 03:49:50,929 [INFO]   [Zero 4] DESC (pahalı→ucuz) p 24: 192 ilan (toplam= 4608, 26s)
2026-09-13 03:49:52,020 [INFO]   [Zero 4] DESC (pahalı→ucuz) p 25: 192 ilan (toplam= 4800, 27s)
2026-09-13 03:49:52,774 [INFO]   [Zero 4] DESC (pahalı→ucuz) p 26: 192 ilan (toplam= 4992, 28s)
2026-09-13 03:49:53,528 [INFO]   [Zero 4] DESC (pahalı→ucuz) p 27: 192 ilan (toplam= 5184, 28s)
2026-09-13 03:49:54,257 [INFO]   [Zero 4] DESC (pahalı→ucuz) p 28: 192 ilan (toplam= 5376, 29s)
2026-09-13 03:49:56,215 [INFO]   [Zero 4] DESC (pahalı→ucuz) p 29: 192 ilan (toplam= 5568, 31s)
2026-09-13 03:49:56,828 [WARNING]   [Zero 4] DESC (pahalı→ucuz) p30 → 429, 60sn bekle
2026-09-13 03:50:56,941 [INFO] Token yenilendi: eyJzaWQiOiJiMWRhNDNk...
2026-09-13 03:50:57,124 [WARNING]   [Zero 4] p30 → 429 — 60sn bekleniyor
2026-09-13 03:51:57,240 [INFO] Token yenilendi: eyJzaWQiOiJiMWRhNDNk...
2026-09-13 03:51:57,362 [WARNING]   [Zero 4] p30 → 429 — 120sn bekleniyor
2026-09-13 03:53:57,472 [INFO] Token yenilendi: eyJzaWQiOiJiMWRhNDNk...
2026-09-13 03:53:57,587 [WARNING]   [Zero 4] p30 → 429 — 180sn bekleniyor
2026-09-13 03:56:57,761 [INFO] Token yenilendi: eyJzaWQiOiJiMWRhNDNk...
2026-09-13 03:56:57,761 [WARNING]   [Zero 4] DESC (pahalı→ucuz) sayfa 30 alinamadi — bitti
2026-09-13 03:56:57,761 [INFO]   [Zero 4] DESC (pahalı→ucuz) bitti: 5568 ilan
2026-09-13 03:56:57,761 [INFO] [Zero 4] TOPLAM: 5568 ilan
2026-09-13 03:57:08,500 [INFO] [zero4] 5568 ilan yazildi (10449ms)
2026-09-13 03:57:08,500 [INFO] Tamamlandi — 463sn
2026-09-13 03:57:08,500 [INFO] ============================================================
2026-09-13 03:58:24,757 [INFO] ============================================================
2026-09-13 03:58:24,758 [INFO] MSGKO Scraper v4 — 2026-09-13 03:58:24
2026-09-13 03:58:24,758 [INFO] Kanal [2]: Zero 5 (serverType=8) — ASC (ucuz→pahalı)
2026-09-13 03:58:25,249 [INFO] Token alindi: eyJzaWQiOiI4Y2NmYWI4...
2026-09-13 03:58:25,249 [INFO] [Zero 5] Baglanti testi...
2026-09-13 03:58:25,370 [WARNING] Sayfa 1: HTTP 429
2026-09-13 03:58:25,371 [INFO] 60sn bekleniyor...
2026-09-13 03:59:25,500 [INFO] Token yenilendi: eyJzaWQiOiI4Y2NmYWI4...
2026-09-13 03:59:25,632 [WARNING] Sayfa 1: HTTP 429
2026-09-13 03:59:25,632 [INFO] 120sn bekleniyor...
2026-09-13 04:01:25,772 [INFO] Token yenilendi: eyJzaWQiOiI4Y2NmYWI4...
2026-09-13 04:01:25,907 [WARNING] Sayfa 1: HTTP 429
2026-09-13 04:01:25,907 [WARNING] Site engelliyor — run atlaniyor
2026-09-13 04:04:24,761 [INFO] ============================================================
2026-09-13 04:04:24,762 [INFO] MSGKO Scraper v4 — 2026-09-13 04:04:24
2026-09-13 04:04:24,762 [INFO] Kanal [2]: Zero 5 (serverType=8) — DESC (pahalı→ucuz)
2026-09-13 04:04:25,263 [INFO] Token alindi: eyJzaWQiOiJiZjQyNjIw...
2026-09-13 04:04:25,263 [INFO] [Zero 5] Baglanti testi...
2026-09-13 04:04:25,383 [WARNING] Sayfa 1: HTTP 429
2026-09-13 04:04:25,383 [INFO] 60sn bekleniyor...
2026-09-13 04:05:25,496 [INFO] Token yenilendi: eyJzaWQiOiJiZjQyNjIw...
2026-09-13 04:05:25,612 [WARNING] Sayfa 1: HTTP 429
2026-09-13 04:05:25,612 [INFO] 120sn bekleniyor...
2026-09-13 04:07:25,735 [INFO] Token yenilendi: eyJzaWQiOiJiZjQyNjIw...
2026-09-13 04:07:25,860 [WARNING] Sayfa 1: HTTP 429
2026-09-13 04:07:25,860 [WARNING] Site engelliyor — run atlaniyor
2026-09-13 04:10:24,761 [INFO] ============================================================
2026-09-13 04:10:24,761 [INFO] MSGKO Scraper v4 — 2026-09-13 04:10:24
2026-09-13 04:10:24,761 [INFO] Kanal [3]: Zero 8 (serverType=15) — ASC (ucuz→pahalı)
2026-09-13 04:10:25,222 [INFO] Token alindi: eyJzaWQiOiI5YTkyYTY1...
2026-09-13 04:10:25,222 [INFO] [Zero 8] Baglanti testi...
2026-09-13 04:10:25,341 [WARNING] Sayfa 1: HTTP 429
2026-09-13 04:10:25,341 [INFO] 60sn bekleniyor...
2026-09-13 04:11:25,837 [INFO] Token yenilendi: eyJzaWQiOiI5YTkyYTY1...
2026-09-13 04:11:25,973 [WARNING] Sayfa 1: HTTP 429
2026-09-13 04:11:25,973 [INFO] 120sn bekleniyor...
2026-09-13 04:13:26,112 [INFO] Token yenilendi: eyJzaWQiOiI5YTkyYTY1...
2026-09-13 04:13:26,214 [WARNING] Sayfa 1: HTTP 429
2026-09-13 04:13:26,214 [WARNING] Site engelliyor — run atlaniyor
2026-09-13 04:16:24,764 [INFO] ============================================================
2026-09-13 04:16:24,764 [INFO] MSGKO Scraper v4 — 2026-09-13 04:16:24
2026-09-13 04:16:24,764 [INFO] Kanal [3]: Zero 8 (serverType=15) — DESC (pahalı→ucuz)
2026-09-13 04:16:25,754 [INFO] Token alindi: eyJzaWQiOiJkZTE1Y2Yw...
2026-09-13 04:16:25,754 [INFO] [Zero 8] Baglanti testi...
2026-09-13 04:16:25,856 [WARNING] Sayfa 1: HTTP 429
2026-09-13 04:16:25,856 [INFO] 60sn bekleniyor...
2026-09-13 04:17:25,979 [INFO] Token yenilendi: eyJzaWQiOiJkZTE1Y2Yw...
2026-09-13 04:17:26,093 [WARNING] Sayfa 1: HTTP 429
2026-09-13 04:17:26,093 [INFO] 120sn bekleniyor...
2026-09-13 04:19:26,208 [INFO] Token yenilendi: eyJzaWQiOiJkZTE1Y2Yw...
2026-09-13 04:19:26,322 [WARNING] Sayfa 1: HTTP 429
2026-09-13 04:19:26,322 [WARNING] Site engelliyor — run atlaniyor
2026-09-13 04:22:24,761 [INFO] ============================================================
2026-09-13 04:22:24,761 [INFO] MSGKO Scraper v4 — 2026-09-13 04:22:24
2026-09-13 04:22:24,761 [INFO] Kanal [4]: Agartha 3 (serverType=1) — ASC (ucuz→pahalı)
2026-09-13 04:22:25,194 [INFO] Token alindi: eyJzaWQiOiI0NDA1NzZj...
2026-09-13 04:22:25,195 [INFO] [Agartha 3] Baglanti testi...
2026-09-13 04:22:25,543 [INFO] Baglanti OK!
2026-09-13 04:22:25,544 [INFO] [Agartha 3] ASC (ucuz→pahalı)
2026-09-13 04:22:25,620 [INFO]   [Agartha 3] ASC (ucuz→pahalı) p  1: 192 ilan (toplam=  192, 0s)
2026-09-13 04:22:26,407 [INFO]   [Agartha 3] ASC (ucuz→pahalı) p  2: 192 ilan (toplam=  384, 1s)
2026-09-13 04:22:27,131 [INFO]   [Agartha 3] ASC (ucuz→pahalı) p  3: 192 ilan (toplam=  576, 2s)
2026-09-13 04:22:27,969 [INFO]   [Agartha 3] ASC (ucuz→pahalı) p  4: 192 ilan (toplam=  768, 3s)
2026-09-13 04:22:28,738 [INFO]   [Agartha 3] ASC (ucuz→pahalı) p  5: 192 ilan (toplam=  960, 3s)
2026-09-13 04:22:30,127 [INFO]   [Agartha 3] ASC (ucuz→pahalı) p  6: 192 ilan (toplam= 1152, 5s)
2026-09-13 04:22:30,840 [INFO]   [Agartha 3] ASC (ucuz→pahalı) p  7: 192 ilan (toplam= 1344, 6s)
2026-09-13 04:22:31,612 [INFO]   [Agartha 3] ASC (ucuz→pahalı) p  8: 192 ilan (toplam= 1536, 6s)
2026-09-13 04:22:33,322 [INFO]   [Agartha 3] ASC (ucuz→pahalı) p  9: 192 ilan (toplam= 1728, 8s)
2026-09-13 04:22:35,039 [INFO]   [Agartha 3] ASC (ucuz→pahalı) p 10: 192 ilan (toplam= 1920, 10s)
2026-09-13 04:22:37,843 [INFO]   [Agartha 3] ASC (ucuz→pahalı) p 12: 192 ilan (toplam= 2112, 13s)
2026-09-13 04:22:39,345 [INFO]   [Agartha 3] ASC (ucuz→pahalı) p 13: 192 ilan (toplam= 2304, 14s)
2026-09-13 04:22:40,108 [INFO]   [Agartha 3] ASC (ucuz→pahalı) p 14: 192 ilan (toplam= 2496, 15s)
2026-09-13 04:22:41,315 [INFO]   [Agartha 3] ASC (ucuz→pahalı) p 15: 192 ilan (toplam= 2688, 16s)
2026-09-13 04:22:42,912 [INFO]   [Agartha 3] ASC (ucuz→pahalı) p 16: 192 ilan (toplam= 2880, 18s)
2026-09-13 04:22:43,712 [INFO]   [Agartha 3] ASC (ucuz→pahalı) p 17: 192 ilan (toplam= 3072, 18s)
2026-09-13 04:22:44,891 [INFO]   [Agartha 3] ASC (ucuz→pahalı) p 18: 192 ilan (toplam= 3264, 20s)
2026-09-13 04:22:45,651 [INFO]   [Agartha 3] ASC (ucuz→pahalı) p 19: 192 ilan (toplam= 3456, 20s)
2026-09-13 04:22:46,392 [INFO]   [Agartha 3] ASC (ucuz→pahalı) p 20: 192 ilan (toplam= 3648, 21s)
2026-09-13 04:22:47,575 [INFO]   [Agartha 3] ASC (ucuz→pahalı) p 21: 192 ilan (toplam= 3840, 22s)
2026-09-13 04:22:48,335 [INFO]   [Agartha 3] ASC (ucuz→pahalı) p 22: 192 ilan (toplam= 4032, 23s)
2026-09-13 04:22:49,066 [INFO]   [Agartha 3] ASC (ucuz→pahalı) p 23: 192 ilan (toplam= 4224, 24s)
2026-09-13 04:22:49,807 [INFO]   [Agartha 3] ASC (ucuz→pahalı) p 24: 192 ilan (toplam= 4416, 25s)
2026-09-13 04:22:50,584 [INFO]   [Agartha 3] ASC (ucuz→pahalı) p 25: 192 ilan (toplam= 4608, 25s)
2026-09-13 04:22:51,314 [INFO]   [Agartha 3] ASC (ucuz→pahalı) p 26: 192 ilan (toplam= 4800, 26s)
2026-09-13 04:22:52,813 [INFO]   [Agartha 3] ASC (ucuz→pahalı) p 27: 192 ilan (toplam= 4992, 28s)
2026-09-13 04:22:54,610 [INFO]   [Agartha 3] ASC (ucuz→pahalı) p 28: 192 ilan (toplam= 5184, 29s)
2026-09-13 04:22:56,202 [INFO]   [Agartha 3] ASC (ucuz→pahalı) p 29: 192 ilan (toplam= 5376, 31s)
2026-09-13 04:22:56,938 [INFO]   [Agartha 3] ASC (ucuz→pahalı) p 30: 192 ilan (toplam= 5568, 32s)
2026-09-13 04:22:57,545 [WARNING]   [Agartha 3] ASC (ucuz→pahalı) p31 → 429, 60sn bekle
2026-09-13 04:23:57,660 [INFO] Token yenilendi: eyJzaWQiOiI0NDA1NzZj...
2026-09-13 04:23:57,763 [WARNING]   [Agartha 3] p31 → 429 — 60sn bekleniyor
2026-09-13 04:24:57,876 [INFO] Token yenilendi: eyJzaWQiOiI0NDA1NzZj...
2026-09-13 04:24:58,136 [WARNING]   [Agartha 3] p31 → 429 — 120sn bekleniyor
2026-09-13 04:26:58,255 [INFO] Token yenilendi: eyJzaWQiOiI0NDA1NzZj...
2026-09-13 04:26:58,385 [WARNING]   [Agartha 3] p31 → 429 — 180sn bekleniyor
2026-09-13 04:29:58,724 [INFO] Token yenilendi: eyJzaWQiOiI0NDA1NzZj...
2026-09-13 04:29:58,724 [WARNING]   [Agartha 3] ASC (ucuz→pahalı) sayfa 31 alinamadi — bitti
2026-09-13 04:29:58,724 [INFO]   [Agartha 3] ASC (ucuz→pahalı) bitti: 5568 ilan
2026-09-13 04:29:58,724 [INFO] [Agartha 3] TOPLAM: 5568 ilan
2026-09-13 04:30:12,152 [INFO] [agartha3] 5568 ilan yazildi (13143ms)
2026-09-13 04:30:12,152 [INFO] Tamamlandi — 467sn
2026-09-13 04:30:12,152 [INFO] ============================================================
2026-09-13 04:31:24,768 [INFO] ============================================================
2026-09-13 04:31:24,768 [INFO] MSGKO Scraper v4 — 2026-09-13 04:31:24
2026-09-13 04:31:24,769 [INFO] Kanal [4]: Agartha 3 (serverType=1) — DESC (pahalı→ucuz)
2026-09-13 04:31:26,143 [INFO] Token alindi: eyJzaWQiOiI0ZDljNjUy...
2026-09-13 04:31:26,143 [INFO] [Agartha 3] Baglanti testi...
2026-09-13 04:31:26,246 [WARNING] Sayfa 1: HTTP 429
2026-09-13 04:31:26,246 [INFO] 60sn bekleniyor...
2026-09-13 04:32:27,192 [INFO] Token yenilendi: eyJzaWQiOiI0ZDljNjUy...
2026-09-13 04:32:27,315 [WARNING] Sayfa 1: HTTP 429
2026-09-13 04:32:27,315 [INFO] 120sn bekleniyor...
2026-09-13 04:34:27,424 [INFO] Token yenilendi: eyJzaWQiOiI0ZDljNjUy...
2026-09-13 04:34:27,529 [WARNING] Sayfa 1: HTTP 429
2026-09-13 04:34:27,529 [WARNING] Site engelliyor — run atlaniyor
2026-09-13 04:37:24,762 [INFO] ============================================================
2026-09-13 04:37:24,762 [INFO] MSGKO Scraper v4 — 2026-09-13 04:37:24
2026-09-13 04:37:24,762 [INFO] Kanal [5]: Agartha 4 (serverType=12) — ASC (ucuz→pahalı)
2026-09-13 04:37:25,209 [INFO] Token alindi: eyJzaWQiOiJjNDhhZDNl...
2026-09-13 04:37:25,209 [INFO] [Agartha 4] Baglanti testi...
2026-09-13 04:37:25,321 [WARNING] Sayfa 1: HTTP 429
2026-09-13 04:37:25,321 [INFO] 60sn bekleniyor...
2026-09-13 04:38:25,448 [INFO] Token yenilendi: eyJzaWQiOiJjNDhhZDNl...
2026-09-13 04:38:25,565 [WARNING] Sayfa 1: HTTP 429
2026-09-13 04:38:25,565 [INFO] 120sn bekleniyor...
2026-09-13 04:40:25,695 [INFO] Token yenilendi: eyJzaWQiOiJjNDhhZDNl...
2026-09-13 04:40:25,804 [WARNING] Sayfa 1: HTTP 429
2026-09-13 04:40:25,804 [WARNING] Site engelliyor — run atlaniyor
2026-09-13 04:43:24,766 [INFO] ============================================================
2026-09-13 04:43:24,766 [INFO] MSGKO Scraper v4 — 2026-09-13 04:43:24
2026-09-13 04:43:24,766 [INFO] Kanal [5]: Agartha 4 (serverType=12) — DESC (pahalı→ucuz)
2026-09-13 04:43:25,186 [INFO] Token alindi: eyJzaWQiOiIzZDBlNjI3...
2026-09-13 04:43:25,186 [INFO] [Agartha 4] Baglanti testi...
2026-09-13 04:43:25,305 [WARNING] Sayfa 1: HTTP 429
2026-09-13 04:43:25,305 [INFO] 60sn bekleniyor...
2026-09-13 04:44:25,414 [INFO] Token yenilendi: eyJzaWQiOiIzZDBlNjI3...
2026-09-13 04:44:25,517 [WARNING] Sayfa 1: HTTP 429
2026-09-13 04:44:25,517 [INFO] 120sn bekleniyor...
2026-09-13 04:46:25,636 [INFO] Token yenilendi: eyJzaWQiOiIzZDBlNjI3...
2026-09-13 04:46:25,740 [WARNING] Sayfa 1: HTTP 429
2026-09-13 04:46:25,740 [WARNING] Site engelliyor — run atlaniyor
2026-09-13 04:49:24,769 [INFO] ============================================================
2026-09-13 04:49:24,769 [INFO] MSGKO Scraper v4 — 2026-09-13 04:49:24
2026-09-13 04:49:24,770 [INFO] Kanal [6]: Pandora 3 (serverType=2) — ASC (ucuz→pahalı)
2026-09-13 04:49:26,061 [INFO] Token alindi: eyJzaWQiOiI3ZDk0M2Ew...
2026-09-13 04:49:26,061 [INFO] [Pandora 3] Baglanti testi...
2026-09-13 04:49:26,169 [WARNING] Sayfa 1: HTTP 429
2026-09-13 04:49:26,169 [INFO] 60sn bekleniyor...
2026-09-13 04:50:26,290 [INFO] Token yenilendi: eyJzaWQiOiI3ZDk0M2Ew...
2026-09-13 04:50:26,403 [WARNING] Sayfa 1: HTTP 429
2026-09-13 04:50:26,403 [INFO] 120sn bekleniyor...
2026-09-13 04:52:26,551 [INFO] Token yenilendi: eyJzaWQiOiI3ZDk0M2Ew...
2026-09-13 04:52:27,653 [WARNING] Sayfa 1: HTTP 429
2026-09-13 04:52:27,653 [WARNING] Site engelliyor — run atlaniyor
2026-09-13 04:55:24,767 [INFO] ============================================================
2026-09-13 04:55:24,767 [INFO] MSGKO Scraper v4 — 2026-09-13 04:55:24
2026-09-13 04:55:24,768 [INFO] Kanal [6]: Pandora 3 (serverType=2) — DESC (pahalı→ucuz)
2026-09-13 04:55:25,229 [INFO] Token alindi: eyJzaWQiOiIwNjU1MmYz...
2026-09-13 04:55:25,230 [INFO] [Pandora 3] Baglanti testi...
2026-09-13 04:55:25,962 [INFO] Baglanti OK!
2026-09-13 04:55:25,962 [INFO] [Pandora 3] DESC (pahalı→ucuz)
2026-09-13 04:55:26,444 [INFO]   [Pandora 3] DESC (pahalı→ucuz) p  1: 192 ilan (toplam=  192, 1s)
2026-09-13 04:55:27,194 [INFO]   [Pandora 3] DESC (pahalı→ucuz) p  2: 192 ilan (toplam=  384, 2s)
2026-09-13 04:55:28,554 [INFO]   [Pandora 3] DESC (pahalı→ucuz) p  3: 192 ilan (toplam=  576, 3s)
2026-09-13 04:55:29,517 [INFO]   [Pandora 3] DESC (pahalı→ucuz) p  4: 192 ilan (toplam=  768, 4s)
2026-09-13 04:55:30,666 [INFO]   [Pandora 3] DESC (pahalı→ucuz) p  5: 192 ilan (toplam=  960, 5s)
2026-09-13 04:55:31,699 [INFO]   [Pandora 3] DESC (pahalı→ucuz) p  6: 192 ilan (toplam= 1152, 6s)
2026-09-13 04:55:33,233 [INFO]   [Pandora 3] DESC (pahalı→ucuz) p  7: 192 ilan (toplam= 1344, 8s)
2026-09-13 04:55:34,265 [INFO]   [Pandora 3] DESC (pahalı→ucuz) p  8: 192 ilan (toplam= 1536, 9s)
2026-09-13 04:55:35,680 [INFO]   [Pandora 3] DESC (pahalı→ucuz) p  9: 192 ilan (toplam= 1728, 10s)
2026-09-13 04:55:37,362 [INFO]   [Pandora 3] DESC (pahalı→ucuz) p 10: 192 ilan (toplam= 1920, 12s)
2026-09-13 04:55:38,133 [INFO]   [Pandora 3] DESC (pahalı→ucuz) p 11: 192 ilan (toplam= 2112, 13s)
2026-09-13 04:55:39,858 [INFO]   [Pandora 3] DESC (pahalı→ucuz) p 12: 192 ilan (toplam= 2304, 15s)
2026-09-13 04:55:41,587 [INFO]   [Pandora 3] DESC (pahalı→ucuz) p 13: 192 ilan (toplam= 2496, 16s)
2026-09-13 04:55:42,863 [INFO]   [Pandora 3] DESC (pahalı→ucuz) p 14: 192 ilan (toplam= 2688, 18s)
2026-09-13 04:55:43,639 [INFO]   [Pandora 3] DESC (pahalı→ucuz) p 15: 192 ilan (toplam= 2880, 18s)
2026-09-13 04:55:45,033 [INFO]   [Pandora 3] DESC (pahalı→ucuz) p 16: 192 ilan (toplam= 3072, 20s)
2026-09-13 04:55:45,826 [INFO]   [Pandora 3] DESC (pahalı→ucuz) p 17: 192 ilan (toplam= 3264, 21s)
2026-09-13 04:55:46,610 [INFO]   [Pandora 3] DESC (pahalı→ucuz) p 18: 192 ilan (toplam= 3456, 21s)
2026-09-13 04:55:47,353 [INFO]   [Pandora 3] DESC (pahalı→ucuz) p 19: 192 ilan (toplam= 3648, 22s)
2026-09-13 04:55:48,091 [INFO]   [Pandora 3] DESC (pahalı→ucuz) p 20: 192 ilan (toplam= 3840, 23s)
2026-09-13 04:55:48,880 [INFO]   [Pandora 3] DESC (pahalı→ucuz) p 21: 192 ilan (toplam= 4032, 24s)
2026-09-13 04:55:49,623 [INFO]   [Pandora 3] DESC (pahalı→ucuz) p 22: 192 ilan (toplam= 4224, 24s)
2026-09-13 04:55:50,370 [INFO]   [Pandora 3] DESC (pahalı→ucuz) p 23: 192 ilan (toplam= 4416, 25s)
2026-09-13 04:55:52,174 [INFO]   [Pandora 3] DESC (pahalı→ucuz) p 24: 192 ilan (toplam= 4608, 27s)
2026-09-13 04:55:52,941 [INFO]   [Pandora 3] DESC (pahalı→ucuz) p 25: 192 ilan (toplam= 4800, 28s)
2026-09-13 04:55:53,687 [INFO]   [Pandora 3] DESC (pahalı→ucuz) p 26: 192 ilan (toplam= 4992, 28s)
2026-09-13 04:55:54,457 [INFO]   [Pandora 3] DESC (pahalı→ucuz) p 27: 192 ilan (toplam= 5184, 29s)
2026-09-13 04:55:55,877 [INFO]   [Pandora 3] DESC (pahalı→ucuz) p 28: 192 ilan (toplam= 5376, 31s)
2026-09-13 04:55:56,631 [INFO]   [Pandora 3] DESC (pahalı→ucuz) p 29: 192 ilan (toplam= 5568, 31s)
2026-09-13 04:55:57,253 [WARNING]   [Pandora 3] DESC (pahalı→ucuz) p30 → 429, 60sn bekle
2026-09-13 04:56:58,242 [INFO] Token yenilendi: eyJzaWQiOiIwNjU1MmYz...
2026-09-13 04:56:58,372 [WARNING]   [Pandora 3] p30 → 429 — 60sn bekleniyor
2026-09-13 04:57:58,502 [INFO] Token yenilendi: eyJzaWQiOiIwNjU1MmYz...
2026-09-13 04:57:58,624 [WARNING]   [Pandora 3] p30 → 429 — 120sn bekleniyor
2026-09-13 04:59:58,787 [INFO] Token yenilendi: eyJzaWQiOiIwNjU1MmYz...
2026-09-13 04:59:58,903 [WARNING]   [Pandora 3] p30 → 429 — 180sn bekleniyor
2026-09-13 05:02:59,025 [INFO] Token yenilendi: eyJzaWQiOiIwNjU1MmYz...
2026-09-13 05:02:59,025 [WARNING]   [Pandora 3] DESC (pahalı→ucuz) sayfa 30 alinamadi — bitti
2026-09-13 05:02:59,025 [INFO]   [Pandora 3] DESC (pahalı→ucuz) bitti: 5568 ilan
2026-09-13 05:02:59,025 [INFO] [Pandora 3] TOPLAM: 5568 ilan
2026-09-13 05:03:10,220 [INFO] [pandora3] 5568 ilan yazildi (10918ms)
2026-09-13 05:03:10,220 [INFO] Tamamlandi — 465sn
2026-09-13 05:03:10,220 [INFO] ============================================================
2026-09-13 05:04:24,773 [INFO] ============================================================
2026-09-13 05:04:24,773 [INFO] MSGKO Scraper v4 — 2026-09-13 05:04:24
2026-09-13 05:04:24,773 [INFO] Kanal [7]: Pandora 4 (serverType=11) — ASC (ucuz→pahalı)
2026-09-13 05:04:25,717 [INFO] Token alindi: eyJzaWQiOiI3YWI2OTZi...
2026-09-13 05:04:25,717 [INFO] [Pandora 4] Baglanti testi...
2026-09-13 05:04:25,912 [WARNING] Sayfa 1: HTTP 429
2026-09-13 05:04:25,912 [INFO] 60sn bekleniyor...
2026-09-13 05:05:26,200 [INFO] Token yenilendi: eyJzaWQiOiI3YWI2OTZi...
2026-09-13 05:05:26,391 [WARNING] Sayfa 1: HTTP 429
2026-09-13 05:05:26,391 [INFO] 120sn bekleniyor...
2026-09-13 05:07:27,516 [INFO] Token yenilendi: eyJzaWQiOiI3YWI2OTZi...
2026-09-13 05:07:27,702 [WARNING] Sayfa 1: HTTP 429
2026-09-13 05:07:27,702 [WARNING] Site engelliyor — run atlaniyor
2026-09-13 05:10:24,772 [INFO] ============================================================
2026-09-13 05:10:24,772 [INFO] MSGKO Scraper v4 — 2026-09-13 05:10:24
2026-09-13 05:10:24,773 [INFO] Kanal [7]: Pandora 4 (serverType=11) — DESC (pahalı→ucuz)
2026-09-13 05:10:25,248 [INFO] Token alindi: eyJzaWQiOiIxMWE1Mjky...
2026-09-13 05:10:25,248 [INFO] [Pandora 4] Baglanti testi...
2026-09-13 05:10:25,365 [WARNING] Sayfa 1: HTTP 429
2026-09-13 05:10:25,365 [INFO] 60sn bekleniyor...
2026-09-13 05:11:26,257 [INFO] Token yenilendi: eyJzaWQiOiIxMWE1Mjky...
2026-09-13 05:11:26,368 [WARNING] Sayfa 1: HTTP 429
2026-09-13 05:11:26,368 [INFO] 120sn bekleniyor...
2026-09-13 05:13:26,490 [INFO] Token yenilendi: eyJzaWQiOiIxMWE1Mjky...
2026-09-13 05:13:26,612 [WARNING] Sayfa 1: HTTP 429
2026-09-13 05:13:26,612 [WARNING] Site engelliyor — run atlaniyor
2026-09-13 05:16:24,768 [INFO] ============================================================
2026-09-13 05:16:24,768 [INFO] MSGKO Scraper v4 — 2026-09-13 05:16:24
2026-09-13 05:16:24,769 [INFO] Kanal [8]: Destan 2 (serverType=4) — ASC (ucuz→pahalı)
2026-09-13 05:16:25,245 [INFO] Token alindi: eyJzaWQiOiJjMjhlMDI4...
2026-09-13 05:16:25,245 [INFO] [Destan 2] Baglanti testi...
2026-09-13 05:16:25,355 [WARNING] Sayfa 1: HTTP 429
2026-09-13 05:16:25,355 [INFO] 60sn bekleniyor...
2026-09-13 05:17:25,481 [INFO] Token yenilendi: eyJzaWQiOiJjMjhlMDI4...
2026-09-13 05:17:25,591 [WARNING] Sayfa 1: HTTP 429
2026-09-13 05:17:25,591 [INFO] 120sn bekleniyor...
2026-09-13 05:19:25,733 [INFO] Token yenilendi: eyJzaWQiOiJjMjhlMDI4...
2026-09-13 05:19:25,841 [WARNING] Sayfa 1: HTTP 429
2026-09-13 05:19:25,841 [WARNING] Site engelliyor — run atlaniyor
2026-09-13 05:22:24,771 [INFO] ============================================================
2026-09-13 05:22:24,771 [INFO] MSGKO Scraper v4 — 2026-09-13 05:22:24
2026-09-13 05:22:24,772 [INFO] Kanal [8]: Destan 2 (serverType=4) — DESC (pahalı→ucuz)
2026-09-13 05:22:26,015 [INFO] Token alindi: eyJzaWQiOiIyODQ2NTMz...
2026-09-13 05:22:26,015 [INFO] [Destan 2] Baglanti testi...
2026-09-13 05:22:26,126 [WARNING] Sayfa 1: HTTP 429
2026-09-13 05:22:26,126 [INFO] 60sn bekleniyor...
2026-09-13 05:23:26,250 [INFO] Token yenilendi: eyJzaWQiOiIyODQ2NTMz...
2026-09-13 05:23:26,365 [WARNING] Sayfa 1: HTTP 429
2026-09-13 05:23:26,365 [INFO] 120sn bekleniyor...
2026-09-13 05:25:26,510 [INFO] Token yenilendi: eyJzaWQiOiIyODQ2NTMz...
2026-09-13 05:25:27,643 [WARNING] Sayfa 1: HTTP 429
2026-09-13 05:25:27,644 [WARNING] Site engelliyor — run atlaniyor
2026-09-13 05:28:24,771 [INFO] ============================================================
2026-09-13 05:28:24,771 [INFO] MSGKO Scraper v4 — 2026-09-13 05:28:24
2026-09-13 05:28:24,771 [INFO] Kanal [9]: Destan 3 (serverType=13) — ASC (ucuz→pahalı)
2026-09-13 05:28:25,206 [INFO] Token alindi: eyJzaWQiOiI0NDY2NDRl...
2026-09-13 05:28:25,206 [INFO] [Destan 3] Baglanti testi...
2026-09-13 05:28:25,561 [INFO] Baglanti OK!
2026-09-13 05:28:25,561 [INFO] [Destan 3] ASC (ucuz→pahalı)
2026-09-13 05:28:25,637 [INFO]   [Destan 3] ASC (ucuz→pahalı) p  1: 192 ilan (toplam=  192, 0s)
2026-09-13 05:28:26,403 [INFO]   [Destan 3] ASC (ucuz→pahalı) p  2: 192 ilan (toplam=  384, 1s)
2026-09-13 05:28:27,522 [INFO]   [Destan 3] ASC (ucuz→pahalı) p  3: 192 ilan (toplam=  576, 2s)
2026-09-13 05:28:28,313 [INFO]   [Destan 3] ASC (ucuz→pahalı) p  4: 192 ilan (toplam=  768, 3s)
2026-09-13 05:28:29,054 [INFO]   [Destan 3] ASC (ucuz→pahalı) p  5: 192 ilan (toplam=  960, 4s)
2026-09-13 05:28:30,694 [INFO]   [Destan 3] ASC (ucuz→pahalı) p  6: 192 ilan (toplam= 1152, 5s)
2026-09-13 05:28:31,454 [INFO]   [Destan 3] ASC (ucuz→pahalı) p  7: 192 ilan (toplam= 1344, 6s)
2026-09-13 05:28:32,171 [INFO]   [Destan 3] ASC (ucuz→pahalı) p  8: 192 ilan (toplam= 1536, 7s)
2026-09-13 05:28:32,936 [INFO]   [Destan 3] ASC (ucuz→pahalı) p  9: 192 ilan (toplam= 1728, 8s)
2026-09-13 05:28:33,680 [INFO]   [Destan 3] ASC (ucuz→pahalı) p 10: 192 ilan (toplam= 1920, 8s)
2026-09-13 05:28:34,397 [INFO]   [Destan 3] ASC (ucuz→pahalı) p 11: 192 ilan (toplam= 2112, 9s)
2026-09-13 05:28:35,163 [INFO]   [Destan 3] ASC (ucuz→pahalı) p 12: 192 ilan (toplam= 2304, 10s)
2026-09-13 05:28:35,895 [INFO]   [Destan 3] ASC (ucuz→pahalı) p 13: 192 ilan (toplam= 2496, 11s)
2026-09-13 05:28:36,621 [INFO]   [Destan 3] ASC (ucuz→pahalı) p 14: 192 ilan (toplam= 2688, 11s)
2026-09-13 05:28:38,316 [INFO]   [Destan 3] ASC (ucuz→pahalı) p 15: 192 ilan (toplam= 2880, 13s)
2026-09-13 05:28:39,028 [INFO]   [Destan 3] ASC (ucuz→pahalı) p 16: 192 ilan (toplam= 3072, 14s)
2026-09-13 05:28:39,783 [INFO]   [Destan 3] ASC (ucuz→pahalı) p 17: 192 ilan (toplam= 3264, 15s)
2026-09-13 05:28:40,539 [INFO]   [Destan 3] ASC (ucuz→pahalı) p 18: 192 ilan (toplam= 3456, 15s)
2026-09-13 05:28:42,345 [INFO]   [Destan 3] ASC (ucuz→pahalı) p 19: 192 ilan (toplam= 3648, 17s)
2026-09-13 05:28:43,072 [INFO]   [Destan 3] ASC (ucuz→pahalı) p 20: 192 ilan (toplam= 3840, 18s)
2026-09-13 05:28:44,549 [INFO]   [Destan 3] ASC (ucuz→pahalı) p 21: 192 ilan (toplam= 4032, 19s)
2026-09-13 05:28:45,665 [INFO]   [Destan 3] ASC (ucuz→pahalı) p 22: 192 ilan (toplam= 4224, 20s)
2026-09-13 05:28:46,380 [INFO]   [Destan 3] ASC (ucuz→pahalı) p 23: 192 ilan (toplam= 4416, 21s)
2026-09-13 05:28:47,132 [INFO]   [Destan 3] ASC (ucuz→pahalı) p 24: 192 ilan (toplam= 4608, 22s)
2026-09-13 05:28:47,854 [INFO]   [Destan 3] ASC (ucuz→pahalı) p 25: 192 ilan (toplam= 4800, 23s)
2026-09-13 05:28:48,568 [INFO]   [Destan 3] ASC (ucuz→pahalı) p 26: 192 ilan (toplam= 4992, 23s)
2026-09-13 05:28:49,295 [INFO]   [Destan 3] ASC (ucuz→pahalı) p 27: 192 ilan (toplam= 5184, 24s)
2026-09-13 05:28:50,052 [INFO]   [Destan 3] ASC (ucuz→pahalı) p 28: 192 ilan (toplam= 5376, 25s)
2026-09-13 05:28:50,781 [INFO]   [Destan 3] ASC (ucuz→pahalı) p 29: 192 ilan (toplam= 5568, 26s)
2026-09-13 05:28:51,510 [INFO]   [Destan 3] ASC (ucuz→pahalı) p 30: 192 ilan (toplam= 5760, 26s)
2026-09-13 05:28:52,119 [WARNING]   [Destan 3] ASC (ucuz→pahalı) p31 → 429, 60sn bekle
2026-09-13 05:29:52,668 [INFO] Token yenilendi: eyJzaWQiOiI0NDY2NDRl...
2026-09-13 05:29:52,766 [WARNING]   [Destan 3] p31 → 429 — 60sn bekleniyor
2026-09-13 05:30:52,929 [INFO] Token yenilendi: eyJzaWQiOiI0NDY2NDRl...
2026-09-13 05:30:53,041 [WARNING]   [Destan 3] p31 → 429 — 120sn bekleniyor
2026-09-13 05:32:53,176 [INFO] Token yenilendi: eyJzaWQiOiI0NDY2NDRl...
2026-09-13 05:32:53,286 [WARNING]   [Destan 3] p31 → 429 — 180sn bekleniyor
2026-09-13 05:35:53,425 [INFO] Token yenilendi: eyJzaWQiOiI0NDY2NDRl...
2026-09-13 05:35:53,425 [WARNING]   [Destan 3] ASC (ucuz→pahalı) sayfa 31 alinamadi — bitti
2026-09-13 05:35:53,425 [INFO]   [Destan 3] ASC (ucuz→pahalı) bitti: 5760 ilan
2026-09-13 05:35:53,425 [INFO] [Destan 3] TOPLAM: 5760 ilan
2026-09-13 05:36:04,719 [INFO] [destan3] 5760 ilan yazildi (10943ms)
2026-09-13 05:36:04,719 [INFO] Tamamlandi — 459sn
2026-09-13 05:36:04,719 [INFO] ============================================================
2026-09-13 05:37:24,779 [INFO] ============================================================
2026-09-13 05:37:24,779 [INFO] MSGKO Scraper v4 — 2026-09-13 05:37:24
2026-09-13 05:37:24,779 [INFO] Kanal [9]: Destan 3 (serverType=13) — DESC (pahalı→ucuz)
2026-09-13 05:37:25,279 [INFO] Token alindi: eyJzaWQiOiJlMTgyYWNm...
2026-09-13 05:37:25,279 [INFO] [Destan 3] Baglanti testi...
2026-09-13 05:37:25,397 [WARNING] Sayfa 1: HTTP 429
2026-09-13 05:37:25,397 [INFO] 60sn bekleniyor...
2026-09-13 05:38:25,523 [INFO] Token yenilendi: eyJzaWQiOiJlMTgyYWNm...
2026-09-13 05:38:25,639 [WARNING] Sayfa 1: HTTP 429
2026-09-13 05:38:25,640 [INFO] 120sn bekleniyor...
2026-09-13 05:40:26,404 [INFO] Token yenilendi: eyJzaWQiOiJlMTgyYWNm...
2026-09-13 05:40:26,519 [WARNING] Sayfa 1: HTTP 429
2026-09-13 05:40:26,519 [WARNING] Site engelliyor — run atlaniyor
2026-09-13 05:43:24,772 [INFO] ============================================================
2026-09-13 05:43:24,773 [INFO] MSGKO Scraper v4 — 2026-09-13 05:43:24
2026-09-13 05:43:24,773 [INFO] Kanal [0]: Zero 3 (serverType=0) — ASC (ucuz→pahalı)
2026-09-13 05:43:25,344 [INFO] Token alindi: eyJzaWQiOiJmYmI4MTBl...
2026-09-13 05:43:25,344 [INFO] [Zero 3] Baglanti testi...
2026-09-13 05:43:25,448 [WARNING] Sayfa 1: HTTP 429
2026-09-13 05:43:25,448 [INFO] 60sn bekleniyor...
2026-09-13 05:44:25,574 [INFO] Token yenilendi: eyJzaWQiOiJmYmI4MTBl...
2026-09-13 05:44:25,687 [WARNING] Sayfa 1: HTTP 429
2026-09-13 05:44:25,687 [INFO] 120sn bekleniyor...
2026-09-13 05:46:25,808 [INFO] Token yenilendi: eyJzaWQiOiJmYmI4MTBl...
2026-09-13 05:46:25,909 [WARNING] Sayfa 1: HTTP 429
2026-09-13 05:46:25,909 [WARNING] Site engelliyor — run atlaniyor
2026-09-13 05:49:24,778 [INFO] ============================================================
2026-09-13 05:49:24,778 [INFO] MSGKO Scraper v4 — 2026-09-13 05:49:24
2026-09-13 05:49:24,778 [INFO] Kanal [0]: Zero 3 (serverType=0) — DESC (pahalı→ucuz)
2026-09-13 05:49:26,315 [INFO] Token alindi: eyJzaWQiOiI0YzAzMjU1...
2026-09-13 05:49:26,316 [INFO] [Zero 3] Baglanti testi...
2026-09-13 05:49:27,196 [WARNING] Sayfa 1: HTTP 429
2026-09-13 05:49:27,196 [INFO] 60sn bekleniyor...
2026-09-13 05:50:27,396 [INFO] Token yenilendi: eyJzaWQiOiI0YzAzMjU1...
2026-09-13 05:50:27,594 [WARNING] Sayfa 1: HTTP 429
2026-09-13 05:50:27,594 [INFO] 120sn bekleniyor...
2026-09-13 05:52:28,126 [INFO] Token yenilendi: eyJzaWQiOiI0YzAzMjU1...
2026-09-13 05:52:28,317 [WARNING] Sayfa 1: HTTP 429
2026-09-13 05:52:28,317 [WARNING] Site engelliyor — run atlaniyor
2026-09-13 05:55:24,777 [INFO] ============================================================
2026-09-13 05:55:24,777 [INFO] MSGKO Scraper v4 — 2026-09-13 05:55:24
2026-09-13 05:55:24,777 [INFO] Kanal [1]: Zero 4 (serverType=5) — ASC (ucuz→pahalı)
2026-09-13 05:55:25,273 [INFO] Token alindi: eyJzaWQiOiJiM2E3ZjNi...
2026-09-13 05:55:25,273 [INFO] [Zero 4] Baglanti testi...
2026-09-13 05:55:25,404 [WARNING] Sayfa 1: HTTP 429
2026-09-13 05:55:25,404 [INFO] 60sn bekleniyor...
2026-09-13 05:56:26,123 [INFO] Token yenilendi: eyJzaWQiOiJiM2E3ZjNi...
2026-09-13 05:56:26,239 [WARNING] Sayfa 1: HTTP 429
2026-09-13 05:56:26,239 [INFO] 120sn bekleniyor...
2026-09-13 05:58:26,372 [INFO] Token yenilendi: eyJzaWQiOiJiM2E3ZjNi...
2026-09-13 05:58:26,491 [WARNING] Sayfa 1: HTTP 429
2026-09-13 05:58:26,491 [WARNING] Site engelliyor — run atlaniyor
2026-09-13 06:01:24,776 [INFO] ============================================================
2026-09-13 06:01:24,776 [INFO] MSGKO Scraper v4 — 2026-09-13 06:01:24
2026-09-13 06:01:24,777 [INFO] Kanal [1]: Zero 4 (serverType=5) — DESC (pahalı→ucuz)
2026-09-13 06:01:25,319 [INFO] Token alindi: eyJzaWQiOiI5YWNkNTFi...
2026-09-13 06:01:25,319 [INFO] [Zero 4] Baglanti testi...
2026-09-13 06:01:25,527 [INFO] Baglanti OK!
2026-09-13 06:01:25,527 [INFO] [Zero 4] DESC (pahalı→ucuz)
2026-09-13 06:01:26,838 [INFO]   [Zero 4] DESC (pahalı→ucuz) p  1: 192 ilan (toplam=  192, 2s)
2026-09-13 06:01:27,591 [INFO]   [Zero 4] DESC (pahalı→ucuz) p  2: 192 ilan (toplam=  384, 2s)
2026-09-13 06:01:28,333 [INFO]   [Zero 4] DESC (pahalı→ucuz) p  3: 192 ilan (toplam=  576, 3s)
2026-09-13 06:01:29,067 [INFO]   [Zero 4] DESC (pahalı→ucuz) p  4: 192 ilan (toplam=  768, 4s)
2026-09-13 06:01:29,839 [INFO]   [Zero 4] DESC (pahalı→ucuz) p  5: 192 ilan (toplam=  960, 5s)
2026-09-13 06:01:30,994 [INFO]   [Zero 4] DESC (pahalı→ucuz) p  6: 192 ilan (toplam= 1152, 6s)
2026-09-13 06:01:32,753 [INFO]   [Zero 4] DESC (pahalı→ucuz) p  7: 192 ilan (toplam= 1344, 7s)
2026-09-13 06:01:33,596 [INFO]   [Zero 4] DESC (pahalı→ucuz) p  8: 192 ilan (toplam= 1536, 8s)
2026-09-13 06:01:35,064 [INFO]   [Zero 4] DESC (pahalı→ucuz) p  9: 192 ilan (toplam= 1728, 10s)
2026-09-13 06:01:36,215 [INFO]   [Zero 4] DESC (pahalı→ucuz) p 10: 192 ilan (toplam= 1920, 11s)
2026-09-13 06:01:37,957 [INFO]   [Zero 4] DESC (pahalı→ucuz) p 11: 192 ilan (toplam= 2112, 13s)
2026-09-13 06:01:38,731 [INFO]   [Zero 4] DESC (pahalı→ucuz) p 12: 192 ilan (toplam= 2304, 13s)
2026-09-13 06:01:39,479 [INFO]   [Zero 4] DESC (pahalı→ucuz) p 13: 192 ilan (toplam= 2496, 14s)
2026-09-13 06:01:41,163 [INFO]   [Zero 4] DESC (pahalı→ucuz) p 14: 192 ilan (toplam= 2688, 16s)
2026-09-13 06:01:41,931 [INFO]   [Zero 4] DESC (pahalı→ucuz) p 15: 192 ilan (toplam= 2880, 17s)
2026-09-13 06:01:42,665 [INFO]   [Zero 4] DESC (pahalı→ucuz) p 16: 192 ilan (toplam= 3072, 17s)
2026-09-13 06:01:43,972 [INFO]   [Zero 4] DESC (pahalı→ucuz) p 17: 192 ilan (toplam= 3264, 19s)
2026-09-13 06:01:45,763 [INFO]   [Zero 4] DESC (pahalı→ucuz) p 18: 192 ilan (toplam= 3456, 20s)
2026-09-13 06:01:46,498 [INFO]   [Zero 4] DESC (pahalı→ucuz) p 19: 192 ilan (toplam= 3648, 21s)
2026-09-13 06:01:47,244 [INFO]   [Zero 4] DESC (pahalı→ucuz) p 20: 192 ilan (toplam= 3840, 22s)
2026-09-13 06:01:48,022 [INFO]   [Zero 4] DESC (pahalı→ucuz) p 21: 192 ilan (toplam= 4032, 23s)
2026-09-13 06:01:49,376 [INFO]   [Zero 4] DESC (pahalı→ucuz) p 22: 192 ilan (toplam= 4224, 24s)
2026-09-13 06:01:50,800 [INFO]   [Zero 4] DESC (pahalı→ucuz) p 23: 192 ilan (toplam= 4416, 26s)
2026-09-13 06:01:51,569 [INFO]   [Zero 4] DESC (pahalı→ucuz) p 24: 192 ilan (toplam= 4608, 26s)
2026-09-13 06:01:52,300 [INFO]   [Zero 4] DESC (pahalı→ucuz) p 25: 192 ilan (toplam= 4800, 27s)
2026-09-13 06:01:53,054 [INFO]   [Zero 4] DESC (pahalı→ucuz) p 26: 192 ilan (toplam= 4992, 28s)
2026-09-13 06:01:53,846 [INFO]   [Zero 4] DESC (pahalı→ucuz) p 27: 192 ilan (toplam= 5184, 29s)
2026-09-13 06:01:55,565 [INFO]   [Zero 4] DESC (pahalı→ucuz) p 28: 192 ilan (toplam= 5376, 30s)
2026-09-13 06:01:57,278 [INFO]   [Zero 4] DESC (pahalı→ucuz) p 29: 192 ilan (toplam= 5568, 32s)
2026-09-13 06:01:58,479 [WARNING]   [Zero 4] DESC (pahalı→ucuz) p30 → 429, 60sn bekle
2026-09-13 06:02:58,613 [INFO] Token yenilendi: eyJzaWQiOiI5YWNkNTFi...
2026-09-13 06:02:58,726 [WARNING]   [Zero 4] p30 → 429 — 60sn bekleniyor
2026-09-13 06:03:58,853 [INFO] Token yenilendi: eyJzaWQiOiI5YWNkNTFi...
2026-09-13 06:03:58,966 [WARNING]   [Zero 4] p30 → 429 — 120sn bekleniyor
2026-09-13 06:05:59,100 [INFO] Token yenilendi: eyJzaWQiOiI5YWNkNTFi...
2026-09-13 06:05:59,215 [WARNING]   [Zero 4] p30 → 429 — 180sn bekleniyor
2026-09-13 06:08:59,359 [INFO] Token yenilendi: eyJzaWQiOiI5YWNkNTFi...
2026-09-13 06:08:59,359 [WARNING]   [Zero 4] DESC (pahalı→ucuz) sayfa 30 alinamadi — bitti
2026-09-13 06:08:59,359 [INFO]   [Zero 4] DESC (pahalı→ucuz) bitti: 5568 ilan
2026-09-13 06:08:59,359 [INFO] [Zero 4] TOPLAM: 5568 ilan
2026-09-13 06:09:10,491 [INFO] [zero4] 5568 ilan yazildi (10856ms)
2026-09-13 06:09:10,491 [INFO] Tamamlandi — 465sn
2026-09-13 06:09:10,491 [INFO] ============================================================
2026-09-13 06:10:24,781 [INFO] ============================================================
2026-09-13 06:10:24,781 [INFO] MSGKO Scraper v4 — 2026-09-13 06:10:24
2026-09-13 06:10:24,781 [INFO] Kanal [2]: Zero 5 (serverType=8) — ASC (ucuz→pahalı)
2026-09-13 06:10:25,250 [INFO] Token alindi: eyJzaWQiOiJhNDRmODNm...
2026-09-13 06:10:25,250 [INFO] [Zero 5] Baglanti testi...
2026-09-13 06:10:25,375 [WARNING] Sayfa 1: HTTP 429
2026-09-13 06:10:25,375 [INFO] 60sn bekleniyor...
2026-09-13 06:11:25,498 [INFO] Token yenilendi: eyJzaWQiOiJhNDRmODNm...
2026-09-13 06:11:25,606 [WARNING] Sayfa 1: HTTP 429
2026-09-13 06:11:25,606 [INFO] 120sn bekleniyor...
2026-09-13 06:13:25,982 [INFO] Token yenilendi: eyJzaWQiOiJhNDRmODNm...
2026-09-13 06:13:27,098 [WARNING] Sayfa 1: HTTP 429
2026-09-13 06:13:27,098 [WARNING] Site engelliyor — run atlaniyor
2026-09-13 06:16:24,783 [INFO] ============================================================
2026-09-13 06:16:24,783 [INFO] MSGKO Scraper v4 — 2026-09-13 06:16:24
2026-09-13 06:16:24,783 [INFO] Kanal [2]: Zero 5 (serverType=8) — DESC (pahalı→ucuz)
2026-09-13 06:16:25,285 [INFO] Token alindi: eyJzaWQiOiI5ZTQ0MTE2...
2026-09-13 06:16:25,285 [INFO] [Zero 5] Baglanti testi...
2026-09-13 06:16:25,426 [WARNING] Sayfa 1: HTTP 429
2026-09-13 06:16:25,426 [INFO] 60sn bekleniyor...
2026-09-13 06:17:26,523 [INFO] Token yenilendi: eyJzaWQiOiI5ZTQ0MTE2...
2026-09-13 06:17:26,631 [WARNING] Sayfa 1: HTTP 429
2026-09-13 06:17:26,631 [INFO] 120sn bekleniyor...
2026-09-13 06:19:26,757 [INFO] Token yenilendi: eyJzaWQiOiI5ZTQ0MTE2...
2026-09-13 06:19:26,869 [WARNING] Sayfa 1: HTTP 429
2026-09-13 06:19:26,869 [WARNING] Site engelliyor — run atlaniyor
2026-09-13 06:22:24,785 [INFO] ============================================================
2026-09-13 06:22:24,785 [INFO] MSGKO Scraper v4 — 2026-09-13 06:22:24
2026-09-13 06:22:24,785 [INFO] Kanal [3]: Zero 8 (serverType=15) — ASC (ucuz→pahalı)
2026-09-13 06:22:25,669 [INFO] Token alindi: eyJzaWQiOiI5YWQ5M2Q4...
2026-09-13 06:22:25,669 [INFO] [Zero 8] Baglanti testi...
2026-09-13 06:22:25,865 [WARNING] Sayfa 1: HTTP 429
2026-09-13 06:22:25,865 [INFO] 60sn bekleniyor...
2026-09-13 06:23:26,162 [INFO] Token yenilendi: eyJzaWQiOiI5YWQ5M2Q4...
2026-09-13 06:23:26,356 [WARNING] Sayfa 1: HTTP 429
2026-09-13 06:23:26,357 [INFO] 120sn bekleniyor...
2026-09-13 06:25:26,549 [INFO] Token yenilendi: eyJzaWQiOiI5YWQ5M2Q4...
2026-09-13 06:25:26,743 [WARNING] Sayfa 1: HTTP 429
2026-09-13 06:25:26,743 [WARNING] Site engelliyor — run atlaniyor
2026-09-13 06:28:24,783 [INFO] ============================================================
2026-09-13 06:28:24,783 [INFO] MSGKO Scraper v4 — 2026-09-13 06:28:24
2026-09-13 06:28:24,784 [INFO] Kanal [3]: Zero 8 (serverType=15) — DESC (pahalı→ucuz)
2026-09-13 06:28:26,057 [INFO] Token alindi: eyJzaWQiOiJjNGEwNmQ2...
2026-09-13 06:28:26,057 [INFO] [Zero 8] Baglanti testi...
2026-09-13 06:28:26,173 [WARNING] Sayfa 1: HTTP 429
2026-09-13 06:28:26,173 [INFO] 60sn bekleniyor...
2026-09-13 06:29:26,307 [INFO] Token yenilendi: eyJzaWQiOiJjNGEwNmQ2...
2026-09-13 06:29:27,418 [WARNING] Sayfa 1: HTTP 429
2026-09-13 06:29:27,418 [INFO] 120sn bekleniyor...
2026-09-13 06:31:27,532 [INFO] Token yenilendi: eyJzaWQiOiJjNGEwNmQ2...
2026-09-13 06:31:27,642 [WARNING] Sayfa 1: HTTP 429
2026-09-13 06:31:27,642 [WARNING] Site engelliyor — run atlaniyor
2026-09-13 06:34:24,786 [INFO] ============================================================
2026-09-13 06:34:24,786 [INFO] MSGKO Scraper v4 — 2026-09-13 06:34:24
2026-09-13 06:34:24,786 [INFO] Kanal [4]: Agartha 3 (serverType=1) — ASC (ucuz→pahalı)
2026-09-13 06:34:25,651 [INFO] Token alindi: eyJzaWQiOiI1NTBkYzlm...
2026-09-13 06:34:25,651 [INFO] [Agartha 3] Baglanti testi...
2026-09-13 06:34:26,283 [INFO] Baglanti OK!
2026-09-13 06:34:26,283 [INFO] [Agartha 3] ASC (ucuz→pahalı)
2026-09-13 06:34:26,360 [INFO]   [Agartha 3] ASC (ucuz→pahalı) p  1: 192 ilan (toplam=  192, 1s)
2026-09-13 06:34:28,147 [INFO]   [Agartha 3] ASC (ucuz→pahalı) p  2: 192 ilan (toplam=  384, 3s)
2026-09-13 06:34:30,307 [INFO]   [Agartha 3] ASC (ucuz→pahalı) p  3: 192 ilan (toplam=  576, 5s)
2026-09-13 06:34:31,576 [INFO]   [Agartha 3] ASC (ucuz→pahalı) p  4: 192 ilan (toplam=  768, 6s)
2026-09-13 06:34:33,251 [INFO]   [Agartha 3] ASC (ucuz→pahalı) p  5: 192 ilan (toplam=  960, 8s)
2026-09-13 06:34:35,046 [INFO]   [Agartha 3] ASC (ucuz→pahalı) p  6: 192 ilan (toplam= 1152, 10s)
2026-09-13 06:34:35,948 [INFO]   [Agartha 3] ASC (ucuz→pahalı) p  7: 192 ilan (toplam= 1344, 11s)
2026-09-13 06:34:36,780 [INFO]   [Agartha 3] ASC (ucuz→pahalı) p  8: 192 ilan (toplam= 1536, 11s)
2026-09-13 06:34:37,582 [INFO]   [Agartha 3] ASC (ucuz→pahalı) p  9: 192 ilan (toplam= 1728, 12s)
2026-09-13 06:34:39,246 [INFO]   [Agartha 3] ASC (ucuz→pahalı) p 10: 192 ilan (toplam= 1920, 14s)
2026-09-13 06:34:41,036 [INFO]   [Agartha 3] ASC (ucuz→pahalı) p 11: 192 ilan (toplam= 2112, 16s)
2026-09-13 06:34:41,865 [INFO]   [Agartha 3] ASC (ucuz→pahalı) p 12: 192 ilan (toplam= 2304, 17s)
2026-09-13 06:34:42,685 [INFO]   [Agartha 3] ASC (ucuz→pahalı) p 13: 192 ilan (toplam= 2496, 17s)
2026-09-13 06:34:44,114 [INFO]   [Agartha 3] ASC (ucuz→pahalı) p 14: 192 ilan (toplam= 2688, 19s)
2026-09-13 06:34:45,640 [INFO]   [Agartha 3] ASC (ucuz→pahalı) p 15: 192 ilan (toplam= 2880, 20s)
2026-09-13 06:34:46,482 [INFO]   [Agartha 3] ASC (ucuz→pahalı) p 16: 192 ilan (toplam= 3072, 21s)
2026-09-13 06:34:47,287 [INFO]   [Agartha 3] ASC (ucuz→pahalı) p 17: 192 ilan (toplam= 3264, 22s)
2026-09-13 06:34:48,120 [INFO]   [Agartha 3] ASC (ucuz→pahalı) p 18: 192 ilan (toplam= 3456, 23s)
2026-09-13 06:34:49,918 [INFO]   [Agartha 3] ASC (ucuz→pahalı) p 19: 192 ilan (toplam= 3648, 25s)
2026-09-13 06:34:50,723 [INFO]   [Agartha 3] ASC (ucuz→pahalı) p 20: 192 ilan (toplam= 3840, 25s)
2026-09-13 06:34:51,553 [INFO]   [Agartha 3] ASC (ucuz→pahalı) p 21: 192 ilan (toplam= 4032, 26s)
2026-09-13 06:34:52,369 [INFO]   [Agartha 3] ASC (ucuz→pahalı) p 22: 192 ilan (toplam= 4224, 27s)
2026-09-13 06:34:53,635 [INFO]   [Agartha 3] ASC (ucuz→pahalı) p 23: 192 ilan (toplam= 4416, 28s)
2026-09-13 06:34:55,136 [INFO]   [Agartha 3] ASC (ucuz→pahalı) p 24: 192 ilan (toplam= 4608, 30s)
2026-09-13 06:34:55,957 [INFO]   [Agartha 3] ASC (ucuz→pahalı) p 25: 192 ilan (toplam= 4800, 31s)
2026-09-13 06:34:56,802 [INFO]   [Agartha 3] ASC (ucuz→pahalı) p 26: 192 ilan (toplam= 4992, 32s)
2026-09-13 06:34:57,636 [INFO]   [Agartha 3] ASC (ucuz→pahalı) p 27: 192 ilan (toplam= 5184, 32s)
2026-09-13 06:34:58,512 [INFO]   [Agartha 3] ASC (ucuz→pahalı) p 28: 192 ilan (toplam= 5376, 33s)
2026-09-13 06:34:59,327 [INFO]   [Agartha 3] ASC (ucuz→pahalı) p 29: 192 ilan (toplam= 5568, 34s)
2026-09-13 06:35:00,157 [INFO]   [Agartha 3] ASC (ucuz→pahalı) p 30: 192 ilan (toplam= 5760, 35s)
2026-09-13 06:35:01,231 [WARNING]   [Agartha 3] ASC (ucuz→pahalı) p31 → 429, 60sn bekle
2026-09-13 06:36:01,518 [INFO] Token yenilendi: eyJzaWQiOiI1NTBkYzlm...
2026-09-13 06:36:01,709 [WARNING]   [Agartha 3] p31 → 429 — 60sn bekleniyor
2026-09-13 06:37:02,990 [INFO] Token yenilendi: eyJzaWQiOiI1NTBkYzlm...
2026-09-13 06:37:03,194 [WARNING]   [Agartha 3] p31 → 429 — 120sn bekleniyor
2026-09-13 06:39:03,502 [INFO] Token yenilendi: eyJzaWQiOiI1NTBkYzlm...
2026-09-13 06:39:03,697 [WARNING]   [Agartha 3] p31 → 429 — 180sn bekleniyor
2026-09-13 06:42:03,896 [INFO] Token yenilendi: eyJzaWQiOiI1NTBkYzlm...
2026-09-13 06:42:03,896 [WARNING]   [Agartha 3] ASC (ucuz→pahalı) sayfa 31 alinamadi — bitti
2026-09-13 06:42:03,896 [INFO]   [Agartha 3] ASC (ucuz→pahalı) bitti: 5760 ilan
2026-09-13 06:42:03,896 [INFO] [Agartha 3] TOPLAM: 5760 ilan
2026-09-13 06:42:15,241 [INFO] [agartha3] 5760 ilan yazildi (11061ms)
2026-09-13 06:42:15,241 [INFO] Tamamlandi — 470sn
2026-09-13 06:42:15,241 [INFO] ============================================================
2026-09-13 06:43:24,790 [INFO] ============================================================
2026-09-13 06:43:24,790 [INFO] MSGKO Scraper v4 — 2026-09-13 06:43:24
2026-09-13 06:43:24,790 [INFO] Kanal [4]: Agartha 3 (serverType=1) — DESC (pahalı→ucuz)
2026-09-13 06:43:25,861 [INFO] Token alindi: eyJzaWQiOiJhOWI0NDU2...
2026-09-13 06:43:25,861 [INFO] [Agartha 3] Baglanti testi...
2026-09-13 06:43:25,973 [WARNING] Sayfa 1: HTTP 429
2026-09-13 06:43:25,973 [INFO] 60sn bekleniyor...
2026-09-13 06:44:26,104 [INFO] Token yenilendi: eyJzaWQiOiJhOWI0NDU2...
2026-09-13 06:44:26,218 [WARNING] Sayfa 1: HTTP 429
2026-09-13 06:44:26,218 [INFO] 120sn bekleniyor...
2026-09-13 06:46:26,357 [INFO] Token yenilendi: eyJzaWQiOiJhOWI0NDU2...
2026-09-13 06:46:26,469 [WARNING] Sayfa 1: HTTP 429
2026-09-13 06:46:26,469 [WARNING] Site engelliyor — run atlaniyor
2026-09-13 06:49:24,788 [INFO] ============================================================
2026-09-13 06:49:24,788 [INFO] MSGKO Scraper v4 — 2026-09-13 06:49:24
2026-09-13 06:49:24,788 [INFO] Kanal [5]: Agartha 4 (serverType=12) — ASC (ucuz→pahalı)
2026-09-13 06:49:25,264 [INFO] Token alindi: eyJzaWQiOiIxZjAxOTYz...
2026-09-13 06:49:25,264 [INFO] [Agartha 4] Baglanti testi...
2026-09-13 06:49:25,382 [WARNING] Sayfa 1: HTTP 429
2026-09-13 06:49:25,382 [INFO] 60sn bekleniyor...
2026-09-13 06:50:25,520 [INFO] Token yenilendi: eyJzaWQiOiIxZjAxOTYz...
2026-09-13 06:50:25,671 [WARNING] Sayfa 1: HTTP 429
2026-09-13 06:50:25,671 [INFO] 120sn bekleniyor...
2026-09-13 06:52:25,805 [INFO] Token yenilendi: eyJzaWQiOiIxZjAxOTYz...
2026-09-13 06:52:25,917 [WARNING] Sayfa 1: HTTP 429
2026-09-13 06:52:25,917 [WARNING] Site engelliyor — run atlaniyor
2026-09-13 06:55:24,792 [INFO] ============================================================
2026-09-13 06:55:24,792 [INFO] MSGKO Scraper v4 — 2026-09-13 06:55:24
2026-09-13 06:55:24,793 [INFO] Kanal [5]: Agartha 4 (serverType=12) — DESC (pahalı→ucuz)
2026-09-13 06:55:25,315 [INFO] Token alindi: eyJzaWQiOiI2OTFjODY4...
2026-09-13 06:55:25,315 [INFO] [Agartha 4] Baglanti testi...
2026-09-13 06:55:25,443 [WARNING] Sayfa 1: HTTP 429
2026-09-13 06:55:25,443 [INFO] 60sn bekleniyor...
2026-09-13 06:56:25,566 [INFO] Token yenilendi: eyJzaWQiOiI2OTFjODY4...
2026-09-13 06:56:25,689 [WARNING] Sayfa 1: HTTP 429
2026-09-13 06:56:25,690 [INFO] 120sn bekleniyor...
2026-09-13 06:58:25,981 [INFO] Token yenilendi: eyJzaWQiOiI2OTFjODY4...
2026-09-13 06:58:26,096 [WARNING] Sayfa 1: HTTP 429
2026-09-13 06:58:26,096 [WARNING] Site engelliyor — run atlaniyor
2026-09-13 07:01:24,791 [INFO] ============================================================
2026-09-13 07:01:24,791 [INFO] MSGKO Scraper v4 — 2026-09-13 07:01:24
2026-09-13 07:01:24,792 [INFO] Kanal [6]: Pandora 3 (serverType=2) — ASC (ucuz→pahalı)
2026-09-13 07:01:25,278 [INFO] Token alindi: eyJzaWQiOiIxYWQ1M2I2...
2026-09-13 07:01:25,278 [INFO] [Pandora 3] Baglanti testi...
2026-09-13 07:01:25,419 [WARNING] Sayfa 1: HTTP 429
2026-09-13 07:01:25,419 [INFO] 60sn bekleniyor...
2026-09-13 07:02:25,604 [INFO] Token yenilendi: eyJzaWQiOiIxYWQ1M2I2...
2026-09-13 07:02:25,718 [WARNING] Sayfa 1: HTTP 429
2026-09-13 07:02:25,718 [INFO] 120sn bekleniyor...
2026-09-13 07:04:25,836 [INFO] Token yenilendi: eyJzaWQiOiIxYWQ1M2I2...
2026-09-13 07:04:25,957 [WARNING] Sayfa 1: HTTP 429
2026-09-13 07:04:25,957 [WARNING] Site engelliyor — run atlaniyor
2026-09-13 07:07:24,794 [INFO] ============================================================
2026-09-13 07:07:24,794 [INFO] MSGKO Scraper v4 — 2026-09-13 07:07:24
2026-09-13 07:07:24,794 [INFO] Kanal [6]: Pandora 3 (serverType=2) — DESC (pahalı→ucuz)
2026-09-13 07:07:25,290 [INFO] Token alindi: eyJzaWQiOiJkZTNiYTYw...
2026-09-13 07:07:25,290 [INFO] [Pandora 3] Baglanti testi...
2026-09-13 07:07:25,585 [INFO] Baglanti OK!
2026-09-13 07:07:25,585 [INFO] [Pandora 3] DESC (pahalı→ucuz)
2026-09-13 07:07:27,254 [INFO]   [Pandora 3] DESC (pahalı→ucuz) p  1: 192 ilan (toplam=  192, 2s)
2026-09-13 07:07:29,054 [INFO]   [Pandora 3] DESC (pahalı→ucuz) p  2: 192 ilan (toplam=  384, 4s)
2026-09-13 07:07:29,849 [INFO]   [Pandora 3] DESC (pahalı→ucuz) p  3: 192 ilan (toplam=  576, 5s)
2026-09-13 07:07:30,607 [INFO]   [Pandora 3] DESC (pahalı→ucuz) p  4: 192 ilan (toplam=  768, 5s)
2026-09-13 07:07:32,357 [INFO]   [Pandora 3] DESC (pahalı→ucuz) p  5: 192 ilan (toplam=  960, 7s)
2026-09-13 07:07:33,089 [INFO]   [Pandora 3] DESC (pahalı→ucuz) p  6: 192 ilan (toplam= 1152, 8s)
2026-09-13 07:07:34,327 [INFO]   [Pandora 3] DESC (pahalı→ucuz) p  7: 192 ilan (toplam= 1344, 9s)
2026-09-13 07:07:36,071 [INFO]   [Pandora 3] DESC (pahalı→ucuz) p  8: 192 ilan (toplam= 1536, 11s)
2026-09-13 07:07:36,829 [INFO]   [Pandora 3] DESC (pahalı→ucuz) p  9: 192 ilan (toplam= 1728, 12s)
2026-09-13 07:07:38,658 [INFO]   [Pandora 3] DESC (pahalı→ucuz) p 10: 192 ilan (toplam= 1920, 13s)
2026-09-13 07:07:39,421 [INFO]   [Pandora 3] DESC (pahalı→ucuz) p 11: 192 ilan (toplam= 2112, 14s)
2026-09-13 07:07:40,161 [INFO]   [Pandora 3] DESC (pahalı→ucuz) p 12: 192 ilan (toplam= 2304, 15s)
2026-09-13 07:07:40,951 [INFO]   [Pandora 3] DESC (pahalı→ucuz) p 13: 192 ilan (toplam= 2496, 16s)
2026-09-13 07:07:42,602 [INFO]   [Pandora 3] DESC (pahalı→ucuz) p 14: 192 ilan (toplam= 2688, 17s)
2026-09-13 07:07:43,445 [INFO]   [Pandora 3] DESC (pahalı→ucuz) p 15: 192 ilan (toplam= 2880, 18s)
2026-09-13 07:07:44,805 [INFO]   [Pandora 3] DESC (pahalı→ucuz) p 16: 192 ilan (toplam= 3072, 20s)
2026-09-13 07:07:45,539 [INFO]   [Pandora 3] DESC (pahalı→ucuz) p 17: 192 ilan (toplam= 3264, 20s)
2026-09-13 07:07:46,296 [INFO]   [Pandora 3] DESC (pahalı→ucuz) p 18: 192 ilan (toplam= 3456, 21s)
2026-09-13 07:07:47,098 [INFO]   [Pandora 3] DESC (pahalı→ucuz) p 19: 192 ilan (toplam= 3648, 22s)
2026-09-13 07:07:47,851 [INFO]   [Pandora 3] DESC (pahalı→ucuz) p 20: 192 ilan (toplam= 3840, 23s)
2026-09-13 07:07:48,654 [INFO]   [Pandora 3] DESC (pahalı→ucuz) p 21: 192 ilan (toplam= 4032, 23s)
2026-09-13 07:07:49,443 [INFO]   [Pandora 3] DESC (pahalı→ucuz) p 22: 192 ilan (toplam= 4224, 24s)
2026-09-13 07:07:50,189 [INFO]   [Pandora 3] DESC (pahalı→ucuz) p 23: 192 ilan (toplam= 4416, 25s)
2026-09-13 07:07:51,572 [INFO]   [Pandora 3] DESC (pahalı→ucuz) p 24: 192 ilan (toplam= 4608, 26s)
2026-09-13 07:07:52,320 [INFO]   [Pandora 3] DESC (pahalı→ucuz) p 25: 192 ilan (toplam= 4800, 27s)
2026-09-13 07:07:54,051 [INFO]   [Pandora 3] DESC (pahalı→ucuz) p 26: 192 ilan (toplam= 4992, 29s)
2026-09-13 07:07:54,843 [INFO]   [Pandora 3] DESC (pahalı→ucuz) p 27: 192 ilan (toplam= 5184, 30s)
2026-09-13 07:07:55,576 [INFO]   [Pandora 3] DESC (pahalı→ucuz) p 28: 192 ilan (toplam= 5376, 30s)
2026-09-13 07:07:57,432 [INFO]   [Pandora 3] DESC (pahalı→ucuz) p 29: 192 ilan (toplam= 5568, 32s)
2026-09-13 07:07:59,008 [WARNING]   [Pandora 3] DESC (pahalı→ucuz) p30 → 429, 60sn bekle
2026-09-13 07:08:59,130 [INFO] Token yenilendi: eyJzaWQiOiJkZTNiYTYw...
2026-09-13 07:08:59,244 [WARNING]   [Pandora 3] p30 → 429 — 60sn bekleniyor
2026-09-13 07:09:59,360 [INFO] Token yenilendi: eyJzaWQiOiJkZTNiYTYw...
2026-09-13 07:09:59,475 [WARNING]   [Pandora 3] p30 → 429 — 120sn bekleniyor
2026-09-13 07:11:59,642 [INFO] Token yenilendi: eyJzaWQiOiJkZTNiYTYw...
2026-09-13 07:12:00,759 [WARNING]   [Pandora 3] p30 → 429 — 180sn bekleniyor
2026-09-13 07:15:01,207 [INFO] Token yenilendi: eyJzaWQiOiJkZTNiYTYw...
2026-09-13 07:15:01,207 [WARNING]   [Pandora 3] DESC (pahalı→ucuz) sayfa 30 alinamadi — bitti
2026-09-13 07:15:01,207 [INFO]   [Pandora 3] DESC (pahalı→ucuz) bitti: 5568 ilan
2026-09-13 07:15:01,207 [INFO] [Pandora 3] TOPLAM: 5568 ilan
2026-09-13 07:15:14,417 [INFO] [pandora3] 5568 ilan yazildi (12902ms)
2026-09-13 07:15:14,417 [INFO] Tamamlandi — 469sn
2026-09-13 07:15:14,417 [INFO] ============================================================
2026-09-13 07:16:24,794 [INFO] ============================================================
2026-09-13 07:16:24,795 [INFO] MSGKO Scraper v4 — 2026-09-13 07:16:24
2026-09-13 07:16:24,795 [INFO] Kanal [7]: Pandora 4 (serverType=11) — ASC (ucuz→pahalı)
2026-09-13 07:16:25,279 [INFO] Token alindi: eyJzaWQiOiIxMjgxZGIz...
2026-09-13 07:16:25,279 [INFO] [Pandora 4] Baglanti testi...
2026-09-13 07:16:25,412 [WARNING] Sayfa 1: HTTP 429
2026-09-13 07:16:25,412 [INFO] 60sn bekleniyor...
2026-09-13 07:17:25,541 [INFO] Token yenilendi: eyJzaWQiOiIxMjgxZGIz...
2026-09-13 07:17:25,674 [WARNING] Sayfa 1: HTTP 429
2026-09-13 07:17:25,675 [INFO] 120sn bekleniyor...
2026-09-13 07:19:25,809 [INFO] Token yenilendi: eyJzaWQiOiIxMjgxZGIz...
2026-09-13 07:19:25,931 [WARNING] Sayfa 1: HTTP 429
2026-09-13 07:19:25,931 [WARNING] Site engelliyor — run atlaniyor
2026-09-13 07:22:24,795 [INFO] ============================================================
2026-09-13 07:22:24,796 [INFO] MSGKO Scraper v4 — 2026-09-13 07:22:24
2026-09-13 07:22:24,796 [INFO] Kanal [7]: Pandora 4 (serverType=11) — DESC (pahalı→ucuz)
2026-09-13 07:22:25,254 [INFO] Token alindi: eyJzaWQiOiIzZTg4N2Fm...
2026-09-13 07:22:25,254 [INFO] [Pandora 4] Baglanti testi...
2026-09-13 07:22:25,372 [WARNING] Sayfa 1: HTTP 429
2026-09-13 07:22:25,372 [INFO] 60sn bekleniyor...
2026-09-13 07:23:25,521 [INFO] Token yenilendi: eyJzaWQiOiIzZTg4N2Fm...
2026-09-13 07:23:25,632 [WARNING] Sayfa 1: HTTP 429
2026-09-13 07:23:25,633 [INFO] 120sn bekleniyor...
2026-09-13 07:25:25,754 [INFO] Token yenilendi: eyJzaWQiOiIzZTg4N2Fm...
2026-09-13 07:25:25,872 [WARNING] Sayfa 1: HTTP 429
2026-09-13 07:25:25,872 [WARNING] Site engelliyor — run atlaniyor
2026-09-13 07:28:24,794 [INFO] ============================================================
2026-09-13 07:28:24,794 [INFO] MSGKO Scraper v4 — 2026-09-13 07:28:24
2026-09-13 07:28:24,794 [INFO] Kanal [8]: Destan 2 (serverType=4) — ASC (ucuz→pahalı)
2026-09-13 07:28:25,254 [INFO] Token alindi: eyJzaWQiOiIzM2QxZWUy...
2026-09-13 07:28:25,254 [INFO] [Destan 2] Baglanti testi...
2026-09-13 07:28:25,365 [WARNING] Sayfa 1: HTTP 429
2026-09-13 07:28:25,365 [INFO] 60sn bekleniyor...
2026-09-13 07:29:25,888 [INFO] Token yenilendi: eyJzaWQiOiIzM2QxZWUy...
2026-09-13 07:29:25,991 [WARNING] Sayfa 1: HTTP 429
2026-09-13 07:29:25,991 [INFO] 120sn bekleniyor...
2026-09-13 07:31:26,089 [INFO] Token yenilendi: eyJzaWQiOiIzM2QxZWUy...
2026-09-13 07:31:26,198 [WARNING] Sayfa 1: HTTP 429
2026-09-13 07:31:26,198 [WARNING] Site engelliyor — run atlaniyor
2026-09-13 07:34:24,801 [INFO] ============================================================
2026-09-13 07:34:24,801 [INFO] MSGKO Scraper v4 — 2026-09-13 07:34:24
2026-09-13 07:34:24,801 [INFO] Kanal [8]: Destan 2 (serverType=4) — DESC (pahalı→ucuz)
2026-09-13 07:34:25,545 [INFO] Token alindi: eyJzaWQiOiJmNDM1YzIy...
2026-09-13 07:34:25,546 [INFO] [Destan 2] Baglanti testi...
2026-09-13 07:34:25,673 [WARNING] Sayfa 1: HTTP 429
2026-09-13 07:34:25,673 [INFO] 60sn bekleniyor...
2026-09-13 07:35:25,793 [INFO] Token yenilendi: eyJzaWQiOiJmNDM1YzIy...
2026-09-13 07:35:25,916 [WARNING] Sayfa 1: HTTP 429
2026-09-13 07:35:25,916 [INFO] 120sn bekleniyor...
2026-09-13 07:37:26,040 [INFO] Token yenilendi: eyJzaWQiOiJmNDM1YzIy...
2026-09-13 07:37:26,174 [WARNING] Sayfa 1: HTTP 429
2026-09-13 07:37:26,174 [WARNING] Site engelliyor — run atlaniyor
2026-09-13 07:40:24,801 [INFO] ============================================================
2026-09-13 07:40:24,801 [INFO] MSGKO Scraper v4 — 2026-09-13 07:40:24
2026-09-13 07:40:24,801 [INFO] Kanal [9]: Destan 3 (serverType=13) — ASC (ucuz→pahalı)
2026-09-13 07:40:25,870 [INFO] Token alindi: eyJzaWQiOiI4MDZkNjUw...
2026-09-13 07:40:25,870 [INFO] [Destan 3] Baglanti testi...
2026-09-13 07:40:26,236 [INFO] Baglanti OK!
2026-09-13 07:40:26,236 [INFO] [Destan 3] ASC (ucuz→pahalı)
2026-09-13 07:40:26,311 [INFO]   [Destan 3] ASC (ucuz→pahalı) p  1: 192 ilan (toplam=  192, 1s)
2026-09-13 07:40:27,041 [INFO]   [Destan 3] ASC (ucuz→pahalı) p  2: 192 ilan (toplam=  384, 2s)
2026-09-13 07:40:27,777 [INFO]   [Destan 3] ASC (ucuz→pahalı) p  3: 192 ilan (toplam=  576, 2s)
2026-09-13 07:40:28,518 [INFO]   [Destan 3] ASC (ucuz→pahalı) p  4: 192 ilan (toplam=  768, 3s)
2026-09-13 07:40:29,268 [INFO]   [Destan 3] ASC (ucuz→pahalı) p  5: 192 ilan (toplam=  960, 4s)
2026-09-13 07:40:30,006 [INFO]   [Destan 3] ASC (ucuz→pahalı) p  6: 192 ilan (toplam= 1152, 5s)
2026-09-13 07:40:31,675 [INFO]   [Destan 3] ASC (ucuz→pahalı) p  7: 192 ilan (toplam= 1344, 6s)
2026-09-13 07:40:32,418 [INFO]   [Destan 3] ASC (ucuz→pahalı) p  8: 192 ilan (toplam= 1536, 7s)
2026-09-13 07:40:33,168 [INFO]   [Destan 3] ASC (ucuz→pahalı) p  9: 192 ilan (toplam= 1728, 8s)
2026-09-13 07:40:33,895 [INFO]   [Destan 3] ASC (ucuz→pahalı) p 10: 192 ilan (toplam= 1920, 9s)
2026-09-13 07:40:34,620 [INFO]   [Destan 3] ASC (ucuz→pahalı) p 11: 192 ilan (toplam= 2112, 9s)
2026-09-13 07:40:35,396 [INFO]   [Destan 3] ASC (ucuz→pahalı) p 12: 192 ilan (toplam= 2304, 10s)
2026-09-13 07:40:36,119 [INFO]   [Destan 3] ASC (ucuz→pahalı) p 13: 192 ilan (toplam= 2496, 11s)
2026-09-13 07:40:37,321 [INFO]   [Destan 3] ASC (ucuz→pahalı) p 14: 192 ilan (toplam= 2688, 12s)
2026-09-13 07:40:38,691 [INFO]   [Destan 3] ASC (ucuz→pahalı) p 15: 192 ilan (toplam= 2880, 13s)
2026-09-13 07:40:39,424 [INFO]   [Destan 3] ASC (ucuz→pahalı) p 16: 192 ilan (toplam= 3072, 14s)
2026-09-13 07:40:40,175 [INFO]   [Destan 3] ASC (ucuz→pahalı) p 17: 192 ilan (toplam= 3264, 15s)
2026-09-13 07:40:40,974 [INFO]   [Destan 3] ASC (ucuz→pahalı) p 18: 192 ilan (toplam= 3456, 16s)
2026-09-13 07:40:41,711 [INFO]   [Destan 3] ASC (ucuz→pahalı) p 19: 192 ilan (toplam= 3648, 16s)
2026-09-13 07:40:42,455 [INFO]   [Destan 3] ASC (ucuz→pahalı) p 20: 192 ilan (toplam= 3840, 17s)
2026-09-13 07:40:44,087 [INFO]   [Destan 3] ASC (ucuz→pahalı) p 21: 192 ilan (toplam= 4032, 19s)
2026-09-13 07:40:44,811 [INFO]   [Destan 3] ASC (ucuz→pahalı) p 22: 192 ilan (toplam= 4224, 20s)
2026-09-13 07:40:45,539 [INFO]   [Destan 3] ASC (ucuz→pahalı) p 23: 192 ilan (toplam= 4416, 20s)
2026-09-13 07:40:46,362 [INFO]   [Destan 3] ASC (ucuz→pahalı) p 24: 192 ilan (toplam= 4608, 21s)
2026-09-13 07:40:47,090 [INFO]   [Destan 3] ASC (ucuz→pahalı) p 25: 192 ilan (toplam= 4800, 22s)
2026-09-13 07:40:47,840 [INFO]   [Destan 3] ASC (ucuz→pahalı) p 26: 192 ilan (toplam= 4992, 23s)
2026-09-13 07:40:49,373 [INFO]   [Destan 3] ASC (ucuz→pahalı) p 27: 192 ilan (toplam= 5184, 24s)
2026-09-13 07:40:50,157 [INFO]   [Destan 3] ASC (ucuz→pahalı) p 28: 192 ilan (toplam= 5376, 25s)
2026-09-13 07:40:51,247 [INFO]   [Destan 3] ASC (ucuz→pahalı) p 29: 192 ilan (toplam= 5568, 26s)
2026-09-13 07:40:51,973 [INFO]   [Destan 3] ASC (ucuz→pahalı) p 30: 192 ilan (toplam= 5760, 27s)
2026-09-13 07:40:53,460 [WARNING]   [Destan 3] ASC (ucuz→pahalı) p31 → 429, 60sn bekle
2026-09-13 07:41:53,599 [INFO] Token yenilendi: eyJzaWQiOiI4MDZkNjUw...
2026-09-13 07:41:53,722 [WARNING]   [Destan 3] p31 → 429 — 60sn bekleniyor
2026-09-13 07:42:54,215 [INFO] Token yenilendi: eyJzaWQiOiI4MDZkNjUw...
2026-09-13 07:42:54,328 [WARNING]   [Destan 3] p31 → 429 — 120sn bekleniyor
2026-09-13 07:44:55,406 [INFO] Token yenilendi: eyJzaWQiOiI4MDZkNjUw...
2026-09-13 07:44:55,521 [WARNING]   [Destan 3] p31 → 429 — 180sn bekleniyor
2026-09-13 07:47:55,650 [INFO] Token yenilendi: eyJzaWQiOiI4MDZkNjUw...
2026-09-13 07:47:55,650 [WARNING]   [Destan 3] ASC (ucuz→pahalı) sayfa 31 alinamadi — bitti
2026-09-13 07:47:55,650 [INFO]   [Destan 3] ASC (ucuz→pahalı) bitti: 5760 ilan
2026-09-13 07:47:55,650 [INFO] [Destan 3] TOPLAM: 5760 ilan
2026-09-13 07:48:06,721 [INFO] [destan3] 5760 ilan yazildi (10773ms)
2026-09-13 07:48:06,721 [INFO] Tamamlandi — 461sn
2026-09-13 07:48:06,721 [INFO] ============================================================
2026-09-13 07:49:24,808 [INFO] ============================================================
2026-09-13 07:49:24,808 [INFO] MSGKO Scraper v4 — 2026-09-13 07:49:24
2026-09-13 07:49:24,809 [INFO] Kanal [9]: Destan 3 (serverType=13) — DESC (pahalı→ucuz)
2026-09-13 07:49:25,790 [INFO] Token alindi: eyJzaWQiOiI5ODFjNDI1...
2026-09-13 07:49:25,790 [INFO] [Destan 3] Baglanti testi...
2026-09-13 07:49:25,903 [WARNING] Sayfa 1: HTTP 429
2026-09-13 07:49:25,903 [INFO] 60sn bekleniyor...
2026-09-13 07:50:26,035 [INFO] Token yenilendi: eyJzaWQiOiI5ODFjNDI1...
2026-09-13 07:50:26,140 [WARNING] Sayfa 1: HTTP 429
2026-09-13 07:50:26,140 [INFO] 120sn bekleniyor...
2026-09-13 07:52:26,260 [INFO] Token yenilendi: eyJzaWQiOiI5ODFjNDI1...
2026-09-13 07:52:26,374 [WARNING] Sayfa 1: HTTP 429
2026-09-13 07:52:26,374 [WARNING] Site engelliyor — run atlaniyor
2026-09-13 07:55:24,802 [INFO] ============================================================
2026-09-13 07:55:24,802 [INFO] MSGKO Scraper v4 — 2026-09-13 07:55:24
2026-09-13 07:55:24,803 [INFO] Kanal [0]: Zero 3 (serverType=0) — ASC (ucuz→pahalı)
2026-09-13 07:55:25,245 [INFO] Token alindi: eyJzaWQiOiJhOTMxNTBk...
2026-09-13 07:55:25,245 [INFO] [Zero 3] Baglanti testi...
2026-09-13 07:55:25,365 [WARNING] Sayfa 1: HTTP 429
2026-09-13 07:55:25,366 [INFO] 60sn bekleniyor...
2026-09-13 07:56:25,495 [INFO] Token yenilendi: eyJzaWQiOiJhOTMxNTBk...
2026-09-13 07:56:25,608 [WARNING] Sayfa 1: HTTP 429
2026-09-13 07:56:25,608 [INFO] 120sn bekleniyor...
2026-09-13 07:58:25,810 [INFO] Token yenilendi: eyJzaWQiOiJhOTMxNTBk...
2026-09-13 07:58:25,916 [WARNING] Sayfa 1: HTTP 429
2026-09-13 07:58:25,916 [WARNING] Site engelliyor — run atlaniyor
2026-09-13 08:01:24,801 [INFO] ============================================================
2026-09-13 08:01:24,801 [INFO] MSGKO Scraper v4 — 2026-09-13 08:01:24
2026-09-13 08:01:24,802 [INFO] Kanal [0]: Zero 3 (serverType=0) — DESC (pahalı→ucuz)
2026-09-13 08:01:25,308 [INFO] Token alindi: eyJzaWQiOiIzOWZmMDM1...
2026-09-13 08:01:25,308 [INFO] [Zero 3] Baglanti testi...
2026-09-13 08:01:25,437 [WARNING] Sayfa 1: HTTP 429
2026-09-13 08:01:25,437 [INFO] 60sn bekleniyor...
2026-09-13 08:02:26,355 [INFO] Token yenilendi: eyJzaWQiOiIzOWZmMDM1...
2026-09-13 08:02:26,461 [WARNING] Sayfa 1: HTTP 429
2026-09-13 08:02:26,461 [INFO] 120sn bekleniyor...
2026-09-13 08:04:26,589 [INFO] Token yenilendi: eyJzaWQiOiIzOWZmMDM1...
2026-09-13 08:04:26,704 [WARNING] Sayfa 1: HTTP 429
2026-09-13 08:04:26,704 [WARNING] Site engelliyor — run atlaniyor
2026-09-13 08:07:24,807 [INFO] ============================================================
2026-09-13 08:07:24,807 [INFO] MSGKO Scraper v4 — 2026-09-13 08:07:24
2026-09-13 08:07:24,807 [INFO] Kanal [1]: Zero 4 (serverType=5) — ASC (ucuz→pahalı)
2026-09-13 08:07:25,286 [INFO] Token alindi: eyJzaWQiOiJiOTUzZGUx...
2026-09-13 08:07:25,286 [INFO] [Zero 4] Baglanti testi...
2026-09-13 08:07:25,685 [INFO] Baglanti OK!
2026-09-13 08:07:25,685 [INFO] [Zero 4] ASC (ucuz→pahalı)
2026-09-13 08:07:25,765 [INFO]   [Zero 4] ASC (ucuz→pahalı) p  1: 192 ilan (toplam=  192, 0s)
2026-09-13 08:07:27,097 [INFO]   [Zero 4] ASC (ucuz→pahalı) p  2: 192 ilan (toplam=  384, 2s)
2026-09-13 08:07:27,862 [INFO]   [Zero 4] ASC (ucuz→pahalı) p  3: 192 ilan (toplam=  576, 3s)
2026-09-13 08:07:28,594 [INFO]   [Zero 4] ASC (ucuz→pahalı) p  4: 192 ilan (toplam=  768, 3s)
2026-09-13 08:07:29,341 [INFO]   [Zero 4] ASC (ucuz→pahalı) p  5: 192 ilan (toplam=  960, 4s)
2026-09-13 08:07:30,077 [INFO]   [Zero 4] ASC (ucuz→pahalı) p  6: 192 ilan (toplam= 1152, 5s)
2026-09-13 08:07:31,815 [INFO]   [Zero 4] ASC (ucuz→pahalı) p  7: 192 ilan (toplam= 1344, 7s)
2026-09-13 08:07:32,538 [INFO]   [Zero 4] ASC (ucuz→pahalı) p  8: 192 ilan (toplam= 1536, 7s)
2026-09-13 08:07:33,294 [INFO]   [Zero 4] ASC (ucuz→pahalı) p  9: 192 ilan (toplam= 1728, 8s)
2026-09-13 08:07:34,058 [INFO]   [Zero 4] ASC (ucuz→pahalı) p 10: 192 ilan (toplam= 1920, 9s)
2026-09-13 08:07:34,778 [INFO]   [Zero 4] ASC (ucuz→pahalı) p 11: 192 ilan (toplam= 2112, 9s)
2026-09-13 08:07:35,558 [INFO]   [Zero 4] ASC (ucuz→pahalı) p 12: 192 ilan (toplam= 2304, 10s)
2026-09-13 08:07:36,284 [INFO]   [Zero 4] ASC (ucuz→pahalı) p 13: 192 ilan (toplam= 2496, 11s)
2026-09-13 08:07:37,010 [INFO]   [Zero 4] ASC (ucuz→pahalı) p 14: 192 ilan (toplam= 2688, 12s)
2026-09-13 08:07:37,757 [INFO]   [Zero 4] ASC (ucuz→pahalı) p 15: 192 ilan (toplam= 2880, 12s)
2026-09-13 08:07:39,442 [INFO]   [Zero 4] ASC (ucuz→pahalı) p 16: 192 ilan (toplam= 3072, 14s)
2026-09-13 08:07:41,124 [INFO]   [Zero 4] ASC (ucuz→pahalı) p 17: 192 ilan (toplam= 3264, 16s)
2026-09-13 08:07:42,440 [INFO]   [Zero 4] ASC (ucuz→pahalı) p 18: 192 ilan (toplam= 3456, 17s)
2026-09-13 08:07:43,163 [INFO]   [Zero 4] ASC (ucuz→pahalı) p 19: 192 ilan (toplam= 3648, 18s)
2026-09-13 08:07:44,070 [INFO]   [Zero 4] ASC (ucuz→pahalı) p 20: 192 ilan (toplam= 3840, 19s)
2026-09-13 08:07:44,825 [INFO]   [Zero 4] ASC (ucuz→pahalı) p 21: 192 ilan (toplam= 4032, 20s)
2026-09-13 08:07:46,172 [INFO]   [Zero 4] ASC (ucuz→pahalı) p 22: 192 ilan (toplam= 4224, 21s)
2026-09-13 08:07:46,900 [INFO]   [Zero 4] ASC (ucuz→pahalı) p 23: 192 ilan (toplam= 4416, 22s)
2026-09-13 08:07:47,647 [INFO]   [Zero 4] ASC (ucuz→pahalı) p 24: 192 ilan (toplam= 4608, 22s)
2026-09-13 08:07:48,370 [INFO]   [Zero 4] ASC (ucuz→pahalı) p 25: 192 ilan (toplam= 4800, 23s)
2026-09-13 08:07:49,081 [INFO]   [Zero 4] ASC (ucuz→pahalı) p 26: 192 ilan (toplam= 4992, 24s)
2026-09-13 08:07:49,847 [INFO]   [Zero 4] ASC (ucuz→pahalı) p 27: 192 ilan (toplam= 5184, 25s)
2026-09-13 08:07:51,662 [INFO]   [Zero 4] ASC (ucuz→pahalı) p 28: 192 ilan (toplam= 5376, 26s)
2026-09-13 08:07:52,384 [INFO]   [Zero 4] ASC (ucuz→pahalı) p 29: 192 ilan (toplam= 5568, 27s)
2026-09-13 08:07:53,559 [INFO]   [Zero 4] ASC (ucuz→pahalı) p 30: 192 ilan (toplam= 5760, 28s)
2026-09-13 08:07:54,667 [WARNING]   [Zero 4] ASC (ucuz→pahalı) p31 → 429, 60sn bekle
2026-09-13 08:08:54,842 [INFO] Token yenilendi: eyJzaWQiOiJiOTUzZGUx...
2026-09-13 08:08:55,124 [INFO]   [Zero 4] ASC (ucuz→pahalı) p 31: 192 ilan (toplam= 5952, 90s)
2026-09-13 08:08:55,841 [INFO]   [Zero 4] ASC (ucuz→pahalı) p 32: 192 ilan (toplam= 6144, 91s)
2026-09-13 08:08:57,547 [INFO]   [Zero 4] ASC (ucuz→pahalı) p 33: 192 ilan (toplam= 6336, 92s)
2026-09-13 08:08:58,297 [INFO]   [Zero 4] ASC (ucuz→pahalı) p 34: 192 ilan (toplam= 6528, 93s)
2026-09-13 08:08:59,018 [INFO]   [Zero 4] ASC (ucuz→pahalı) p 35: 192 ilan (toplam= 6720, 94s)
2026-09-13 08:09:00,720 [INFO]   [Zero 4] ASC (ucuz→pahalı) p 36: 192 ilan (toplam= 6912, 95s)
2026-09-13 08:09:01,467 [INFO]   [Zero 4] ASC (ucuz→pahalı) p 37: 192 ilan (toplam= 7104, 96s)
2026-09-13 08:09:02,195 [INFO]   [Zero 4] ASC (ucuz→pahalı) p 38: 192 ilan (toplam= 7296, 97s)
2026-09-13 08:09:03,663 [INFO]   [Zero 4] ASC (ucuz→pahalı) p 39: 192 ilan (toplam= 7488, 98s)
2026-09-13 08:09:04,458 [INFO]   [Zero 4] ASC (ucuz→pahalı) p 40: 192 ilan (toplam= 7680, 99s)
2026-09-13 08:09:05,184 [INFO]   [Zero 4] ASC (ucuz→pahalı) p 41: 192 ilan (toplam= 7872, 100s)
2026-09-13 08:09:06,612 [INFO]   [Zero 4] ASC (ucuz→pahalı) p 42: 192 ilan (toplam= 8064, 101s)
2026-09-13 08:09:07,347 [INFO]   [Zero 4] ASC (ucuz→pahalı) p 43: 192 ilan (toplam= 8256, 102s)
2026-09-13 08:09:08,752 [INFO]   [Zero 4] ASC (ucuz→pahalı) p 44: 192 ilan (toplam= 8448, 103s)
2026-09-13 08:09:09,486 [INFO]   [Zero 4] ASC (ucuz→pahalı) p 45: 192 ilan (toplam= 8640, 104s)
2026-09-13 08:09:10,238 [INFO]   [Zero 4] ASC (ucuz→pahalı) p 46: 192 ilan (toplam= 8832, 105s)
2026-09-13 08:09:10,956 [INFO]   [Zero 4] ASC (ucuz→pahalı) p 47: 192 ilan (toplam= 9024, 106s)
2026-09-13 08:09:11,676 [INFO]   [Zero 4] ASC (ucuz→pahalı) p 48: 192 ilan (toplam= 9216, 106s)
2026-09-13 08:09:12,392 [INFO]   [Zero 4] ASC (ucuz→pahalı) p 49: 192 ilan (toplam= 9408, 107s)
2026-09-13 08:09:13,657 [INFO]   [Zero 4] ASC (ucuz→pahalı) p 50: 192 ilan (toplam= 9600, 108s)
2026-09-13 08:09:14,378 [INFO]   [Zero 4] ASC (ucuz→pahalı) p 51: 192 ilan (toplam= 9792, 109s)
2026-09-13 08:09:16,154 [INFO]   [Zero 4] ASC (ucuz→pahalı) p 52: 192 ilan (toplam= 9984, 111s)
2026-09-13 08:09:16,928 [INFO]   [Zero 4] ASC (ucuz→pahalı) p 53: 192 ilan (toplam=10176, 112s)
2026-09-13 08:09:17,665 [INFO]   [Zero 4] ASC (ucuz→pahalı) p 54: 192 ilan (toplam=10368, 112s)
2026-09-13 08:09:19,151 [INFO]   [Zero 4] ASC (ucuz→pahalı) p 55: 192 ilan (toplam=10560, 114s)
2026-09-13 08:09:19,982 [INFO]   [Zero 4] ASC (ucuz→pahalı) p 56: 192 ilan (toplam=10752, 115s)
2026-09-13 08:09:20,700 [INFO]   [Zero 4] ASC (ucuz→pahalı) p 57: 192 ilan (toplam=10944, 115s)
2026-09-13 08:09:22,480 [INFO]   [Zero 4] ASC (ucuz→pahalı) p 58: 192 ilan (toplam=11136, 117s)
2026-09-13 08:09:23,838 [INFO]   [Zero 4] ASC (ucuz→pahalı) p 59: 192 ilan (toplam=11328, 119s)
2026-09-13 08:09:24,554 [INFO]   [Zero 4] ASC (ucuz→pahalı) p 60: 192 ilan (toplam=11520, 119s)
2026-09-13 08:09:25,673 [WARNING]   [Zero 4] ASC (ucuz→pahalı) p61 → 429, 60sn bekle
2026-09-13 08:10:26,316 [INFO] Token yenilendi: eyJzaWQiOiJiOTUzZGUx...
2026-09-13 08:10:26,413 [WARNING]   [Zero 4] p61 → 429 — 60sn bekleniyor
2026-09-13 08:11:26,536 [INFO] Token yenilendi: eyJzaWQiOiJiOTUzZGUx...
2026-09-13 08:11:26,646 [WARNING]   [Zero 4] p61 → 429 — 120sn bekleniyor
2026-09-13 08:13:26,768 [INFO] Token yenilendi: eyJzaWQiOiJiOTUzZGUx...
2026-09-13 08:13:26,860 [WARNING]   [Zero 4] p61 → 429 — 180sn bekleniyor
2026-09-13 08:16:26,980 [INFO] Token yenilendi: eyJzaWQiOiJiOTUzZGUx...
2026-09-13 08:16:26,980 [WARNING]   [Zero 4] ASC (ucuz→pahalı) sayfa 61 alinamadi — bitti
2026-09-13 08:16:26,980 [INFO]   [Zero 4] ASC (ucuz→pahalı) bitti: 11520 ilan
2026-09-13 08:16:26,980 [INFO] [Zero 4] TOPLAM: 11520 ilan
2026-09-13 08:16:49,263 [INFO] [zero4] 11520 ilan yazildi (21983ms)
2026-09-13 08:16:49,263 [INFO] Tamamlandi — 564sn
2026-09-13 08:16:49,263 [INFO] ============================================================
2026-09-13 08:19:24,808 [INFO] ============================================================
2026-09-13 08:19:24,809 [INFO] MSGKO Scraper v4 — 2026-09-13 08:19:24
2026-09-13 08:19:24,809 [INFO] Kanal [1]: Zero 4 (serverType=5) — DESC (pahalı→ucuz)
2026-09-13 08:19:25,230 [INFO] Token alindi: eyJzaWQiOiI1NzM0MWEy...
2026-09-13 08:19:25,231 [INFO] [Zero 4] Baglanti testi...
2026-09-13 08:19:25,670 [INFO] Baglanti OK!
2026-09-13 08:19:25,670 [INFO] [Zero 4] DESC (pahalı→ucuz)
2026-09-13 08:19:27,160 [INFO]   [Zero 4] DESC (pahalı→ucuz) p  1: 192 ilan (toplam=  192, 2s)
2026-09-13 08:19:27,962 [INFO]   [Zero 4] DESC (pahalı→ucuz) p  2: 192 ilan (toplam=  384, 3s)
2026-09-13 08:19:28,742 [INFO]   [Zero 4] DESC (pahalı→ucuz) p  3: 192 ilan (toplam=  576, 3s)
2026-09-13 08:19:30,527 [INFO]   [Zero 4] DESC (pahalı→ucuz) p  4: 192 ilan (toplam=  768, 5s)
2026-09-13 08:19:31,306 [INFO]   [Zero 4] DESC (pahalı→ucuz) p  5: 192 ilan (toplam=  960, 6s)
2026-09-13 08:19:32,035 [INFO]   [Zero 4] DESC (pahalı→ucuz) p  6: 192 ilan (toplam= 1152, 7s)
2026-09-13 08:19:32,818 [INFO]   [Zero 4] DESC (pahalı→ucuz) p  7: 192 ilan (toplam= 1344, 8s)
2026-09-13 08:19:34,177 [INFO]   [Zero 4] DESC (pahalı→ucuz) p  8: 192 ilan (toplam= 1536, 9s)
2026-09-13 08:19:35,657 [INFO]   [Zero 4] DESC (pahalı→ucuz) p  9: 192 ilan (toplam= 1728, 10s)
2026-09-13 08:19:37,375 [INFO]   [Zero 4] DESC (pahalı→ucuz) p 10: 192 ilan (toplam= 1920, 12s)
2026-09-13 08:19:39,116 [INFO]   [Zero 4] DESC (pahalı→ucuz) p 11: 192 ilan (toplam= 2112, 14s)
2026-09-13 08:19:39,844 [INFO]   [Zero 4] DESC (pahalı→ucuz) p 12: 192 ilan (toplam= 2304, 15s)
2026-09-13 08:19:40,580 [INFO]   [Zero 4] DESC (pahalı→ucuz) p 13: 192 ilan (toplam= 2496, 15s)
2026-09-13 08:19:42,079 [INFO]   [Zero 4] DESC (pahalı→ucuz) p 14: 192 ilan (toplam= 2688, 17s)
2026-09-13 08:19:42,832 [INFO]   [Zero 4] DESC (pahalı→ucuz) p 15: 192 ilan (toplam= 2880, 18s)
2026-09-13 08:19:43,582 [INFO]   [Zero 4] DESC (pahalı→ucuz) p 16: 192 ilan (toplam= 3072, 18s)
2026-09-13 08:19:44,420 [INFO]   [Zero 4] DESC (pahalı→ucuz) p 17: 192 ilan (toplam= 3264, 19s)
2026-09-13 08:19:45,178 [INFO]   [Zero 4] DESC (pahalı→ucuz) p 18: 192 ilan (toplam= 3456, 20s)
2026-09-13 08:19:45,913 [INFO]   [Zero 4] DESC (pahalı→ucuz) p 19: 192 ilan (toplam= 3648, 21s)
2026-09-13 08:19:46,648 [INFO]   [Zero 4] DESC (pahalı→ucuz) p 20: 192 ilan (toplam= 3840, 21s)
2026-09-13 08:19:47,409 [INFO]   [Zero 4] DESC (pahalı→ucuz) p 21: 192 ilan (toplam= 4032, 22s)
2026-09-13 08:19:48,813 [INFO]   [Zero 4] DESC (pahalı→ucuz) p 22: 192 ilan (toplam= 4224, 24s)
2026-09-13 08:19:50,452 [INFO]   [Zero 4] DESC (pahalı→ucuz) p 23: 192 ilan (toplam= 4416, 25s)
2026-09-13 08:19:51,210 [INFO]   [Zero 4] DESC (pahalı→ucuz) p 24: 192 ilan (toplam= 4608, 26s)
2026-09-13 08:19:52,321 [INFO]   [Zero 4] DESC (pahalı→ucuz) p 25: 192 ilan (toplam= 4800, 27s)
2026-09-13 08:19:53,080 [INFO]   [Zero 4] DESC (pahalı→ucuz) p 26: 192 ilan (toplam= 4992, 28s)
2026-09-13 08:19:54,572 [INFO]   [Zero 4] DESC (pahalı→ucuz) p 27: 192 ilan (toplam= 5184, 29s)
2026-09-13 08:19:56,284 [INFO]   [Zero 4] DESC (pahalı→ucuz) p 28: 192 ilan (toplam= 5376, 31s)
2026-09-13 08:19:57,019 [INFO]   [Zero 4] DESC (pahalı→ucuz) p 29: 192 ilan (toplam= 5568, 32s)
2026-09-13 08:19:57,627 [WARNING]   [Zero 4] DESC (pahalı→ucuz) p30 → 429, 60sn bekle
2026-09-13 08:20:57,730 [INFO] Token yenilendi: eyJzaWQiOiI1NzM0MWEy...
2026-09-13 08:20:57,837 [WARNING]   [Zero 4] p30 → 429 — 60sn bekleniyor
2026-09-13 08:21:57,945 [INFO] Token yenilendi: eyJzaWQiOiI1NzM0MWEy...
2026-09-13 08:21:58,056 [WARNING]   [Zero 4] p30 → 429 — 120sn bekleniyor
2026-09-13 08:23:58,718 [INFO] Token yenilendi: eyJzaWQiOiI1NzM0MWEy...
2026-09-13 08:23:58,819 [WARNING]   [Zero 4] p30 → 429 — 180sn bekleniyor
2026-09-13 08:26:59,562 [INFO] Token yenilendi: eyJzaWQiOiI1NzM0MWEy...
2026-09-13 08:26:59,562 [WARNING]   [Zero 4] DESC (pahalı→ucuz) sayfa 30 alinamadi — bitti
2026-09-13 08:26:59,562 [INFO]   [Zero 4] DESC (pahalı→ucuz) bitti: 5568 ilan
2026-09-13 08:26:59,562 [INFO] [Zero 4] TOPLAM: 5568 ilan
2026-09-13 08:27:05,783 [ERROR] INSERT hatasi: 504 {"message":"Gateway Timeout"}
2026-09-13 08:27:15,362 [INFO] [zero4] 5068 ilan yazildi (15505ms)
2026-09-13 08:27:15,362 [INFO] Tamamlandi — 470sn
2026-09-13 08:27:15,362 [INFO] ============================================================
2026-09-13 08:28:24,810 [INFO] ============================================================
2026-09-13 08:28:24,810 [INFO] MSGKO Scraper v4 — 2026-09-13 08:28:24
2026-09-13 08:28:24,811 [INFO] Kanal [2]: Zero 5 (serverType=8) — ASC (ucuz→pahalı)
2026-09-13 08:28:25,282 [INFO] Token alindi: eyJzaWQiOiI2YzQ4NTVj...
2026-09-13 08:28:25,282 [INFO] [Zero 5] Baglanti testi...
2026-09-13 08:28:25,389 [WARNING] Sayfa 1: HTTP 429
2026-09-13 08:28:25,389 [INFO] 60sn bekleniyor...
2026-09-13 08:29:25,502 [INFO] Token yenilendi: eyJzaWQiOiI2YzQ4NTVj...
2026-09-13 08:29:25,625 [WARNING] Sayfa 1: HTTP 429
2026-09-13 08:29:25,625 [INFO] 120sn bekleniyor...
2026-09-13 08:31:25,749 [INFO] Token yenilendi: eyJzaWQiOiI2YzQ4NTVj...
2026-09-13 08:31:25,867 [WARNING] Sayfa 1: HTTP 429
2026-09-13 08:31:25,867 [WARNING] Site engelliyor — run atlaniyor
2026-09-13 08:34:24,814 [INFO] ============================================================
2026-09-13 08:34:24,815 [INFO] MSGKO Scraper v4 — 2026-09-13 08:34:24
2026-09-13 08:34:24,815 [INFO] Kanal [2]: Zero 5 (serverType=8) — DESC (pahalı→ucuz)
2026-09-13 08:34:25,279 [INFO] Token alindi: eyJzaWQiOiJkMTMyZGUw...
2026-09-13 08:34:25,279 [INFO] [Zero 5] Baglanti testi...
2026-09-13 08:34:25,411 [WARNING] Sayfa 1: HTTP 429
2026-09-13 08:34:25,411 [INFO] 60sn bekleniyor...
2026-09-13 08:35:26,097 [INFO] Token yenilendi: eyJzaWQiOiJkMTMyZGUw...
2026-09-13 08:35:26,222 [WARNING] Sayfa 1: HTTP 429
2026-09-13 08:35:26,222 [INFO] 120sn bekleniyor...
2026-09-13 08:37:26,351 [INFO] Token yenilendi: eyJzaWQiOiJkMTMyZGUw...
2026-09-13 08:37:26,468 [WARNING] Sayfa 1: HTTP 429
2026-09-13 08:37:26,468 [WARNING] Site engelliyor — run atlaniyor
2026-09-13 08:40:24,815 [INFO] ============================================================
2026-09-13 08:40:24,815 [INFO] MSGKO Scraper v4 — 2026-09-13 08:40:24
2026-09-13 08:40:24,815 [INFO] Kanal [3]: Zero 8 (serverType=15) — ASC (ucuz→pahalı)
2026-09-13 08:40:25,288 [INFO] Token alindi: eyJzaWQiOiIyY2IzNWFh...
2026-09-13 08:40:25,288 [INFO] [Zero 8] Baglanti testi...
2026-09-13 08:40:25,444 [WARNING] Sayfa 1: HTTP 429
2026-09-13 08:40:25,444 [INFO] 60sn bekleniyor...
2026-09-13 08:41:26,476 [INFO] Token yenilendi: eyJzaWQiOiIyY2IzNWFh...
2026-09-13 08:41:26,602 [WARNING] Sayfa 1: HTTP 429
2026-09-13 08:41:26,602 [INFO] 120sn bekleniyor...
2026-09-13 08:43:26,731 [INFO] Token yenilendi: eyJzaWQiOiIyY2IzNWFh...
2026-09-13 08:43:26,849 [WARNING] Sayfa 1: HTTP 429
2026-09-13 08:43:26,849 [WARNING] Site engelliyor — run atlaniyor
2026-09-13 08:46:24,812 [INFO] ============================================================
2026-09-13 08:46:24,812 [INFO] MSGKO Scraper v4 — 2026-09-13 08:46:24
2026-09-13 08:46:24,812 [INFO] Kanal [3]: Zero 8 (serverType=15) — DESC (pahalı→ucuz)
2026-09-13 08:46:25,296 [INFO] Token alindi: eyJzaWQiOiIxYWY5YjFl...
2026-09-13 08:46:25,297 [INFO] [Zero 8] Baglanti testi...
2026-09-13 08:46:25,426 [WARNING] Sayfa 1: HTTP 429
2026-09-13 08:46:25,426 [INFO] 60sn bekleniyor...
2026-09-13 08:47:25,598 [INFO] Token yenilendi: eyJzaWQiOiIxYWY5YjFl...
2026-09-13 08:47:25,707 [WARNING] Sayfa 1: HTTP 429
2026-09-13 08:47:25,707 [INFO] 120sn bekleniyor...
2026-09-13 08:49:26,231 [INFO] Token yenilendi: eyJzaWQiOiIxYWY5YjFl...
2026-09-13 08:49:26,342 [WARNING] Sayfa 1: HTTP 429
2026-09-13 08:49:26,342 [WARNING] Site engelliyor — run atlaniyor
2026-09-13 08:52:24,823 [INFO] ============================================================
2026-09-13 08:52:24,823 [INFO] MSGKO Scraper v4 — 2026-09-13 08:52:24
2026-09-13 08:52:24,823 [INFO] Kanal [4]: Agartha 3 (serverType=1) — ASC (ucuz→pahalı)
2026-09-13 08:52:25,370 [INFO] Token alindi: eyJzaWQiOiIxYjZlMzc3...
2026-09-13 08:52:25,371 [INFO] [Agartha 3] Baglanti testi...
2026-09-13 08:52:25,753 [INFO] Baglanti OK!
2026-09-13 08:52:25,753 [INFO] [Agartha 3] ASC (ucuz→pahalı)
2026-09-13 08:52:25,830 [INFO]   [Agartha 3] ASC (ucuz→pahalı) p  1: 192 ilan (toplam=  192, 1s)
2026-09-13 08:52:26,579 [INFO]   [Agartha 3] ASC (ucuz→pahalı) p  2: 192 ilan (toplam=  384, 1s)
2026-09-13 08:52:28,249 [INFO]   [Agartha 3] ASC (ucuz→pahalı) p  3: 192 ilan (toplam=  576, 3s)
2026-09-13 08:52:29,033 [INFO]   [Agartha 3] ASC (ucuz→pahalı) p  4: 192 ilan (toplam=  768, 4s)
2026-09-13 08:52:30,763 [INFO]   [Agartha 3] ASC (ucuz→pahalı) p  5: 192 ilan (toplam=  960, 5s)
2026-09-13 08:52:31,526 [INFO]   [Agartha 3] ASC (ucuz→pahalı) p  6: 192 ilan (toplam= 1152, 6s)
2026-09-13 08:52:33,196 [INFO]   [Agartha 3] ASC (ucuz→pahalı) p  7: 192 ilan (toplam= 1344, 8s)
2026-09-13 08:52:33,965 [INFO]   [Agartha 3] ASC (ucuz→pahalı) p  8: 192 ilan (toplam= 1536, 9s)
2026-09-13 08:52:34,736 [INFO]   [Agartha 3] ASC (ucuz→pahalı) p  9: 192 ilan (toplam= 1728, 9s)
2026-09-13 08:52:35,505 [INFO]   [Agartha 3] ASC (ucuz→pahalı) p 10: 192 ilan (toplam= 1920, 10s)
2026-09-13 08:52:36,761 [INFO]   [Agartha 3] ASC (ucuz→pahalı) p 11: 192 ilan (toplam= 2112, 11s)
2026-09-13 08:52:38,461 [INFO]   [Agartha 3] ASC (ucuz→pahalı) p 12: 192 ilan (toplam= 2304, 13s)
2026-09-13 08:52:39,204 [INFO]   [Agartha 3] ASC (ucuz→pahalı) p 13: 192 ilan (toplam= 2496, 14s)
2026-09-13 08:52:39,953 [INFO]   [Agartha 3] ASC (ucuz→pahalı) p 14: 192 ilan (toplam= 2688, 15s)
2026-09-13 08:52:41,195 [INFO]   [Agartha 3] ASC (ucuz→pahalı) p 15: 192 ilan (toplam= 2880, 16s)
2026-09-13 08:52:42,487 [INFO]   [Agartha 3] ASC (ucuz→pahalı) p 16: 192 ilan (toplam= 3072, 17s)
2026-09-13 08:52:44,201 [INFO]   [Agartha 3] ASC (ucuz→pahalı) p 17: 192 ilan (toplam= 3264, 19s)
2026-09-13 08:52:45,848 [INFO]   [Agartha 3] ASC (ucuz→pahalı) p 18: 192 ilan (toplam= 3456, 21s)
2026-09-13 08:52:47,425 [INFO]   [Agartha 3] ASC (ucuz→pahalı) p 19: 192 ilan (toplam= 3648, 22s)
2026-09-13 08:52:48,566 [INFO]   [Agartha 3] ASC (ucuz→pahalı) p 20: 192 ilan (toplam= 3840, 23s)
2026-09-13 08:52:50,440 [INFO]   [Agartha 3] ASC (ucuz→pahalı) p 21: 192 ilan (toplam= 4032, 25s)
2026-09-13 08:52:51,192 [INFO]   [Agartha 3] ASC (ucuz→pahalı) p 22: 192 ilan (toplam= 4224, 26s)
2026-09-13 08:52:51,948 [INFO]   [Agartha 3] ASC (ucuz→pahalı) p 23: 192 ilan (toplam= 4416, 27s)
2026-09-13 08:52:52,730 [INFO]   [Agartha 3] ASC (ucuz→pahalı) p 24: 192 ilan (toplam= 4608, 27s)
2026-09-13 08:52:53,470 [INFO]   [Agartha 3] ASC (ucuz→pahalı) p 25: 192 ilan (toplam= 4800, 28s)
2026-09-13 08:52:54,735 [INFO]   [Agartha 3] ASC (ucuz→pahalı) p 26: 192 ilan (toplam= 4992, 29s)
2026-09-13 08:52:56,554 [INFO]   [Agartha 3] ASC (ucuz→pahalı) p 27: 192 ilan (toplam= 5184, 31s)
2026-09-13 08:52:57,324 [INFO]   [Agartha 3] ASC (ucuz→pahalı) p 28: 192 ilan (toplam= 5376, 32s)
2026-09-13 08:52:58,781 [INFO]   [Agartha 3] ASC (ucuz→pahalı) p 29: 192 ilan (toplam= 5568, 33s)
2026-09-13 08:52:59,564 [INFO]   [Agartha 3] ASC (ucuz→pahalı) p 30: 192 ilan (toplam= 5760, 34s)
2026-09-13 08:53:00,189 [WARNING]   [Agartha 3] ASC (ucuz→pahalı) p31 → 429, 60sn bekle
2026-09-13 08:54:00,322 [INFO] Token yenilendi: eyJzaWQiOiIxYjZlMzc3...
2026-09-13 08:54:01,503 [WARNING]   [Agartha 3] p31 → 429 — 60sn bekleniyor
2026-09-13 08:55:01,608 [INFO] Token yenilendi: eyJzaWQiOiIxYjZlMzc3...
2026-09-13 08:55:01,726 [WARNING]   [Agartha 3] p31 → 429 — 120sn bekleniyor
2026-09-13 08:57:02,151 [INFO] Token yenilendi: eyJzaWQiOiIxYjZlMzc3...
2026-09-13 08:57:02,255 [WARNING]   [Agartha 3] p31 → 429 — 180sn bekleniyor
2026-09-13 09:00:02,432 [INFO] Token yenilendi: eyJzaWQiOiIxYjZlMzc3...
2026-09-13 09:00:02,432 [WARNING]   [Agartha 3] ASC (ucuz→pahalı) sayfa 31 alinamadi — bitti
2026-09-13 09:00:02,432 [INFO]   [Agartha 3] ASC (ucuz→pahalı) bitti: 5760 ilan
2026-09-13 09:00:02,432 [INFO] [Agartha 3] TOPLAM: 5760 ilan
2026-09-13 09:00:16,263 [INFO] [agartha3] 5760 ilan yazildi (13552ms)
2026-09-13 09:00:16,263 [INFO] Tamamlandi — 471sn
2026-09-13 09:00:16,263 [INFO] ============================================================
2026-09-13 09:01:24,818 [INFO] ============================================================
2026-09-13 09:01:24,818 [INFO] MSGKO Scraper v4 — 2026-09-13 09:01:24
2026-09-13 09:01:24,818 [INFO] Kanal [4]: Agartha 3 (serverType=1) — DESC (pahalı→ucuz)
2026-09-13 09:01:25,290 [INFO] Token alindi: eyJzaWQiOiJhZWY2NTE0...
2026-09-13 09:01:25,290 [INFO] [Agartha 3] Baglanti testi...
2026-09-13 09:01:25,413 [WARNING] Sayfa 1: HTTP 429
2026-09-13 09:01:25,413 [INFO] 60sn bekleniyor...
2026-09-13 09:02:25,525 [INFO] Token yenilendi: eyJzaWQiOiJhZWY2NTE0...
2026-09-13 09:02:25,637 [WARNING] Sayfa 1: HTTP 429
2026-09-13 09:02:25,637 [INFO] 120sn bekleniyor...
2026-09-13 09:04:26,101 [INFO] Token yenilendi: eyJzaWQiOiJhZWY2NTE0...
2026-09-13 09:04:26,232 [WARNING] Sayfa 1: HTTP 429
2026-09-13 09:04:26,232 [WARNING] Site engelliyor — run atlaniyor
2026-09-13 09:07:24,821 [INFO] ============================================================
2026-09-13 09:07:24,821 [INFO] MSGKO Scraper v4 — 2026-09-13 09:07:24
2026-09-13 09:07:24,822 [INFO] Kanal [5]: Agartha 4 (serverType=12) — ASC (ucuz→pahalı)
2026-09-13 09:07:25,833 [INFO] Token alindi: eyJzaWQiOiI5NjNkZGFh...
2026-09-13 09:07:25,833 [INFO] [Agartha 4] Baglanti testi...
2026-09-13 09:07:25,969 [WARNING] Sayfa 1: HTTP 429
2026-09-13 09:07:25,969 [INFO] 60sn bekleniyor...
2026-09-13 09:08:26,097 [INFO] Token yenilendi: eyJzaWQiOiI5NjNkZGFh...
2026-09-13 09:08:26,243 [WARNING] Sayfa 1: HTTP 429
2026-09-13 09:08:26,243 [INFO] 120sn bekleniyor...
2026-09-13 09:10:26,373 [INFO] Token yenilendi: eyJzaWQiOiI5NjNkZGFh...
2026-09-13 09:10:26,508 [WARNING] Sayfa 1: HTTP 429
2026-09-13 09:10:26,508 [WARNING] Site engelliyor — run atlaniyor
2026-09-13 09:13:24,818 [INFO] ============================================================
2026-09-13 09:13:24,818 [INFO] MSGKO Scraper v4 — 2026-09-13 09:13:24
2026-09-13 09:13:24,818 [INFO] Kanal [5]: Agartha 4 (serverType=12) — DESC (pahalı→ucuz)
2026-09-13 09:13:25,259 [INFO] Token alindi: eyJzaWQiOiIwMTRhYTE2...
2026-09-13 09:13:25,259 [INFO] [Agartha 4] Baglanti testi...
2026-09-13 09:13:25,371 [WARNING] Sayfa 1: HTTP 429
2026-09-13 09:13:25,371 [INFO] 60sn bekleniyor...
2026-09-13 09:14:25,497 [INFO] Token yenilendi: eyJzaWQiOiIwMTRhYTE2...
2026-09-13 09:14:25,619 [WARNING] Sayfa 1: HTTP 429
2026-09-13 09:14:25,619 [INFO] 120sn bekleniyor...
2026-09-13 09:16:25,741 [INFO] Token yenilendi: eyJzaWQiOiIwMTRhYTE2...
2026-09-13 09:16:25,845 [WARNING] Sayfa 1: HTTP 429
2026-09-13 09:16:25,845 [WARNING] Site engelliyor — run atlaniyor
2026-09-13 09:19:24,821 [INFO] ============================================================
2026-09-13 09:19:24,821 [INFO] MSGKO Scraper v4 — 2026-09-13 09:19:24
2026-09-13 09:19:24,822 [INFO] Kanal [6]: Pandora 3 (serverType=2) — ASC (ucuz→pahalı)
2026-09-13 09:19:25,281 [INFO] Token alindi: eyJzaWQiOiI1Y2JmYjk0...
2026-09-13 09:19:25,281 [INFO] [Pandora 3] Baglanti testi...
2026-09-13 09:19:25,393 [WARNING] Sayfa 1: HTTP 429
2026-09-13 09:19:25,393 [INFO] 60sn bekleniyor...
2026-09-13 09:20:25,847 [INFO] Token yenilendi: eyJzaWQiOiI1Y2JmYjk0...
2026-09-13 09:20:25,950 [WARNING] Sayfa 1: HTTP 429
2026-09-13 09:20:25,950 [INFO] 120sn bekleniyor...
2026-09-13 09:22:26,067 [INFO] Token yenilendi: eyJzaWQiOiI1Y2JmYjk0...
2026-09-13 09:22:26,168 [WARNING] Sayfa 1: HTTP 429
2026-09-13 09:22:26,169 [WARNING] Site engelliyor — run atlaniyor
2026-09-13 09:25:24,824 [INFO] ============================================================
2026-09-13 09:25:24,824 [INFO] MSGKO Scraper v4 — 2026-09-13 09:25:24
2026-09-13 09:25:24,824 [INFO] Kanal [6]: Pandora 3 (serverType=2) — DESC (pahalı→ucuz)
2026-09-13 09:25:25,306 [INFO] Token alindi: eyJzaWQiOiI2OTJkMWFl...
2026-09-13 09:25:25,306 [INFO] [Pandora 3] Baglanti testi...
2026-09-13 09:25:25,530 [INFO] Baglanti OK!
2026-09-13 09:25:25,530 [INFO] [Pandora 3] DESC (pahalı→ucuz)
2026-09-13 09:25:26,448 [INFO]   [Pandora 3] DESC (pahalı→ucuz) p  1: 192 ilan (toplam=  192, 1s)
2026-09-13 09:25:28,191 [INFO]   [Pandora 3] DESC (pahalı→ucuz) p  2: 192 ilan (toplam=  384, 3s)
2026-09-13 09:25:28,970 [INFO]   [Pandora 3] DESC (pahalı→ucuz) p  3: 192 ilan (toplam=  576, 4s)
2026-09-13 09:25:29,728 [INFO]   [Pandora 3] DESC (pahalı→ucuz) p  4: 192 ilan (toplam=  768, 4s)
2026-09-13 09:25:30,538 [INFO]   [Pandora 3] DESC (pahalı→ucuz) p  5: 192 ilan (toplam=  960, 5s)
2026-09-13 09:25:31,287 [INFO]   [Pandora 3] DESC (pahalı→ucuz) p  6: 192 ilan (toplam= 1152, 6s)
2026-09-13 09:25:32,924 [INFO]   [Pandora 3] DESC (pahalı→ucuz) p  7: 192 ilan (toplam= 1344, 8s)
2026-09-13 09:25:34,689 [INFO]   [Pandora 3] DESC (pahalı→ucuz) p  8: 192 ilan (toplam= 1536, 9s)
2026-09-13 09:25:35,513 [INFO]   [Pandora 3] DESC (pahalı→ucuz) p  9: 192 ilan (toplam= 1728, 10s)
2026-09-13 09:25:36,281 [INFO]   [Pandora 3] DESC (pahalı→ucuz) p 10: 192 ilan (toplam= 1920, 11s)
2026-09-13 09:25:37,054 [INFO]   [Pandora 3] DESC (pahalı→ucuz) p 11: 192 ilan (toplam= 2112, 12s)
2026-09-13 09:25:38,687 [INFO]   [Pandora 3] DESC (pahalı→ucuz) p 12: 192 ilan (toplam= 2304, 13s)
2026-09-13 09:25:39,445 [INFO]   [Pandora 3] DESC (pahalı→ucuz) p 13: 192 ilan (toplam= 2496, 14s)
2026-09-13 09:25:41,183 [INFO]   [Pandora 3] DESC (pahalı→ucuz) p 14: 192 ilan (toplam= 2688, 16s)
2026-09-13 09:25:42,048 [INFO]   [Pandora 3] DESC (pahalı→ucuz) p 15: 192 ilan (toplam= 2880, 17s)
2026-09-13 09:25:43,548 [INFO]   [Pandora 3] DESC (pahalı→ucuz) p 16: 192 ilan (toplam= 3072, 18s)
2026-09-13 09:25:45,319 [INFO]   [Pandora 3] DESC (pahalı→ucuz) p 17: 192 ilan (toplam= 3264, 20s)
2026-09-13 09:25:46,741 [INFO]   [Pandora 3] DESC (pahalı→ucuz) p 18: 192 ilan (toplam= 3456, 21s)
2026-09-13 09:25:47,575 [INFO]   [Pandora 3] DESC (pahalı→ucuz) p 19: 192 ilan (toplam= 3648, 22s)
2026-09-13 09:25:48,353 [INFO]   [Pandora 3] DESC (pahalı→ucuz) p 20: 192 ilan (toplam= 3840, 23s)
2026-09-13 09:25:49,137 [INFO]   [Pandora 3] DESC (pahalı→ucuz) p 21: 192 ilan (toplam= 4032, 24s)
2026-09-13 09:25:50,917 [INFO]   [Pandora 3] DESC (pahalı→ucuz) p 22: 192 ilan (toplam= 4224, 26s)
2026-09-13 09:25:52,695 [INFO]   [Pandora 3] DESC (pahalı→ucuz) p 23: 192 ilan (toplam= 4416, 27s)
2026-09-13 09:25:53,502 [INFO]   [Pandora 3] DESC (pahalı→ucuz) p 24: 192 ilan (toplam= 4608, 28s)
2026-09-13 09:25:55,301 [INFO]   [Pandora 3] DESC (pahalı→ucuz) p 25: 192 ilan (toplam= 4800, 30s)
2026-09-13 09:25:56,798 [INFO]   [Pandora 3] DESC (pahalı→ucuz) p 26: 192 ilan (toplam= 4992, 31s)
2026-09-13 09:25:58,661 [INFO]   [Pandora 3] DESC (pahalı→ucuz) p 27: 192 ilan (toplam= 5184, 33s)
2026-09-13 09:26:00,359 [INFO]   [Pandora 3] DESC (pahalı→ucuz) p 28: 192 ilan (toplam= 5376, 35s)
2026-09-13 09:26:01,140 [INFO]   [Pandora 3] DESC (pahalı→ucuz) p 29: 192 ilan (toplam= 5568, 36s)
2026-09-13 09:26:01,773 [WARNING]   [Pandora 3] DESC (pahalı→ucuz) p30 → 429, 60sn bekle
2026-09-13 09:27:02,715 [INFO] Token yenilendi: eyJzaWQiOiI2OTJkMWFl...
2026-09-13 09:27:02,841 [WARNING]   [Pandora 3] p30 → 429 — 60sn bekleniyor
2026-09-13 09:28:02,952 [INFO] Token yenilendi: eyJzaWQiOiI2OTJkMWFl...
2026-09-13 09:28:04,065 [WARNING]   [Pandora 3] p30 → 429 — 120sn bekleniyor
2026-09-13 09:30:04,193 [INFO] Token yenilendi: eyJzaWQiOiI2OTJkMWFl...
2026-09-13 09:30:04,320 [WARNING]   [Pandora 3] p30 → 429 — 180sn bekleniyor
2026-09-13 09:33:04,451 [INFO] Token yenilendi: eyJzaWQiOiI2OTJkMWFl...
2026-09-13 09:33:04,451 [WARNING]   [Pandora 3] DESC (pahalı→ucuz) sayfa 30 alinamadi — bitti
2026-09-13 09:33:04,451 [INFO]   [Pandora 3] DESC (pahalı→ucuz) bitti: 5568 ilan
2026-09-13 09:33:04,451 [INFO] [Pandora 3] TOPLAM: 5568 ilan
2026-09-13 09:33:15,638 [INFO] [pandora3] 5568 ilan yazildi (10900ms)
2026-09-13 09:33:15,638 [INFO] Tamamlandi — 470sn
2026-09-13 09:33:15,638 [INFO] ============================================================
2026-09-13 09:34:24,825 [INFO] ============================================================
2026-09-13 09:34:24,825 [INFO] MSGKO Scraper v4 — 2026-09-13 09:34:24
2026-09-13 09:34:24,825 [INFO] Kanal [7]: Pandora 4 (serverType=11) — ASC (ucuz→pahalı)
2026-09-13 09:34:25,258 [INFO] Token alindi: eyJzaWQiOiJjNjE3OGU0...
2026-09-13 09:34:25,258 [INFO] [Pandora 4] Baglanti testi...
2026-09-13 09:34:26,405 [WARNING] Sayfa 1: HTTP 429
2026-09-13 09:34:26,405 [INFO] 60sn bekleniyor...
2026-09-13 09:35:26,520 [INFO] Token yenilendi: eyJzaWQiOiJjNjE3OGU0...
2026-09-13 09:35:26,635 [WARNING] Sayfa 1: HTTP 429
2026-09-13 09:35:26,635 [INFO] 120sn bekleniyor...
2026-09-13 09:37:26,758 [INFO] Token yenilendi: eyJzaWQiOiJjNjE3OGU0...
2026-09-13 09:37:26,894 [WARNING] Sayfa 1: HTTP 429
2026-09-13 09:37:26,894 [WARNING] Site engelliyor — run atlaniyor
2026-09-13 09:40:24,825 [INFO] ============================================================
2026-09-13 09:40:24,825 [INFO] MSGKO Scraper v4 — 2026-09-13 09:40:24
2026-09-13 09:40:24,826 [INFO] Kanal [7]: Pandora 4 (serverType=11) — DESC (pahalı→ucuz)
2026-09-13 09:40:26,331 [INFO] Token alindi: eyJzaWQiOiJlNTM0NTg0...
2026-09-13 09:40:26,332 [INFO] [Pandora 4] Baglanti testi...
2026-09-13 09:40:26,465 [WARNING] Sayfa 1: HTTP 429
2026-09-13 09:40:26,465 [INFO] 60sn bekleniyor...
2026-09-13 09:41:26,595 [INFO] Token yenilendi: eyJzaWQiOiJlNTM0NTg0...
2026-09-13 09:41:26,729 [WARNING] Sayfa 1: HTTP 429
2026-09-13 09:41:26,729 [INFO] 120sn bekleniyor...
2026-09-13 09:43:26,853 [INFO] Token yenilendi: eyJzaWQiOiJlNTM0NTg0...
2026-09-13 09:43:26,975 [WARNING] Sayfa 1: HTTP 429
2026-09-13 09:43:26,976 [WARNING] Site engelliyor — run atlaniyor
2026-09-13 09:46:24,828 [INFO] ============================================================
2026-09-13 09:46:24,828 [INFO] MSGKO Scraper v4 — 2026-09-13 09:46:24
2026-09-13 09:46:24,828 [INFO] Kanal [8]: Destan 2 (serverType=4) — ASC (ucuz→pahalı)
2026-09-13 09:46:25,306 [INFO] Token alindi: eyJzaWQiOiI0NWQwZTZh...
2026-09-13 09:46:25,306 [INFO] [Destan 2] Baglanti testi...
2026-09-13 09:46:25,426 [WARNING] Sayfa 1: HTTP 429
2026-09-13 09:46:25,427 [INFO] 60sn bekleniyor...
2026-09-13 09:47:25,571 [INFO] Token yenilendi: eyJzaWQiOiI0NWQwZTZh...
2026-09-13 09:47:25,702 [WARNING] Sayfa 1: HTTP 429
2026-09-13 09:47:25,703 [INFO] 120sn bekleniyor...
2026-09-13 09:49:26,471 [INFO] Token yenilendi: eyJzaWQiOiI0NWQwZTZh...
2026-09-13 09:49:26,582 [WARNING] Sayfa 1: HTTP 429
2026-09-13 09:49:26,582 [WARNING] Site engelliyor — run atlaniyor
2026-09-13 09:52:24,836 [INFO] ============================================================
2026-09-13 09:52:24,836 [INFO] MSGKO Scraper v4 — 2026-09-13 09:52:24
2026-09-13 09:52:24,837 [INFO] Kanal [8]: Destan 2 (serverType=4) — DESC (pahalı→ucuz)
2026-09-13 09:52:25,290 [INFO] Token alindi: eyJzaWQiOiJmYTRhODgz...
2026-09-13 09:52:25,291 [INFO] [Destan 2] Baglanti testi...
2026-09-13 09:52:25,406 [WARNING] Sayfa 1: HTTP 429
2026-09-13 09:52:25,406 [INFO] 60sn bekleniyor...
2026-09-13 09:53:25,528 [INFO] Token yenilendi: eyJzaWQiOiJmYTRhODgz...
2026-09-13 09:53:25,644 [WARNING] Sayfa 1: HTTP 429
2026-09-13 09:53:25,644 [INFO] 120sn bekleniyor...
2026-09-13 09:55:26,447 [INFO] Token yenilendi: eyJzaWQiOiJmYTRhODgz...
2026-09-13 09:55:26,562 [WARNING] Sayfa 1: HTTP 429
2026-09-13 09:55:26,562 [WARNING] Site engelliyor — run atlaniyor
2026-09-13 09:58:24,830 [INFO] ============================================================
2026-09-13 09:58:24,830 [INFO] MSGKO Scraper v4 — 2026-09-13 09:58:24
2026-09-13 09:58:24,830 [INFO] Kanal [9]: Destan 3 (serverType=13) — ASC (ucuz→pahalı)
2026-09-13 09:58:26,094 [INFO] Token alindi: eyJzaWQiOiJhNjUwYmNi...
2026-09-13 09:58:26,094 [INFO] [Destan 3] Baglanti testi...
2026-09-13 09:58:26,437 [INFO] Baglanti OK!
2026-09-13 09:58:26,438 [INFO] [Destan 3] ASC (ucuz→pahalı)
2026-09-13 09:58:26,516 [INFO]   [Destan 3] ASC (ucuz→pahalı) p  1: 192 ilan (toplam=  192, 1s)
2026-09-13 09:58:27,274 [INFO]   [Destan 3] ASC (ucuz→pahalı) p  2: 192 ilan (toplam=  384, 2s)
2026-09-13 09:58:28,011 [INFO]   [Destan 3] ASC (ucuz→pahalı) p  3: 192 ilan (toplam=  576, 3s)
2026-09-13 09:58:29,727 [INFO]   [Destan 3] ASC (ucuz→pahalı) p  4: 192 ilan (toplam=  768, 4s)
2026-09-13 09:58:30,497 [INFO]   [Destan 3] ASC (ucuz→pahalı) p  5: 192 ilan (toplam=  960, 5s)
2026-09-13 09:58:31,272 [INFO]   [Destan 3] ASC (ucuz→pahalı) p  6: 192 ilan (toplam= 1152, 6s)
2026-09-13 09:58:32,526 [INFO]   [Destan 3] ASC (ucuz→pahalı) p  7: 192 ilan (toplam= 1344, 7s)
2026-09-13 09:58:33,828 [INFO]   [Destan 3] ASC (ucuz→pahalı) p  8: 192 ilan (toplam= 1536, 8s)
2026-09-13 09:58:35,272 [INFO]   [Destan 3] ASC (ucuz→pahalı) p  9: 192 ilan (toplam= 1728, 10s)
2026-09-13 09:58:36,038 [INFO]   [Destan 3] ASC (ucuz→pahalı) p 10: 192 ilan (toplam= 1920, 11s)
2026-09-13 09:58:37,277 [INFO]   [Destan 3] ASC (ucuz→pahalı) p 11: 192 ilan (toplam= 2112, 12s)
2026-09-13 09:58:38,823 [INFO]   [Destan 3] ASC (ucuz→pahalı) p 12: 192 ilan (toplam= 2304, 13s)
2026-09-13 09:58:39,562 [INFO]   [Destan 3] ASC (ucuz→pahalı) p 13: 192 ilan (toplam= 2496, 14s)
2026-09-13 09:58:40,300 [INFO]   [Destan 3] ASC (ucuz→pahalı) p 14: 192 ilan (toplam= 2688, 15s)
2026-09-13 09:58:42,071 [INFO]   [Destan 3] ASC (ucuz→pahalı) p 15: 192 ilan (toplam= 2880, 17s)
2026-09-13 09:58:42,861 [INFO]   [Destan 3] ASC (ucuz→pahalı) p 16: 192 ilan (toplam= 3072, 18s)
2026-09-13 09:58:43,588 [INFO]   [Destan 3] ASC (ucuz→pahalı) p 17: 192 ilan (toplam= 3264, 18s)
2026-09-13 09:58:44,338 [INFO]   [Destan 3] ASC (ucuz→pahalı) p 18: 192 ilan (toplam= 3456, 19s)
2026-09-13 09:58:46,091 [INFO]   [Destan 3] ASC (ucuz→pahalı) p 19: 192 ilan (toplam= 3648, 21s)
2026-09-13 09:58:46,823 [INFO]   [Destan 3] ASC (ucuz→pahalı) p 20: 192 ilan (toplam= 3840, 21s)
2026-09-13 09:58:47,570 [INFO]   [Destan 3] ASC (ucuz→pahalı) p 21: 192 ilan (toplam= 4032, 22s)
2026-09-13 09:58:48,296 [INFO]   [Destan 3] ASC (ucuz→pahalı) p 22: 192 ilan (toplam= 4224, 23s)
2026-09-13 09:58:49,036 [INFO]   [Destan 3] ASC (ucuz→pahalı) p 23: 192 ilan (toplam= 4416, 24s)
2026-09-13 09:58:49,884 [INFO]   [Destan 3] ASC (ucuz→pahalı) p 24: 192 ilan (toplam= 4608, 25s)
2026-09-13 09:58:51,370 [INFO]   [Destan 3] ASC (ucuz→pahalı) p 25: 192 ilan (toplam= 4800, 26s)
2026-09-13 09:58:52,091 [INFO]   [Destan 3] ASC (ucuz→pahalı) p 26: 192 ilan (toplam= 4992, 27s)
2026-09-13 09:58:52,825 [INFO]   [Destan 3] ASC (ucuz→pahalı) p 27: 192 ilan (toplam= 5184, 27s)
2026-09-13 09:58:53,604 [INFO]   [Destan 3] ASC (ucuz→pahalı) p 28: 192 ilan (toplam= 5376, 28s)
2026-09-13 09:58:54,332 [INFO]   [Destan 3] ASC (ucuz→pahalı) p 29: 192 ilan (toplam= 5568, 29s)
2026-09-13 09:58:55,053 [INFO]   [Destan 3] ASC (ucuz→pahalı) p 30: 192 ilan (toplam= 5760, 30s)
2026-09-13 09:58:55,673 [WARNING]   [Destan 3] ASC (ucuz→pahalı) p31 → 429, 60sn bekle
2026-09-13 09:59:55,790 [INFO] Token yenilendi: eyJzaWQiOiJhNjUwYmNi...
2026-09-13 09:59:55,922 [WARNING]   [Destan 3] p31 → 429 — 60sn bekleniyor
2026-09-13 10:00:56,047 [INFO] Token yenilendi: eyJzaWQiOiJhNjUwYmNi...
2026-09-13 10:00:56,153 [WARNING]   [Destan 3] p31 → 429 — 120sn bekleniyor
2026-09-13 10:02:56,283 [INFO] Token yenilendi: eyJzaWQiOiJhNjUwYmNi...
2026-09-13 10:02:56,392 [WARNING]   [Destan 3] p31 → 429 — 180sn bekleniyor
2026-09-13 10:05:57,034 [INFO] Token yenilendi: eyJzaWQiOiJhNjUwYmNi...
2026-09-13 10:05:57,035 [WARNING]   [Destan 3] ASC (ucuz→pahalı) sayfa 31 alinamadi — bitti
2026-09-13 10:05:57,035 [INFO]   [Destan 3] ASC (ucuz→pahalı) bitti: 5760 ilan
2026-09-13 10:05:57,035 [INFO] [Destan 3] TOPLAM: 5760 ilan
2026-09-13 10:06:07,205 [INFO] [destan3] 5760 ilan yazildi (9874ms)
2026-09-13 10:06:07,205 [INFO] Tamamlandi — 462sn
2026-09-13 10:06:07,205 [INFO] ============================================================
2026-09-13 10:07:24,852 [INFO] ============================================================
2026-09-13 10:07:24,852 [INFO] MSGKO Scraper v4 — 2026-09-13 10:07:24
2026-09-13 10:07:24,852 [INFO] Kanal [9]: Destan 3 (serverType=13) — DESC (pahalı→ucuz)
2026-09-13 10:07:25,375 [INFO] Token alindi: eyJzaWQiOiJhMTA5NDBk...
2026-09-13 10:07:25,375 [INFO] [Destan 3] Baglanti testi...
2026-09-13 10:07:25,495 [WARNING] Sayfa 1: HTTP 429
2026-09-13 10:07:25,495 [INFO] 60sn bekleniyor...
2026-09-13 10:08:25,636 [INFO] Token yenilendi: eyJzaWQiOiJhMTA5NDBk...
2026-09-13 10:08:25,743 [WARNING] Sayfa 1: HTTP 429
2026-09-13 10:08:25,743 [INFO] 120sn bekleniyor...
2026-09-13 10:10:25,883 [INFO] Token yenilendi: eyJzaWQiOiJhMTA5NDBk...
2026-09-13 10:10:25,990 [WARNING] Sayfa 1: HTTP 429
2026-09-13 10:10:25,990 [WARNING] Site engelliyor — run atlaniyor
2026-09-13 10:13:24,853 [INFO] ============================================================
2026-09-13 10:13:24,853 [INFO] MSGKO Scraper v4 — 2026-09-13 10:13:24
2026-09-13 10:13:24,853 [INFO] Kanal [0]: Zero 3 (serverType=0) — ASC (ucuz→pahalı)
2026-09-13 10:13:25,322 [INFO] Token alindi: eyJzaWQiOiJkYjVlMDY1...
2026-09-13 10:13:25,322 [INFO] [Zero 3] Baglanti testi...
2026-09-13 10:13:25,439 [WARNING] Sayfa 1: HTTP 429
2026-09-13 10:13:25,439 [INFO] 60sn bekleniyor...
2026-09-13 10:14:25,558 [INFO] Token yenilendi: eyJzaWQiOiJkYjVlMDY1...
2026-09-13 10:14:25,679 [WARNING] Sayfa 1: HTTP 429
2026-09-13 10:14:25,679 [INFO] 120sn bekleniyor...
2026-09-13 10:16:25,856 [INFO] Token yenilendi: eyJzaWQiOiJkYjVlMDY1...
2026-09-13 10:16:25,970 [WARNING] Sayfa 1: HTTP 429
2026-09-13 10:16:25,970 [WARNING] Site engelliyor — run atlaniyor
2026-09-13 10:19:24,846 [INFO] ============================================================
2026-09-13 10:19:24,846 [INFO] MSGKO Scraper v4 — 2026-09-13 10:19:24
2026-09-13 10:19:24,847 [INFO] Kanal [0]: Zero 3 (serverType=0) — DESC (pahalı→ucuz)
2026-09-13 10:19:25,356 [INFO] Token alindi: eyJzaWQiOiJlODdiOTZl...
2026-09-13 10:19:25,357 [INFO] [Zero 3] Baglanti testi...
2026-09-13 10:19:25,467 [WARNING] Sayfa 1: HTTP 429
2026-09-13 10:19:25,467 [INFO] 60sn bekleniyor...
2026-09-13 10:20:25,602 [INFO] Token yenilendi: eyJzaWQiOiJlODdiOTZl...
2026-09-13 10:20:25,715 [WARNING] Sayfa 1: HTTP 429
2026-09-13 10:20:25,715 [INFO] 120sn bekleniyor...
2026-09-13 10:22:25,843 [INFO] Token yenilendi: eyJzaWQiOiJlODdiOTZl...
2026-09-13 10:22:25,945 [WARNING] Sayfa 1: HTTP 429
2026-09-13 10:22:25,945 [WARNING] Site engelliyor — run atlaniyor
2026-09-13 10:25:24,848 [INFO] ============================================================
2026-09-13 10:25:24,848 [INFO] MSGKO Scraper v4 — 2026-09-13 10:25:24
2026-09-13 10:25:24,849 [INFO] Kanal [1]: Zero 4 (serverType=5) — ASC (ucuz→pahalı)
2026-09-13 10:25:25,444 [INFO] Token alindi: eyJzaWQiOiI4ZGM5YTA2...
2026-09-13 10:25:25,444 [INFO] [Zero 4] Baglanti testi...
2026-09-13 10:25:25,558 [WARNING] Sayfa 1: HTTP 429
2026-09-13 10:25:25,559 [INFO] 60sn bekleniyor...
2026-09-13 10:26:26,487 [INFO] Token yenilendi: eyJzaWQiOiI4ZGM5YTA2...
2026-09-13 10:26:26,596 [WARNING] Sayfa 1: HTTP 429
2026-09-13 10:26:26,596 [INFO] 120sn bekleniyor...
2026-09-13 10:28:26,718 [INFO] Token yenilendi: eyJzaWQiOiI4ZGM5YTA2...
2026-09-13 10:28:26,830 [WARNING] Sayfa 1: HTTP 429
2026-09-13 10:28:26,830 [WARNING] Site engelliyor — run atlaniyor
2026-09-13 10:31:24,846 [INFO] ============================================================
2026-09-13 10:31:24,846 [INFO] MSGKO Scraper v4 — 2026-09-13 10:31:24
2026-09-13 10:31:24,846 [INFO] Kanal [1]: Zero 4 (serverType=5) — DESC (pahalı→ucuz)
2026-09-13 10:31:26,083 [INFO] Token alindi: eyJzaWQiOiI3ZTk4MWI5...
2026-09-13 10:31:26,084 [INFO] [Zero 4] Baglanti testi...
2026-09-13 10:31:26,479 [INFO] Baglanti OK!
2026-09-13 10:31:26,479 [INFO] [Zero 4] DESC (pahalı→ucuz)
2026-09-13 10:31:28,402 [INFO]   [Zero 4] DESC (pahalı→ucuz) p  1: 192 ilan (toplam=  192, 3s)
2026-09-13 10:31:29,207 [INFO]   [Zero 4] DESC (pahalı→ucuz) p  2: 192 ilan (toplam=  384, 4s)
2026-09-13 10:31:29,950 [INFO]   [Zero 4] DESC (pahalı→ucuz) p  3: 192 ilan (toplam=  576, 5s)
2026-09-13 10:31:30,711 [INFO]   [Zero 4] DESC (pahalı→ucuz) p  4: 192 ilan (toplam=  768, 5s)
2026-09-13 10:31:31,496 [INFO]   [Zero 4] DESC (pahalı→ucuz) p  5: 192 ilan (toplam=  960, 6s)
2026-09-13 10:31:33,211 [INFO]   [Zero 4] DESC (pahalı→ucuz) p  6: 192 ilan (toplam= 1152, 8s)
2026-09-13 10:31:33,975 [INFO]   [Zero 4] DESC (pahalı→ucuz) p  7: 192 ilan (toplam= 1344, 9s)
2026-09-13 10:31:34,727 [INFO]   [Zero 4] DESC (pahalı→ucuz) p  8: 192 ilan (toplam= 1536, 9s)
2026-09-13 10:31:35,502 [INFO]   [Zero 4] DESC (pahalı→ucuz) p  9: 192 ilan (toplam= 1728, 10s)
2026-09-13 10:31:36,239 [INFO]   [Zero 4] DESC (pahalı→ucuz) p 10: 192 ilan (toplam= 1920, 11s)
2026-09-13 10:31:38,006 [INFO]   [Zero 4] DESC (pahalı→ucuz) p 11: 192 ilan (toplam= 2112, 13s)
2026-09-13 10:31:38,748 [INFO]   [Zero 4] DESC (pahalı→ucuz) p 12: 192 ilan (toplam= 2304, 13s)
2026-09-13 10:31:40,046 [INFO]   [Zero 4] DESC (pahalı→ucuz) p 13: 192 ilan (toplam= 2496, 15s)
2026-09-13 10:31:41,754 [INFO]   [Zero 4] DESC (pahalı→ucuz) p 14: 192 ilan (toplam= 2688, 16s)
2026-09-13 10:31:42,525 [INFO]   [Zero 4] DESC (pahalı→ucuz) p 15: 192 ilan (toplam= 2880, 17s)
2026-09-13 10:31:43,275 [INFO]   [Zero 4] DESC (pahalı→ucuz) p 16: 192 ilan (toplam= 3072, 18s)
2026-09-13 10:31:44,043 [INFO]   [Zero 4] DESC (pahalı→ucuz) p 17: 192 ilan (toplam= 3264, 19s)
2026-09-13 10:31:45,818 [INFO]   [Zero 4] DESC (pahalı→ucuz) p 18: 192 ilan (toplam= 3456, 20s)
2026-09-13 10:31:46,609 [INFO]   [Zero 4] DESC (pahalı→ucuz) p 19: 192 ilan (toplam= 3648, 21s)
2026-09-13 10:31:47,378 [INFO]   [Zero 4] DESC (pahalı→ucuz) p 20: 192 ilan (toplam= 3840, 22s)
2026-09-13 10:31:48,165 [INFO]   [Zero 4] DESC (pahalı→ucuz) p 21: 192 ilan (toplam= 4032, 23s)
2026-09-13 10:31:49,360 [INFO]   [Zero 4] DESC (pahalı→ucuz) p 22: 192 ilan (toplam= 4224, 24s)
2026-09-13 10:31:50,809 [INFO]   [Zero 4] DESC (pahalı→ucuz) p 23: 192 ilan (toplam= 4416, 25s)
2026-09-13 10:31:51,631 [INFO]   [Zero 4] DESC (pahalı→ucuz) p 24: 192 ilan (toplam= 4608, 26s)
2026-09-13 10:31:52,390 [INFO]   [Zero 4] DESC (pahalı→ucuz) p 25: 192 ilan (toplam= 4800, 27s)
2026-09-13 10:31:53,197 [INFO]   [Zero 4] DESC (pahalı→ucuz) p 26: 192 ilan (toplam= 4992, 28s)
2026-09-13 10:31:53,983 [INFO]   [Zero 4] DESC (pahalı→ucuz) p 27: 192 ilan (toplam= 5184, 29s)
2026-09-13 10:31:54,717 [INFO]   [Zero 4] DESC (pahalı→ucuz) p 28: 192 ilan (toplam= 5376, 29s)
2026-09-13 10:31:56,522 [INFO]   [Zero 4] DESC (pahalı→ucuz) p 29: 192 ilan (toplam= 5568, 31s)
2026-09-13 10:31:57,128 [WARNING]   [Zero 4] DESC (pahalı→ucuz) p30 → 429, 60sn bekle
2026-09-13 10:32:57,238 [INFO] Token yenilendi: eyJzaWQiOiI3ZTk4MWI5...
2026-09-13 10:32:57,333 [WARNING]   [Zero 4] p30 → 429 — 60sn bekleniyor
2026-09-13 10:33:57,439 [INFO] Token yenilendi: eyJzaWQiOiI3ZTk4MWI5...
2026-09-13 10:33:57,580 [WARNING]   [Zero 4] p30 → 429 — 120sn bekleniyor
2026-09-13 10:35:57,709 [INFO] Token yenilendi: eyJzaWQiOiI3ZTk4MWI5...
2026-09-13 10:35:57,835 [WARNING]   [Zero 4] p30 → 429 — 180sn bekleniyor
2026-09-13 10:38:58,025 [INFO] Token yenilendi: eyJzaWQiOiI3ZTk4MWI5...
2026-09-13 10:38:58,025 [WARNING]   [Zero 4] DESC (pahalı→ucuz) sayfa 30 alinamadi — bitti
2026-09-13 10:38:58,025 [INFO]   [Zero 4] DESC (pahalı→ucuz) bitti: 5568 ilan
2026-09-13 10:38:58,025 [INFO] [Zero 4] TOPLAM: 5568 ilan
2026-09-13 10:39:08,327 [INFO] [zero4] 5568 ilan yazildi (10026ms)
2026-09-13 10:39:08,327 [INFO] Tamamlandi — 463sn
2026-09-13 10:39:08,327 [INFO] ============================================================
2026-09-13 10:40:24,835 [INFO] ============================================================
2026-09-13 10:40:24,835 [INFO] MSGKO Scraper v4 — 2026-09-13 10:40:24
2026-09-13 10:40:24,836 [INFO] Kanal [2]: Zero 5 (serverType=8) — ASC (ucuz→pahalı)
2026-09-13 10:40:25,804 [INFO] Token alindi: eyJzaWQiOiJhODcxMjg1...
2026-09-13 10:40:25,804 [INFO] [Zero 5] Baglanti testi...
2026-09-13 10:40:25,925 [WARNING] Sayfa 1: HTTP 429
2026-09-13 10:40:25,925 [INFO] 60sn bekleniyor...
2026-09-13 10:41:26,030 [INFO] Token yenilendi: eyJzaWQiOiJhODcxMjg1...
2026-09-13 10:41:26,138 [WARNING] Sayfa 1: HTTP 429
2026-09-13 10:41:26,138 [INFO] 120sn bekleniyor...
2026-09-13 10:43:26,760 [INFO] Token yenilendi: eyJzaWQiOiJhODcxMjg1...
2026-09-13 10:43:26,912 [WARNING] Sayfa 1: HTTP 429
2026-09-13 10:43:26,912 [WARNING] Site engelliyor — run atlaniyor
2026-09-13 10:46:24,830 [INFO] ============================================================
2026-09-13 10:46:24,830 [INFO] MSGKO Scraper v4 — 2026-09-13 10:46:24
2026-09-13 10:46:24,830 [INFO] Kanal [2]: Zero 5 (serverType=8) — DESC (pahalı→ucuz)
2026-09-13 10:46:25,557 [INFO] Token alindi: eyJzaWQiOiI1Y2YxMmI1...
2026-09-13 10:46:25,557 [INFO] [Zero 5] Baglanti testi...
2026-09-13 10:46:25,681 [WARNING] Sayfa 1: HTTP 429
2026-09-13 10:46:25,681 [INFO] 60sn bekleniyor...
2026-09-13 10:47:26,422 [INFO] Token yenilendi: eyJzaWQiOiI1Y2YxMmI1...
2026-09-13 10:47:26,539 [WARNING] Sayfa 1: HTTP 429
2026-09-13 10:47:26,539 [INFO] 120sn bekleniyor...
2026-09-13 10:49:26,653 [INFO] Token yenilendi: eyJzaWQiOiI1Y2YxMmI1...
2026-09-13 10:49:26,774 [WARNING] Sayfa 1: HTTP 429
2026-09-13 10:49:26,774 [WARNING] Site engelliyor — run atlaniyor
2026-09-13 10:52:24,837 [INFO] ============================================================
2026-09-13 10:52:24,838 [INFO] MSGKO Scraper v4 — 2026-09-13 10:52:24
2026-09-13 10:52:24,838 [INFO] Kanal [3]: Zero 8 (serverType=15) — ASC (ucuz→pahalı)
2026-09-13 10:52:25,445 [INFO] Token alindi: eyJzaWQiOiI1MTkyZTEz...
2026-09-13 10:52:25,445 [INFO] [Zero 8] Baglanti testi...
2026-09-13 10:52:25,570 [WARNING] Sayfa 1: HTTP 429
2026-09-13 10:52:25,570 [INFO] 60sn bekleniyor...
2026-09-13 10:53:25,698 [INFO] Token yenilendi: eyJzaWQiOiI1MTkyZTEz...
2026-09-13 10:53:25,826 [WARNING] Sayfa 1: HTTP 429
2026-09-13 10:53:25,826 [INFO] 120sn bekleniyor...
2026-09-13 10:55:25,950 [INFO] Token yenilendi: eyJzaWQiOiI1MTkyZTEz...
2026-09-13 10:55:26,075 [WARNING] Sayfa 1: HTTP 429
2026-09-13 10:55:26,075 [WARNING] Site engelliyor — run atlaniyor
2026-09-13 10:58:24,870 [INFO] ============================================================
2026-09-13 10:58:24,870 [INFO] MSGKO Scraper v4 — 2026-09-13 10:58:24
2026-09-13 10:58:24,870 [INFO] Kanal [3]: Zero 8 (serverType=15) — DESC (pahalı→ucuz)
2026-09-13 10:58:25,317 [INFO] Token alindi: eyJzaWQiOiJkMzZhMGJh...
2026-09-13 10:58:25,318 [INFO] [Zero 8] Baglanti testi...
2026-09-13 10:58:25,433 [WARNING] Sayfa 1: HTTP 429
2026-09-13 10:58:25,433 [INFO] 60sn bekleniyor...
2026-09-13 10:59:25,555 [INFO] Token yenilendi: eyJzaWQiOiJkMzZhMGJh...
2026-09-13 10:59:25,670 [WARNING] Sayfa 1: HTTP 429
2026-09-13 10:59:25,670 [INFO] 120sn bekleniyor...
2026-09-13 11:01:25,784 [INFO] Token yenilendi: eyJzaWQiOiJkMzZhMGJh...
2026-09-13 11:01:25,890 [WARNING] Sayfa 1: HTTP 429
2026-09-13 11:01:25,890 [WARNING] Site engelliyor — run atlaniyor
2026-09-13 11:04:24,838 [INFO] ============================================================
2026-09-13 11:04:24,838 [INFO] MSGKO Scraper v4 — 2026-09-13 11:04:24
2026-09-13 11:04:24,838 [INFO] Kanal [4]: Agartha 3 (serverType=1) — ASC (ucuz→pahalı)
2026-09-13 11:04:25,299 [INFO] Token alindi: eyJzaWQiOiI2ZGI4ZGRh...
2026-09-13 11:04:25,299 [INFO] [Agartha 3] Baglanti testi...
2026-09-13 11:04:25,523 [INFO] Baglanti OK!
2026-09-13 11:04:25,523 [INFO] [Agartha 3] ASC (ucuz→pahalı)
2026-09-13 11:04:25,601 [INFO]   [Agartha 3] ASC (ucuz→pahalı) p  1: 192 ilan (toplam=  192, 0s)
2026-09-13 11:04:26,377 [INFO]   [Agartha 3] ASC (ucuz→pahalı) p  2: 192 ilan (toplam=  384, 1s)
2026-09-13 11:04:27,134 [INFO]   [Agartha 3] ASC (ucuz→pahalı) p  3: 192 ilan (toplam=  576, 2s)
2026-09-13 11:04:28,340 [INFO]   [Agartha 3] ASC (ucuz→pahalı) p  4: 192 ilan (toplam=  768, 3s)
2026-09-13 11:04:29,135 [INFO]   [Agartha 3] ASC (ucuz→pahalı) p  5: 192 ilan (toplam=  960, 4s)
2026-09-13 11:04:29,929 [INFO]   [Agartha 3] ASC (ucuz→pahalı) p  6: 192 ilan (toplam= 1152, 5s)
2026-09-13 11:04:30,727 [INFO]   [Agartha 3] ASC (ucuz→pahalı) p  7: 192 ilan (toplam= 1344, 5s)
2026-09-13 11:04:32,419 [INFO]   [Agartha 3] ASC (ucuz→pahalı) p  8: 192 ilan (toplam= 1536, 7s)
2026-09-13 11:04:34,021 [INFO]   [Agartha 3] ASC (ucuz→pahalı) p  9: 192 ilan (toplam= 1728, 9s)
2026-09-13 11:04:34,785 [INFO]   [Agartha 3] ASC (ucuz→pahalı) p 10: 192 ilan (toplam= 1920, 9s)
2026-09-13 11:04:36,548 [INFO]   [Agartha 3] ASC (ucuz→pahalı) p 11: 192 ilan (toplam= 2112, 11s)
2026-09-13 11:04:37,356 [INFO]   [Agartha 3] ASC (ucuz→pahalı) p 12: 192 ilan (toplam= 2304, 12s)
2026-09-13 11:04:38,142 [INFO]   [Agartha 3] ASC (ucuz→pahalı) p 13: 192 ilan (toplam= 2496, 13s)
2026-09-13 11:04:38,957 [INFO]   [Agartha 3] ASC (ucuz→pahalı) p 14: 192 ilan (toplam= 2688, 14s)
2026-09-13 11:04:39,753 [INFO]   [Agartha 3] ASC (ucuz→pahalı) p 15: 192 ilan (toplam= 2880, 14s)
2026-09-13 11:04:40,550 [INFO]   [Agartha 3] ASC (ucuz→pahalı) p 16: 192 ilan (toplam= 3072, 15s)
2026-09-13 11:04:42,200 [INFO]   [Agartha 3] ASC (ucuz→pahalı) p 17: 192 ilan (toplam= 3264, 17s)
2026-09-13 11:04:44,086 [INFO]   [Agartha 3] ASC (ucuz→pahalı) p 18: 192 ilan (toplam= 3456, 19s)
2026-09-13 11:04:44,838 [INFO]   [Agartha 3] ASC (ucuz→pahalı) p 19: 192 ilan (toplam= 3648, 19s)
2026-09-13 11:04:46,664 [INFO]   [Agartha 3] ASC (ucuz→pahalı) p 20: 192 ilan (toplam= 3840, 21s)
2026-09-13 11:04:47,453 [INFO]   [Agartha 3] ASC (ucuz→pahalı) p 21: 192 ilan (toplam= 4032, 22s)
2026-09-13 11:04:48,212 [INFO]   [Agartha 3] ASC (ucuz→pahalı) p 22: 192 ilan (toplam= 4224, 23s)
2026-09-13 11:04:49,475 [INFO]   [Agartha 3] ASC (ucuz→pahalı) p 23: 192 ilan (toplam= 4416, 24s)
2026-09-13 11:04:51,230 [INFO]   [Agartha 3] ASC (ucuz→pahalı) p 24: 192 ilan (toplam= 4608, 26s)
2026-09-13 11:04:51,967 [INFO]   [Agartha 3] ASC (ucuz→pahalı) p 25: 192 ilan (toplam= 4800, 27s)
2026-09-13 11:04:53,144 [INFO]   [Agartha 3] ASC (ucuz→pahalı) p 26: 192 ilan (toplam= 4992, 28s)
2026-09-13 11:04:53,934 [INFO]   [Agartha 3] ASC (ucuz→pahalı) p 27: 192 ilan (toplam= 5184, 29s)
2026-09-13 11:04:55,165 [INFO]   [Agartha 3] ASC (ucuz→pahalı) p 28: 192 ilan (toplam= 5376, 30s)
2026-09-13 11:04:56,899 [INFO]   [Agartha 3] ASC (ucuz→pahalı) p 29: 192 ilan (toplam= 5568, 32s)
2026-09-13 11:04:57,679 [INFO]   [Agartha 3] ASC (ucuz→pahalı) p 30: 192 ilan (toplam= 5760, 32s)
2026-09-13 11:04:58,301 [WARNING]   [Agartha 3] ASC (ucuz→pahalı) p31 → 429, 60sn bekle
2026-09-13 11:05:58,423 [INFO] Token yenilendi: eyJzaWQiOiI2ZGI4ZGRh...
2026-09-13 11:05:58,530 [WARNING]   [Agartha 3] p31 → 429 — 60sn bekleniyor
2026-09-13 11:06:59,483 [INFO] Token yenilendi: eyJzaWQiOiI2ZGI4ZGRh...
2026-09-13 11:06:59,595 [WARNING]   [Agartha 3] p31 → 429 — 120sn bekleniyor
2026-09-13 11:08:59,990 [INFO] Token yenilendi: eyJzaWQiOiI2ZGI4ZGRh...
2026-09-13 11:09:00,103 [WARNING]   [Agartha 3] p31 → 429 — 180sn bekleniyor
2026-09-13 11:12:00,236 [INFO] Token yenilendi: eyJzaWQiOiI2ZGI4ZGRh...
2026-09-13 11:12:00,236 [WARNING]   [Agartha 3] ASC (ucuz→pahalı) sayfa 31 alinamadi — bitti
2026-09-13 11:12:00,236 [INFO]   [Agartha 3] ASC (ucuz→pahalı) bitti: 5760 ilan
2026-09-13 11:12:00,236 [INFO] [Agartha 3] TOPLAM: 5760 ilan
2026-09-13 11:12:10,156 [INFO] [agartha3] 5760 ilan yazildi (9630ms)
2026-09-13 11:12:10,156 [INFO] Tamamlandi — 465sn
2026-09-13 11:12:10,156 [INFO] ============================================================
2026-09-13 11:13:24,837 [INFO] ============================================================
2026-09-13 11:13:24,837 [INFO] MSGKO Scraper v4 — 2026-09-13 11:13:24
2026-09-13 11:13:24,838 [INFO] Kanal [4]: Agartha 3 (serverType=1) — DESC (pahalı→ucuz)
2026-09-13 11:13:25,299 [INFO] Token alindi: eyJzaWQiOiJhODMxZWU1...
2026-09-13 11:13:25,300 [INFO] [Agartha 3] Baglanti testi...
2026-09-13 11:13:25,411 [WARNING] Sayfa 1: HTTP 429
2026-09-13 11:13:25,411 [INFO] 60sn bekleniyor...
2026-09-13 11:14:25,538 [INFO] Token yenilendi: eyJzaWQiOiJhODMxZWU1...
2026-09-13 11:14:25,671 [WARNING] Sayfa 1: HTTP 429
2026-09-13 11:14:25,671 [INFO] 120sn bekleniyor...
2026-09-13 11:16:25,807 [INFO] Token yenilendi: eyJzaWQiOiJhODMxZWU1...
2026-09-13 11:16:25,950 [WARNING] Sayfa 1: HTTP 429
2026-09-13 11:16:25,950 [WARNING] Site engelliyor — run atlaniyor
2026-09-13 11:19:24,841 [INFO] ============================================================
2026-09-13 11:19:24,841 [INFO] MSGKO Scraper v4 — 2026-09-13 11:19:24
2026-09-13 11:19:24,841 [INFO] Kanal [5]: Agartha 4 (serverType=12) — ASC (ucuz→pahalı)
2026-09-13 11:19:25,273 [INFO] Token alindi: eyJzaWQiOiI5Yjc1Mzg1...
2026-09-13 11:19:25,273 [INFO] [Agartha 4] Baglanti testi...
2026-09-13 11:19:26,420 [WARNING] Sayfa 1: HTTP 429
2026-09-13 11:19:26,420 [INFO] 60sn bekleniyor...
2026-09-13 11:20:26,528 [INFO] Token yenilendi: eyJzaWQiOiI5Yjc1Mzg1...
2026-09-13 11:20:26,650 [WARNING] Sayfa 1: HTTP 429
2026-09-13 11:20:26,650 [INFO] 120sn bekleniyor...
2026-09-13 11:22:26,768 [INFO] Token yenilendi: eyJzaWQiOiI5Yjc1Mzg1...
2026-09-13 11:22:26,901 [WARNING] Sayfa 1: HTTP 429
2026-09-13 11:22:26,902 [WARNING] Site engelliyor — run atlaniyor
2026-09-13 11:25:24,841 [INFO] ============================================================
2026-09-13 11:25:24,841 [INFO] MSGKO Scraper v4 — 2026-09-13 11:25:24
2026-09-13 11:25:24,841 [INFO] Kanal [5]: Agartha 4 (serverType=12) — DESC (pahalı→ucuz)
2026-09-13 11:25:25,269 [INFO] Token alindi: eyJzaWQiOiJhODMwYjVh...
2026-09-13 11:25:25,269 [INFO] [Agartha 4] Baglanti testi...
2026-09-13 11:25:25,381 [WARNING] Sayfa 1: HTTP 429
2026-09-13 11:25:25,381 [INFO] 60sn bekleniyor...
2026-09-13 11:26:25,506 [INFO] Token yenilendi: eyJzaWQiOiJhODMwYjVh...
2026-09-13 11:26:25,628 [WARNING] Sayfa 1: HTTP 429
2026-09-13 11:26:25,628 [INFO] 120sn bekleniyor...
2026-09-13 11:28:25,746 [INFO] Token yenilendi: eyJzaWQiOiJhODMwYjVh...
2026-09-13 11:28:26,962 [WARNING] Sayfa 1: HTTP 429
2026-09-13 11:28:26,962 [WARNING] Site engelliyor — run atlaniyor
2026-09-13 11:31:24,843 [INFO] ============================================================
2026-09-13 11:31:24,843 [INFO] MSGKO Scraper v4 — 2026-09-13 11:31:24
2026-09-13 11:31:24,843 [INFO] Kanal [6]: Pandora 3 (serverType=2) — ASC (ucuz→pahalı)
2026-09-13 11:31:25,301 [INFO] Token alindi: eyJzaWQiOiIxNmVmMmVl...
2026-09-13 11:31:25,302 [INFO] [Pandora 3] Baglanti testi...
2026-09-13 11:31:25,438 [WARNING] Sayfa 1: HTTP 429
2026-09-13 11:31:25,438 [INFO] 60sn bekleniyor...
2026-09-13 11:32:25,576 [INFO] Token yenilendi: eyJzaWQiOiIxNmVmMmVl...
2026-09-13 11:32:25,685 [WARNING] Sayfa 1: HTTP 429
2026-09-13 11:32:25,685 [INFO] 120sn bekleniyor...
2026-09-13 11:34:25,790 [INFO] Token yenilendi: eyJzaWQiOiIxNmVmMmVl...
2026-09-13 11:34:25,909 [WARNING] Sayfa 1: HTTP 429
2026-09-13 11:34:25,909 [WARNING] Site engelliyor — run atlaniyor
2026-09-13 11:37:24,845 [INFO] ============================================================
2026-09-13 11:37:24,846 [INFO] MSGKO Scraper v4 — 2026-09-13 11:37:24
2026-09-13 11:37:24,846 [INFO] Kanal [6]: Pandora 3 (serverType=2) — DESC (pahalı→ucuz)
2026-09-13 11:37:25,361 [INFO] Token alindi: eyJzaWQiOiJhNjNiODU3...
2026-09-13 11:37:25,362 [INFO] [Pandora 3] Baglanti testi...
2026-09-13 11:37:25,655 [INFO] Baglanti OK!
2026-09-13 11:37:25,655 [INFO] [Pandora 3] DESC (pahalı→ucuz)
2026-09-13 11:37:27,064 [INFO]   [Pandora 3] DESC (pahalı→ucuz) p  1: 192 ilan (toplam=  192, 2s)
2026-09-13 11:37:27,819 [INFO]   [Pandora 3] DESC (pahalı→ucuz) p  2: 192 ilan (toplam=  384, 2s)
2026-09-13 11:37:28,573 [INFO]   [Pandora 3] DESC (pahalı→ucuz) p  3: 192 ilan (toplam=  576, 3s)
2026-09-13 11:37:29,337 [INFO]   [Pandora 3] DESC (pahalı→ucuz) p  4: 192 ilan (toplam=  768, 4s)
2026-09-13 11:37:30,131 [INFO]   [Pandora 3] DESC (pahalı→ucuz) p  5: 192 ilan (toplam=  960, 5s)
2026-09-13 11:37:30,896 [INFO]   [Pandora 3] DESC (pahalı→ucuz) p  6: 192 ilan (toplam= 1152, 6s)
2026-09-13 11:37:32,494 [INFO]   [Pandora 3] DESC (pahalı→ucuz) p  7: 192 ilan (toplam= 1344, 7s)
2026-09-13 11:37:33,282 [INFO]   [Pandora 3] DESC (pahalı→ucuz) p  8: 192 ilan (toplam= 1536, 8s)
2026-09-13 11:37:34,121 [INFO]   [Pandora 3] DESC (pahalı→ucuz) p  9: 192 ilan (toplam= 1728, 9s)
2026-09-13 11:37:34,911 [INFO]   [Pandora 3] DESC (pahalı→ucuz) p 10: 192 ilan (toplam= 1920, 10s)
2026-09-13 11:37:35,685 [INFO]   [Pandora 3] DESC (pahalı→ucuz) p 11: 192 ilan (toplam= 2112, 10s)
2026-09-13 11:37:36,508 [INFO]   [Pandora 3] DESC (pahalı→ucuz) p 12: 192 ilan (toplam= 2304, 11s)
2026-09-13 11:37:37,259 [INFO]   [Pandora 3] DESC (pahalı→ucuz) p 13: 192 ilan (toplam= 2496, 12s)
2026-09-13 11:37:38,041 [INFO]   [Pandora 3] DESC (pahalı→ucuz) p 14: 192 ilan (toplam= 2688, 13s)
2026-09-13 11:37:39,819 [INFO]   [Pandora 3] DESC (pahalı→ucuz) p 15: 192 ilan (toplam= 2880, 14s)
2026-09-13 11:37:40,596 [INFO]   [Pandora 3] DESC (pahalı→ucuz) p 16: 192 ilan (toplam= 3072, 15s)
2026-09-13 11:37:41,361 [INFO]   [Pandora 3] DESC (pahalı→ucuz) p 17: 192 ilan (toplam= 3264, 16s)
2026-09-13 11:37:42,181 [INFO]   [Pandora 3] DESC (pahalı→ucuz) p 18: 192 ilan (toplam= 3456, 17s)
2026-09-13 11:37:42,967 [INFO]   [Pandora 3] DESC (pahalı→ucuz) p 19: 192 ilan (toplam= 3648, 18s)
2026-09-13 11:37:44,734 [INFO]   [Pandora 3] DESC (pahalı→ucuz) p 20: 192 ilan (toplam= 3840, 19s)
2026-09-13 11:37:45,573 [INFO]   [Pandora 3] DESC (pahalı→ucuz) p 21: 192 ilan (toplam= 4032, 20s)
2026-09-13 11:37:47,302 [INFO]   [Pandora 3] DESC (pahalı→ucuz) p 22: 192 ilan (toplam= 4224, 22s)
2026-09-13 11:37:48,774 [INFO]   [Pandora 3] DESC (pahalı→ucuz) p 23: 192 ilan (toplam= 4416, 23s)
2026-09-13 11:37:50,117 [INFO]   [Pandora 3] DESC (pahalı→ucuz) p 24: 192 ilan (toplam= 4608, 25s)
2026-09-13 11:37:51,792 [INFO]   [Pandora 3] DESC (pahalı→ucuz) p 25: 192 ilan (toplam= 4800, 26s)
2026-09-13 11:37:53,270 [INFO]   [Pandora 3] DESC (pahalı→ucuz) p 26: 192 ilan (toplam= 4992, 28s)
2026-09-13 11:37:54,901 [INFO]   [Pandora 3] DESC (pahalı→ucuz) p 27: 192 ilan (toplam= 5184, 30s)
2026-09-13 11:37:55,656 [INFO]   [Pandora 3] DESC (pahalı→ucuz) p 28: 192 ilan (toplam= 5376, 30s)
2026-09-13 11:37:57,299 [INFO]   [Pandora 3] DESC (pahalı→ucuz) p 29: 192 ilan (toplam= 5568, 32s)
2026-09-13 11:37:57,938 [WARNING]   [Pandora 3] DESC (pahalı→ucuz) p30 → 429, 60sn bekle
2026-09-13 11:38:58,139 [INFO] Token yenilendi: eyJzaWQiOiJhNjNiODU3...
2026-09-13 11:38:58,257 [WARNING]   [Pandora 3] p30 → 429 — 60sn bekleniyor
2026-09-13 11:39:58,372 [INFO] Token yenilendi: eyJzaWQiOiJhNjNiODU3...
2026-09-13 11:39:58,506 [WARNING]   [Pandora 3] p30 → 429 — 120sn bekleniyor
2026-09-13 11:41:58,628 [INFO] Token yenilendi: eyJzaWQiOiJhNjNiODU3...
2026-09-13 11:41:58,738 [WARNING]   [Pandora 3] p30 → 429 — 180sn bekleniyor
2026-09-13 11:44:58,882 [INFO] Token yenilendi: eyJzaWQiOiJhNjNiODU3...
2026-09-13 11:44:58,883 [WARNING]   [Pandora 3] DESC (pahalı→ucuz) sayfa 30 alinamadi — bitti
2026-09-13 11:44:58,883 [INFO]   [Pandora 3] DESC (pahalı→ucuz) bitti: 5568 ilan
2026-09-13 11:44:58,883 [INFO] [Pandora 3] TOPLAM: 5568 ilan
2026-09-13 11:45:09,461 [INFO] [pandora3] 5568 ilan yazildi (10290ms)
2026-09-13 11:45:09,461 [INFO] Tamamlandi — 464sn
2026-09-13 11:45:09,461 [INFO] ============================================================
2026-09-13 11:46:24,843 [INFO] ============================================================
2026-09-13 11:46:24,843 [INFO] MSGKO Scraper v4 — 2026-09-13 11:46:24
2026-09-13 11:46:24,844 [INFO] Kanal [7]: Pandora 4 (serverType=11) — ASC (ucuz→pahalı)
2026-09-13 11:46:25,763 [INFO] Token alindi: eyJzaWQiOiI5ODRjM2Y2...
2026-09-13 11:46:25,764 [INFO] [Pandora 4] Baglanti testi...
2026-09-13 11:46:25,877 [WARNING] Sayfa 1: HTTP 429
2026-09-13 11:46:25,877 [INFO] 60sn bekleniyor...
2026-09-13 11:47:25,995 [INFO] Token yenilendi: eyJzaWQiOiI5ODRjM2Y2...
2026-09-13 11:47:26,109 [WARNING] Sayfa 1: HTTP 429
2026-09-13 11:47:26,110 [INFO] 120sn bekleniyor...
2026-09-13 11:49:26,267 [INFO] Token yenilendi: eyJzaWQiOiI5ODRjM2Y2...
2026-09-13 11:49:26,370 [WARNING] Sayfa 1: HTTP 429
2026-09-13 11:49:26,370 [WARNING] Site engelliyor — run atlaniyor
2026-09-13 11:52:24,901 [INFO] ============================================================
2026-09-13 11:52:24,925 [INFO] MSGKO Scraper v4 — 2026-09-13 11:52:24
2026-09-13 11:52:24,925 [INFO] Kanal [7]: Pandora 4 (serverType=11) — DESC (pahalı→ucuz)
2026-09-13 11:52:25,402 [INFO] Token alindi: eyJzaWQiOiI2Njk2MjAy...
2026-09-13 11:52:25,402 [INFO] [Pandora 4] Baglanti testi...
2026-09-13 11:52:25,522 [WARNING] Sayfa 1: HTTP 429
2026-09-13 11:52:25,522 [INFO] 60sn bekleniyor...
2026-09-13 11:53:25,652 [INFO] Token yenilendi: eyJzaWQiOiI2Njk2MjAy...
2026-09-13 11:53:25,776 [WARNING] Sayfa 1: HTTP 429
2026-09-13 11:53:25,776 [INFO] 120sn bekleniyor...
2026-09-13 11:55:25,929 [INFO] Token yenilendi: eyJzaWQiOiI2Njk2MjAy...
2026-09-13 11:55:26,034 [WARNING] Sayfa 1: HTTP 429
2026-09-13 11:55:26,034 [WARNING] Site engelliyor — run atlaniyor
2026-09-13 11:58:24,900 [INFO] ============================================================
2026-09-13 11:58:24,901 [INFO] MSGKO Scraper v4 — 2026-09-13 11:58:24
2026-09-13 11:58:24,901 [INFO] Kanal [8]: Destan 2 (serverType=4) — ASC (ucuz→pahalı)
2026-09-13 11:58:25,471 [INFO] Token alindi: eyJzaWQiOiI4ZWEyYTA0...
2026-09-13 11:58:25,471 [INFO] [Destan 2] Baglanti testi...
2026-09-13 11:58:25,588 [WARNING] Sayfa 1: HTTP 429
2026-09-13 11:58:25,588 [INFO] 60sn bekleniyor...
2026-09-13 11:59:25,706 [INFO] Token yenilendi: eyJzaWQiOiI4ZWEyYTA0...
2026-09-13 11:59:25,815 [WARNING] Sayfa 1: HTTP 429
2026-09-13 11:59:25,815 [INFO] 120sn bekleniyor...
2026-09-13 12:01:25,977 [INFO] Token yenilendi: eyJzaWQiOiI4ZWEyYTA0...
2026-09-13 12:01:26,102 [WARNING] Sayfa 1: HTTP 429
2026-09-13 12:01:26,102 [WARNING] Site engelliyor — run atlaniyor
2026-09-13 12:04:24,887 [INFO] ============================================================
2026-09-13 12:04:24,888 [INFO] MSGKO Scraper v4 — 2026-09-13 12:04:24
2026-09-13 12:04:24,888 [INFO] Kanal [8]: Destan 2 (serverType=4) — DESC (pahalı→ucuz)
2026-09-13 12:04:25,413 [INFO] Token alindi: eyJzaWQiOiIwMWIzNTBj...
2026-09-13 12:04:25,413 [INFO] [Destan 2] Baglanti testi...
2026-09-13 12:04:25,562 [WARNING] Sayfa 1: HTTP 429
2026-09-13 12:04:25,562 [INFO] 60sn bekleniyor...
2026-09-13 12:05:25,688 [INFO] Token yenilendi: eyJzaWQiOiIwMWIzNTBj...
2026-09-13 12:05:25,809 [WARNING] Sayfa 1: HTTP 429
2026-09-13 12:05:25,809 [INFO] 120sn bekleniyor...
2026-09-13 12:07:26,637 [INFO] Token yenilendi: eyJzaWQiOiIwMWIzNTBj...
2026-09-13 12:07:26,758 [WARNING] Sayfa 1: HTTP 429
2026-09-13 12:07:26,758 [WARNING] Site engelliyor — run atlaniyor
2026-09-13 12:10:24,890 [INFO] ============================================================
2026-09-13 12:10:24,891 [INFO] MSGKO Scraper v4 — 2026-09-13 12:10:24
2026-09-13 12:10:24,891 [INFO] Kanal [9]: Destan 3 (serverType=13) — ASC (ucuz→pahalı)
2026-09-13 12:10:25,424 [INFO] Token alindi: eyJzaWQiOiIwYTYzMzgz...
2026-09-13 12:10:25,425 [INFO] [Destan 3] Baglanti testi...
2026-09-13 12:10:25,807 [INFO] Baglanti OK!
2026-09-13 12:10:25,807 [INFO] [Destan 3] ASC (ucuz→pahalı)
2026-09-13 12:10:25,908 [INFO]   [Destan 3] ASC (ucuz→pahalı) p  1: 192 ilan (toplam=  192, 1s)
2026-09-13 12:10:27,107 [INFO]   [Destan 3] ASC (ucuz→pahalı) p  2: 192 ilan (toplam=  384, 2s)
2026-09-13 12:10:28,285 [INFO]   [Destan 3] ASC (ucuz→pahalı) p  3: 192 ilan (toplam=  576, 3s)
2026-09-13 12:10:29,075 [INFO]   [Destan 3] ASC (ucuz→pahalı) p  4: 192 ilan (toplam=  768, 4s)
2026-09-13 12:10:29,864 [INFO]   [Destan 3] ASC (ucuz→pahalı) p  5: 192 ilan (toplam=  960, 4s)
2026-09-13 12:10:30,617 [INFO]   [Destan 3] ASC (ucuz→pahalı) p  6: 192 ilan (toplam= 1152, 5s)
2026-09-13 12:10:31,358 [INFO]   [Destan 3] ASC (ucuz→pahalı) p  7: 192 ilan (toplam= 1344, 6s)
2026-09-13 12:10:32,124 [INFO]   [Destan 3] ASC (ucuz→pahalı) p  8: 192 ilan (toplam= 1536, 7s)
2026-09-13 12:10:33,686 [INFO]   [Destan 3] ASC (ucuz→pahalı) p  9: 192 ilan (toplam= 1728, 8s)
2026-09-13 12:10:34,469 [INFO]   [Destan 3] ASC (ucuz→pahalı) p 10: 192 ilan (toplam= 1920, 9s)
2026-09-13 12:10:35,703 [INFO]   [Destan 3] ASC (ucuz→pahalı) p 11: 192 ilan (toplam= 2112, 10s)
2026-09-13 12:10:36,487 [INFO]   [Destan 3] ASC (ucuz→pahalı) p 12: 192 ilan (toplam= 2304, 11s)
2026-09-13 12:10:38,063 [INFO]   [Destan 3] ASC (ucuz→pahalı) p 13: 192 ilan (toplam= 2496, 13s)
2026-09-13 12:10:39,321 [INFO]   [Destan 3] ASC (ucuz→pahalı) p 14: 192 ilan (toplam= 2688, 14s)
2026-09-13 12:10:40,931 [INFO]   [Destan 3] ASC (ucuz→pahalı) p 15: 192 ilan (toplam= 2880, 16s)
2026-09-13 12:10:41,696 [INFO]   [Destan 3] ASC (ucuz→pahalı) p 16: 192 ilan (toplam= 3072, 16s)
2026-09-13 12:10:42,443 [INFO]   [Destan 3] ASC (ucuz→pahalı) p 17: 192 ilan (toplam= 3264, 17s)
2026-09-13 12:10:43,224 [INFO]   [Destan 3] ASC (ucuz→pahalı) p 18: 192 ilan (toplam= 3456, 18s)
2026-09-13 12:10:44,005 [INFO]   [Destan 3] ASC (ucuz→pahalı) p 19: 192 ilan (toplam= 3648, 19s)
2026-09-13 12:10:44,787 [INFO]   [Destan 3] ASC (ucuz→pahalı) p 20: 192 ilan (toplam= 3840, 19s)
2026-09-13 12:10:46,510 [INFO]   [Destan 3] ASC (ucuz→pahalı) p 21: 192 ilan (toplam= 4032, 21s)
2026-09-13 12:10:47,257 [INFO]   [Destan 3] ASC (ucuz→pahalı) p 22: 192 ilan (toplam= 4224, 22s)
2026-09-13 12:10:48,950 [INFO]   [Destan 3] ASC (ucuz→pahalı) p 23: 192 ilan (toplam= 4416, 24s)
2026-09-13 12:10:49,825 [INFO]   [Destan 3] ASC (ucuz→pahalı) p 24: 192 ilan (toplam= 4608, 24s)
2026-09-13 12:10:50,930 [INFO]   [Destan 3] ASC (ucuz→pahalı) p 25: 192 ilan (toplam= 4800, 26s)
2026-09-13 12:10:51,768 [INFO]   [Destan 3] ASC (ucuz→pahalı) p 26: 192 ilan (toplam= 4992, 26s)
2026-09-13 12:10:52,563 [INFO]   [Destan 3] ASC (ucuz→pahalı) p 27: 192 ilan (toplam= 5184, 27s)
2026-09-13 12:10:53,360 [INFO]   [Destan 3] ASC (ucuz→pahalı) p 28: 192 ilan (toplam= 5376, 28s)
2026-09-13 12:10:54,682 [INFO]   [Destan 3] ASC (ucuz→pahalı) p 29: 192 ilan (toplam= 5568, 29s)
2026-09-13 12:10:55,416 [INFO]   [Destan 3] ASC (ucuz→pahalı) p 30: 192 ilan (toplam= 5760, 30s)
2026-09-13 12:10:56,025 [WARNING]   [Destan 3] ASC (ucuz→pahalı) p31 → 429, 60sn bekle
2026-09-13 12:11:56,426 [INFO] Token yenilendi: eyJzaWQiOiIwYTYzMzgz...
2026-09-13 12:11:56,522 [WARNING]   [Destan 3] p31 → 429 — 60sn bekleniyor
2026-09-13 12:12:56,664 [INFO] Token yenilendi: eyJzaWQiOiIwYTYzMzgz...
2026-09-13 12:12:56,806 [WARNING]   [Destan 3] p31 → 429 — 120sn bekleniyor
2026-09-13 12:14:56,926 [INFO] Token yenilendi: eyJzaWQiOiIwYTYzMzgz...
2026-09-13 12:14:57,065 [WARNING]   [Destan 3] p31 → 429 — 180sn bekleniyor
2026-09-13 12:17:57,189 [INFO] Token yenilendi: eyJzaWQiOiIwYTYzMzgz...
2026-09-13 12:17:57,189 [WARNING]   [Destan 3] ASC (ucuz→pahalı) sayfa 31 alinamadi — bitti
2026-09-13 12:17:57,189 [INFO]   [Destan 3] ASC (ucuz→pahalı) bitti: 5760 ilan
2026-09-13 12:17:57,189 [INFO] [Destan 3] TOPLAM: 5760 ilan
2026-09-13 12:18:09,254 [INFO] [destan3] 5760 ilan yazildi (11749ms)
2026-09-13 12:18:09,254 [INFO] Tamamlandi — 464sn
2026-09-13 12:18:09,254 [INFO] ============================================================
2026-09-13 12:19:24,859 [INFO] ============================================================
2026-09-13 12:19:24,859 [INFO] MSGKO Scraper v4 — 2026-09-13 12:19:24
2026-09-13 12:19:24,860 [INFO] Kanal [9]: Destan 3 (serverType=13) — DESC (pahalı→ucuz)
2026-09-13 12:19:25,389 [INFO] Token alindi: eyJzaWQiOiJkY2YxZDA3...
2026-09-13 12:19:25,389 [INFO] [Destan 3] Baglanti testi...
2026-09-13 12:19:25,506 [WARNING] Sayfa 1: HTTP 429
2026-09-13 12:19:25,506 [INFO] 60sn bekleniyor...
2026-09-13 12:20:25,626 [INFO] Token yenilendi: eyJzaWQiOiJkY2YxZDA3...
2026-09-13 12:20:25,734 [WARNING] Sayfa 1: HTTP 429
2026-09-13 12:20:25,734 [INFO] 120sn bekleniyor...
2026-09-13 12:22:26,630 [INFO] Token yenilendi: eyJzaWQiOiJkY2YxZDA3...
2026-09-13 12:22:26,766 [WARNING] Sayfa 1: HTTP 429
2026-09-13 12:22:26,767 [WARNING] Site engelliyor — run atlaniyor
2026-09-13 12:25:24,854 [INFO] ============================================================
2026-09-13 12:25:24,854 [INFO] MSGKO Scraper v4 — 2026-09-13 12:25:24
2026-09-13 12:25:24,855 [INFO] Kanal [0]: Zero 3 (serverType=0) — ASC (ucuz→pahalı)
2026-09-13 12:25:25,343 [INFO] Token alindi: eyJzaWQiOiI5OGZjZGIw...
2026-09-13 12:25:25,343 [INFO] [Zero 3] Baglanti testi...
2026-09-13 12:25:25,488 [WARNING] Sayfa 1: HTTP 429
2026-09-13 12:25:25,488 [INFO] 60sn bekleniyor...
2026-09-13 12:26:25,606 [INFO] Token yenilendi: eyJzaWQiOiI5OGZjZGIw...
2026-09-13 12:26:25,742 [WARNING] Sayfa 1: HTTP 429
2026-09-13 12:26:25,742 [INFO] 120sn bekleniyor...
2026-09-13 12:28:25,902 [INFO] Token yenilendi: eyJzaWQiOiI5OGZjZGIw...
2026-09-13 12:28:26,020 [WARNING] Sayfa 1: HTTP 429
2026-09-13 12:28:26,020 [WARNING] Site engelliyor — run atlaniyor
2026-09-13 12:31:24,857 [INFO] ============================================================
2026-09-13 12:31:24,857 [INFO] MSGKO Scraper v4 — 2026-09-13 12:31:24
2026-09-13 12:31:24,857 [INFO] Kanal [0]: Zero 3 (serverType=0) — DESC (pahalı→ucuz)
2026-09-13 12:31:25,432 [INFO] Token alindi: eyJzaWQiOiI2OGFmYWNh...
2026-09-13 12:31:25,433 [INFO] [Zero 3] Baglanti testi...
2026-09-13 12:31:25,548 [WARNING] Sayfa 1: HTTP 429
2026-09-13 12:31:25,548 [INFO] 60sn bekleniyor...
2026-09-13 12:32:25,711 [INFO] Token yenilendi: eyJzaWQiOiI2OGFmYWNh...
2026-09-13 12:32:25,832 [WARNING] Sayfa 1: HTTP 429
2026-09-13 12:32:25,832 [INFO] 120sn bekleniyor...
2026-09-13 12:34:26,208 [INFO] Token yenilendi: eyJzaWQiOiI2OGFmYWNh...
2026-09-13 12:34:26,315 [WARNING] Sayfa 1: HTTP 429
2026-09-13 12:34:26,315 [WARNING] Site engelliyor — run atlaniyor
2026-09-13 12:37:24,855 [INFO] ============================================================
2026-09-13 12:37:24,855 [INFO] MSGKO Scraper v4 — 2026-09-13 12:37:24
2026-09-13 12:37:24,855 [INFO] Kanal [1]: Zero 4 (serverType=5) — ASC (ucuz→pahalı)
2026-09-13 12:37:25,546 [INFO] Token alindi: eyJzaWQiOiJhMzg2YTM4...
2026-09-13 12:37:25,546 [INFO] [Zero 4] Baglanti testi...
2026-09-13 12:37:25,669 [WARNING] Sayfa 1: HTTP 429
2026-09-13 12:37:25,669 [INFO] 60sn bekleniyor...
2026-09-13 12:38:25,896 [INFO] Token yenilendi: eyJzaWQiOiJhMzg2YTM4...
2026-09-13 12:38:26,020 [WARNING] Sayfa 1: HTTP 429
2026-09-13 12:38:26,020 [INFO] 120sn bekleniyor...
2026-09-13 12:40:26,194 [INFO] Token yenilendi: eyJzaWQiOiJhMzg2YTM4...
2026-09-13 12:40:26,323 [WARNING] Sayfa 1: HTTP 429
2026-09-13 12:40:26,323 [WARNING] Site engelliyor — run atlaniyor
2026-09-13 12:43:24,860 [INFO] ============================================================
2026-09-13 12:43:24,861 [INFO] MSGKO Scraper v4 — 2026-09-13 12:43:24
2026-09-13 12:43:24,861 [INFO] Kanal [1]: Zero 4 (serverType=5) — DESC (pahalı→ucuz)
2026-09-13 12:43:25,272 [INFO] Token alindi: eyJzaWQiOiIwOGNkODc2...
2026-09-13 12:43:25,273 [INFO] [Zero 4] Baglanti testi...
2026-09-13 12:43:25,452 [INFO] Baglanti OK!
2026-09-13 12:43:25,452 [INFO] [Zero 4] DESC (pahalı→ucuz)
2026-09-13 12:43:26,360 [INFO]   [Zero 4] DESC (pahalı→ucuz) p  1: 192 ilan (toplam=  192, 1s)
2026-09-13 12:43:27,131 [INFO]   [Zero 4] DESC (pahalı→ucuz) p  2: 192 ilan (toplam=  384, 2s)
2026-09-13 12:43:27,873 [INFO]   [Zero 4] DESC (pahalı→ucuz) p  3: 192 ilan (toplam=  576, 3s)
2026-09-13 12:43:28,607 [INFO]   [Zero 4] DESC (pahalı→ucuz) p  4: 192 ilan (toplam=  768, 3s)
2026-09-13 12:43:29,445 [INFO]   [Zero 4] DESC (pahalı→ucuz) p  5: 192 ilan (toplam=  960, 4s)
2026-09-13 12:43:30,187 [INFO]   [Zero 4] DESC (pahalı→ucuz) p  6: 192 ilan (toplam= 1152, 5s)
2026-09-13 12:43:30,933 [INFO]   [Zero 4] DESC (pahalı→ucuz) p  7: 192 ilan (toplam= 1344, 6s)
2026-09-13 12:43:32,690 [INFO]   [Zero 4] DESC (pahalı→ucuz) p  8: 192 ilan (toplam= 1536, 7s)
2026-09-13 12:43:33,420 [INFO]   [Zero 4] DESC (pahalı→ucuz) p  9: 192 ilan (toplam= 1728, 8s)
2026-09-13 12:43:34,149 [INFO]   [Zero 4] DESC (pahalı→ucuz) p 10: 192 ilan (toplam= 1920, 9s)
2026-09-13 12:43:35,534 [INFO]   [Zero 4] DESC (pahalı→ucuz) p 11: 192 ilan (toplam= 2112, 10s)
2026-09-13 12:43:36,268 [INFO]   [Zero 4] DESC (pahalı→ucuz) p 12: 192 ilan (toplam= 2304, 11s)
2026-09-13 12:43:36,993 [INFO]   [Zero 4] DESC (pahalı→ucuz) p 13: 192 ilan (toplam= 2496, 12s)
2026-09-13 12:43:37,717 [INFO]   [Zero 4] DESC (pahalı→ucuz) p 14: 192 ilan (toplam= 2688, 12s)
2026-09-13 12:43:38,474 [INFO]   [Zero 4] DESC (pahalı→ucuz) p 15: 192 ilan (toplam= 2880, 13s)
2026-09-13 12:43:40,192 [INFO]   [Zero 4] DESC (pahalı→ucuz) p 16: 192 ilan (toplam= 3072, 15s)
2026-09-13 12:43:41,331 [INFO]   [Zero 4] DESC (pahalı→ucuz) p 17: 192 ilan (toplam= 3264, 16s)
2026-09-13 12:43:43,296 [INFO]   [Zero 4] DESC (pahalı→ucuz) p 18: 192 ilan (toplam= 3456, 18s)
2026-09-13 12:43:44,600 [INFO]   [Zero 4] DESC (pahalı→ucuz) p 19: 192 ilan (toplam= 3648, 19s)
2026-09-13 12:43:45,361 [INFO]   [Zero 4] DESC (pahalı→ucuz) p 20: 192 ilan (toplam= 3840, 20s)
2026-09-13 12:43:46,721 [INFO]   [Zero 4] DESC (pahalı→ucuz) p 21: 192 ilan (toplam= 4032, 21s)
2026-09-13 12:43:48,050 [INFO]   [Zero 4] DESC (pahalı→ucuz) p 22: 192 ilan (toplam= 4224, 23s)
2026-09-13 12:43:48,786 [INFO]   [Zero 4] DESC (pahalı→ucuz) p 23: 192 ilan (toplam= 4416, 23s)
2026-09-13 12:43:50,121 [INFO]   [Zero 4] DESC (pahalı→ucuz) p 24: 192 ilan (toplam= 4608, 25s)
2026-09-13 12:43:50,896 [INFO]   [Zero 4] DESC (pahalı→ucuz) p 25: 192 ilan (toplam= 4800, 26s)
2026-09-13 12:43:52,037 [INFO]   [Zero 4] DESC (pahalı→ucuz) p 26: 192 ilan (toplam= 4992, 27s)
2026-09-13 12:43:53,572 [INFO]   [Zero 4] DESC (pahalı→ucuz) p 27: 192 ilan (toplam= 5184, 28s)
2026-09-13 12:43:54,315 [INFO]   [Zero 4] DESC (pahalı→ucuz) p 28: 192 ilan (toplam= 5376, 29s)
2026-09-13 12:43:55,086 [INFO]   [Zero 4] DESC (pahalı→ucuz) p 29: 192 ilan (toplam= 5568, 30s)
2026-09-13 12:43:56,337 [WARNING]   [Zero 4] DESC (pahalı→ucuz) p30 → 429, 60sn bekle
2026-09-13 12:44:56,475 [INFO] Token yenilendi: eyJzaWQiOiIwOGNkODc2...
2026-09-13 12:44:56,583 [WARNING]   [Zero 4] p30 → 429 — 60sn bekleniyor
2026-09-13 12:45:56,720 [INFO] Token yenilendi: eyJzaWQiOiIwOGNkODc2...
2026-09-13 12:45:56,836 [WARNING]   [Zero 4] p30 → 429 — 120sn bekleniyor
2026-09-13 12:47:56,950 [INFO] Token yenilendi: eyJzaWQiOiIwOGNkODc2...
2026-09-13 12:47:57,083 [WARNING]   [Zero 4] p30 → 429 — 180sn bekleniyor
2026-09-13 12:50:57,272 [INFO] Token yenilendi: eyJzaWQiOiIwOGNkODc2...
2026-09-13 12:50:57,273 [WARNING]   [Zero 4] DESC (pahalı→ucuz) sayfa 30 alinamadi — bitti
2026-09-13 12:50:57,273 [INFO]   [Zero 4] DESC (pahalı→ucuz) bitti: 5568 ilan
2026-09-13 12:50:57,273 [INFO] [Zero 4] TOPLAM: 5568 ilan
2026-09-13 12:51:07,958 [INFO] [zero4] 5568 ilan yazildi (10408ms)
2026-09-13 12:51:07,959 [INFO] Tamamlandi — 463sn
2026-09-13 12:51:07,959 [INFO] ============================================================
2026-09-13 12:52:24,861 [INFO] ============================================================
2026-09-13 12:52:24,862 [INFO] MSGKO Scraper v4 — 2026-09-13 12:52:24
2026-09-13 12:52:24,862 [INFO] Kanal [2]: Zero 5 (serverType=8) — ASC (ucuz→pahalı)
2026-09-13 12:52:25,290 [INFO] Token alindi: eyJzaWQiOiJlNzcyMzZl...
2026-09-13 12:52:25,290 [INFO] [Zero 5] Baglanti testi...
2026-09-13 12:52:25,404 [WARNING] Sayfa 1: HTTP 429
2026-09-13 12:52:25,404 [INFO] 60sn bekleniyor...
2026-09-13 12:53:25,568 [INFO] Token yenilendi: eyJzaWQiOiJlNzcyMzZl...
2026-09-13 12:53:25,667 [WARNING] Sayfa 1: HTTP 429
2026-09-13 12:53:25,667 [INFO] 120sn bekleniyor...
2026-09-13 12:55:26,329 [INFO] Token yenilendi: eyJzaWQiOiJlNzcyMzZl...
2026-09-13 12:55:26,457 [WARNING] Sayfa 1: HTTP 429
2026-09-13 12:55:26,457 [WARNING] Site engelliyor — run atlaniyor
2026-09-13 12:58:24,863 [INFO] ============================================================
2026-09-13 12:58:24,863 [INFO] MSGKO Scraper v4 — 2026-09-13 12:58:24
2026-09-13 12:58:24,864 [INFO] Kanal [2]: Zero 5 (serverType=8) — DESC (pahalı→ucuz)
2026-09-13 12:58:25,338 [INFO] Token alindi: eyJzaWQiOiI2YmJmODY2...
2026-09-13 12:58:25,338 [INFO] [Zero 5] Baglanti testi...
2026-09-13 12:58:25,473 [WARNING] Sayfa 1: HTTP 429
2026-09-13 12:58:25,473 [INFO] 60sn bekleniyor...
2026-09-13 12:59:25,589 [INFO] Token yenilendi: eyJzaWQiOiI2YmJmODY2...
2026-09-13 12:59:25,708 [WARNING] Sayfa 1: HTTP 429
2026-09-13 12:59:25,708 [INFO] 120sn bekleniyor...
2026-09-13 13:01:25,835 [INFO] Token yenilendi: eyJzaWQiOiI2YmJmODY2...
2026-09-13 13:01:25,993 [WARNING] Sayfa 1: HTTP 429
2026-09-13 13:01:25,993 [WARNING] Site engelliyor — run atlaniyor
2026-09-13 13:04:24,861 [INFO] ============================================================
2026-09-13 13:04:24,861 [INFO] MSGKO Scraper v4 — 2026-09-13 13:04:24
2026-09-13 13:04:24,861 [INFO] Kanal [3]: Zero 8 (serverType=15) — ASC (ucuz→pahalı)
2026-09-13 13:04:25,337 [INFO] Token alindi: eyJzaWQiOiIzYzg1MTNi...
2026-09-13 13:04:25,337 [INFO] [Zero 8] Baglanti testi...
2026-09-13 13:04:25,464 [WARNING] Sayfa 1: HTTP 429
2026-09-13 13:04:25,464 [INFO] 60sn bekleniyor...
2026-09-13 13:05:26,528 [INFO] Token yenilendi: eyJzaWQiOiIzYzg1MTNi...
2026-09-13 13:05:26,678 [WARNING] Sayfa 1: HTTP 429
2026-09-13 13:05:26,679 [INFO] 120sn bekleniyor...
2026-09-13 13:07:26,797 [INFO] Token yenilendi: eyJzaWQiOiIzYzg1MTNi...
2026-09-13 13:07:26,911 [WARNING] Sayfa 1: HTTP 429
2026-09-13 13:07:26,911 [WARNING] Site engelliyor — run atlaniyor
2026-09-13 13:10:24,864 [INFO] ============================================================
2026-09-13 13:10:24,864 [INFO] MSGKO Scraper v4 — 2026-09-13 13:10:24
2026-09-13 13:10:24,864 [INFO] Kanal [3]: Zero 8 (serverType=15) — DESC (pahalı→ucuz)
2026-09-13 13:10:26,331 [INFO] Token alindi: eyJzaWQiOiI4NThiMDNh...
2026-09-13 13:10:26,331 [INFO] [Zero 8] Baglanti testi...
2026-09-13 13:10:26,440 [WARNING] Sayfa 1: HTTP 429
2026-09-13 13:10:26,441 [INFO] 60sn bekleniyor...
2026-09-13 13:11:27,369 [INFO] Token yenilendi: eyJzaWQiOiI4NThiMDNh...
2026-09-13 13:11:27,476 [WARNING] Sayfa 1: HTTP 429
2026-09-13 13:11:27,476 [INFO] 120sn bekleniyor...
2026-09-13 13:13:27,588 [INFO] Token yenilendi: eyJzaWQiOiI4NThiMDNh...
2026-09-13 13:13:27,724 [WARNING] Sayfa 1: HTTP 429
2026-09-13 13:13:27,724 [WARNING] Site engelliyor — run atlaniyor
2026-09-13 13:16:24,869 [INFO] ============================================================
2026-09-13 13:16:24,869 [INFO] MSGKO Scraper v4 — 2026-09-13 13:16:24
2026-09-13 13:16:24,869 [INFO] Kanal [4]: Agartha 3 (serverType=1) — ASC (ucuz→pahalı)
2026-09-13 13:16:25,351 [INFO] Token alindi: eyJzaWQiOiI5ZmM0NmJl...
2026-09-13 13:16:25,351 [INFO] [Agartha 3] Baglanti testi...
2026-09-13 13:16:25,582 [INFO] Baglanti OK!
2026-09-13 13:16:25,582 [INFO] [Agartha 3] ASC (ucuz→pahalı)
2026-09-13 13:16:25,658 [INFO]   [Agartha 3] ASC (ucuz→pahalı) p  1: 192 ilan (toplam=  192, 0s)
2026-09-13 13:16:26,411 [INFO]   [Agartha 3] ASC (ucuz→pahalı) p  2: 192 ilan (toplam=  384, 1s)
2026-09-13 13:16:27,147 [INFO]   [Agartha 3] ASC (ucuz→pahalı) p  3: 192 ilan (toplam=  576, 2s)
2026-09-13 13:16:28,634 [INFO]   [Agartha 3] ASC (ucuz→pahalı) p  4: 192 ilan (toplam=  768, 3s)
2026-09-13 13:16:29,411 [INFO]   [Agartha 3] ASC (ucuz→pahalı) p  5: 192 ilan (toplam=  960, 4s)
2026-09-13 13:16:30,137 [INFO]   [Agartha 3] ASC (ucuz→pahalı) p  6: 192 ilan (toplam= 1152, 5s)
2026-09-13 13:16:30,903 [INFO]   [Agartha 3] ASC (ucuz→pahalı) p  7: 192 ilan (toplam= 1344, 6s)
2026-09-13 13:16:31,673 [INFO]   [Agartha 3] ASC (ucuz→pahalı) p  8: 192 ilan (toplam= 1536, 6s)
2026-09-13 13:16:33,445 [INFO]   [Agartha 3] ASC (ucuz→pahalı) p  9: 192 ilan (toplam= 1728, 8s)
2026-09-13 13:16:34,203 [INFO]   [Agartha 3] ASC (ucuz→pahalı) p 10: 192 ilan (toplam= 1920, 9s)
2026-09-13 13:16:34,945 [INFO]   [Agartha 3] ASC (ucuz→pahalı) p 11: 192 ilan (toplam= 2112, 10s)
2026-09-13 13:16:35,749 [INFO]   [Agartha 3] ASC (ucuz→pahalı) p 12: 192 ilan (toplam= 2304, 10s)
2026-09-13 13:16:37,383 [INFO]   [Agartha 3] ASC (ucuz→pahalı) p 13: 192 ilan (toplam= 2496, 12s)
2026-09-13 13:16:38,135 [INFO]   [Agartha 3] ASC (ucuz→pahalı) p 14: 192 ilan (toplam= 2688, 13s)
2026-09-13 13:16:39,875 [INFO]   [Agartha 3] ASC (ucuz→pahalı) p 15: 192 ilan (toplam= 2880, 15s)
2026-09-13 13:16:40,612 [INFO]   [Agartha 3] ASC (ucuz→pahalı) p 16: 192 ilan (toplam= 3072, 15s)
2026-09-13 13:16:41,344 [INFO]   [Agartha 3] ASC (ucuz→pahalı) p 17: 192 ilan (toplam= 3264, 16s)
2026-09-13 13:16:43,090 [INFO]   [Agartha 3] ASC (ucuz→pahalı) p 18: 192 ilan (toplam= 3456, 18s)
2026-09-13 13:16:43,822 [INFO]   [Agartha 3] ASC (ucuz→pahalı) p 19: 192 ilan (toplam= 3648, 18s)
2026-09-13 13:16:44,589 [INFO]   [Agartha 3] ASC (ucuz→pahalı) p 20: 192 ilan (toplam= 3840, 19s)
2026-09-13 13:16:45,372 [INFO]   [Agartha 3] ASC (ucuz→pahalı) p 21: 192 ilan (toplam= 4032, 20s)
2026-09-13 13:16:46,106 [INFO]   [Agartha 3] ASC (ucuz→pahalı) p 22: 192 ilan (toplam= 4224, 21s)
2026-09-13 13:16:47,397 [INFO]   [Agartha 3] ASC (ucuz→pahalı) p 23: 192 ilan (toplam= 4416, 22s)
2026-09-13 13:16:48,161 [INFO]   [Agartha 3] ASC (ucuz→pahalı) p 24: 192 ilan (toplam= 4608, 23s)
2026-09-13 13:16:49,923 [INFO]   [Agartha 3] ASC (ucuz→pahalı) p 25: 192 ilan (toplam= 4800, 25s)
2026-09-13 13:16:51,637 [INFO]   [Agartha 3] ASC (ucuz→pahalı) p 26: 192 ilan (toplam= 4992, 26s)
2026-09-13 13:16:52,415 [INFO]   [Agartha 3] ASC (ucuz→pahalı) p 27: 192 ilan (toplam= 5184, 27s)
2026-09-13 13:16:53,187 [INFO]   [Agartha 3] ASC (ucuz→pahalı) p 28: 192 ilan (toplam= 5376, 28s)
2026-09-13 13:16:53,922 [INFO]   [Agartha 3] ASC (ucuz→pahalı) p 29: 192 ilan (toplam= 5568, 29s)
2026-09-13 13:16:54,691 [INFO]   [Agartha 3] ASC (ucuz→pahalı) p 30: 192 ilan (toplam= 5760, 29s)
2026-09-13 13:16:55,301 [WARNING]   [Agartha 3] ASC (ucuz→pahalı) p31 → 429, 60sn bekle
2026-09-13 13:17:55,438 [INFO] Token yenilendi: eyJzaWQiOiI5ZmM0NmJl...
2026-09-13 13:17:55,556 [WARNING]   [Agartha 3] p31 → 429 — 60sn bekleniyor
2026-09-13 13:18:55,692 [INFO] Token yenilendi: eyJzaWQiOiI5ZmM0NmJl...
2026-09-13 13:18:55,795 [WARNING]   [Agartha 3] p31 → 429 — 120sn bekleniyor
2026-09-13 13:20:55,919 [INFO] Token yenilendi: eyJzaWQiOiI5ZmM0NmJl...
2026-09-13 13:20:56,052 [WARNING]   [Agartha 3] p31 → 429 — 180sn bekleniyor
2026-09-13 13:23:56,186 [INFO] Token yenilendi: eyJzaWQiOiI5ZmM0NmJl...
2026-09-13 13:23:56,187 [WARNING]   [Agartha 3] ASC (ucuz→pahalı) sayfa 31 alinamadi — bitti
2026-09-13 13:23:56,187 [INFO]   [Agartha 3] ASC (ucuz→pahalı) bitti: 5760 ilan
2026-09-13 13:23:56,187 [INFO] [Agartha 3] TOPLAM: 5760 ilan
2026-09-13 13:24:08,994 [INFO] [agartha3] 5760 ilan yazildi (12504ms)
2026-09-13 13:24:08,994 [INFO] Tamamlandi — 464sn
2026-09-13 13:24:08,994 [INFO] ============================================================
2026-09-13 13:25:24,865 [INFO] ============================================================
2026-09-13 13:25:24,865 [INFO] MSGKO Scraper v4 — 2026-09-13 13:25:24
2026-09-13 13:25:24,865 [INFO] Kanal [4]: Agartha 3 (serverType=1) — DESC (pahalı→ucuz)
2026-09-13 13:25:25,288 [INFO] Token alindi: eyJzaWQiOiJmYzRjYWI3...
2026-09-13 13:25:25,288 [INFO] [Agartha 3] Baglanti testi...
2026-09-13 13:25:25,411 [WARNING] Sayfa 1: HTTP 429
2026-09-13 13:25:25,412 [INFO] 60sn bekleniyor...
2026-09-13 13:26:26,421 [INFO] Token yenilendi: eyJzaWQiOiJmYzRjYWI3...
2026-09-13 13:26:26,523 [WARNING] Sayfa 1: HTTP 429
2026-09-13 13:26:26,524 [INFO] 120sn bekleniyor...
2026-09-13 13:28:26,666 [INFO] Token yenilendi: eyJzaWQiOiJmYzRjYWI3...
2026-09-13 13:28:26,770 [WARNING] Sayfa 1: HTTP 429
2026-09-13 13:28:26,770 [WARNING] Site engelliyor — run atlaniyor
2026-09-13 13:31:24,874 [INFO] ============================================================
2026-09-13 13:31:24,874 [INFO] MSGKO Scraper v4 — 2026-09-13 13:31:24
2026-09-13 13:31:24,874 [INFO] Kanal [5]: Agartha 4 (serverType=12) — ASC (ucuz→pahalı)
2026-09-13 13:31:25,325 [INFO] Token alindi: eyJzaWQiOiJhZjhhN2Mw...
2026-09-13 13:31:25,325 [INFO] [Agartha 4] Baglanti testi...
2026-09-13 13:31:25,428 [WARNING] Sayfa 1: HTTP 429
2026-09-13 13:31:25,429 [INFO] 60sn bekleniyor...
2026-09-13 13:32:25,547 [INFO] Token yenilendi: eyJzaWQiOiJhZjhhN2Mw...
2026-09-13 13:32:25,682 [WARNING] Sayfa 1: HTTP 429
2026-09-13 13:32:25,682 [INFO] 120sn bekleniyor...
2026-09-13 13:34:25,850 [INFO] Token yenilendi: eyJzaWQiOiJhZjhhN2Mw...
2026-09-13 13:34:25,981 [WARNING] Sayfa 1: HTTP 429
2026-09-13 13:34:25,981 [WARNING] Site engelliyor — run atlaniyor
2026-09-13 13:37:24,863 [INFO] ============================================================
2026-09-13 13:37:24,863 [INFO] MSGKO Scraper v4 — 2026-09-13 13:37:24
2026-09-13 13:37:24,864 [INFO] Kanal [5]: Agartha 4 (serverType=12) — DESC (pahalı→ucuz)
2026-09-13 13:37:25,404 [INFO] Token alindi: eyJzaWQiOiI4NzQyOGMz...
2026-09-13 13:37:25,404 [INFO] [Agartha 4] Baglanti testi...
2026-09-13 13:37:25,533 [WARNING] Sayfa 1: HTTP 429
2026-09-13 13:37:25,533 [INFO] 60sn bekleniyor...
2026-09-13 13:38:25,679 [INFO] Token yenilendi: eyJzaWQiOiI4NzQyOGMz...
2026-09-13 13:38:25,784 [WARNING] Sayfa 1: HTTP 429
2026-09-13 13:38:25,784 [INFO] 120sn bekleniyor...
2026-09-13 13:40:25,922 [INFO] Token yenilendi: eyJzaWQiOiI4NzQyOGMz...
2026-09-13 13:40:26,038 [WARNING] Sayfa 1: HTTP 429
2026-09-13 13:40:26,038 [WARNING] Site engelliyor — run atlaniyor
2026-09-13 13:43:24,870 [INFO] ============================================================
2026-09-13 13:43:24,870 [INFO] MSGKO Scraper v4 — 2026-09-13 13:43:24
2026-09-13 13:43:24,871 [INFO] Kanal [6]: Pandora 3 (serverType=2) — ASC (ucuz→pahalı)
2026-09-13 13:43:25,367 [INFO] Token alindi: eyJzaWQiOiJhOTY2ZjIy...
2026-09-13 13:43:25,367 [INFO] [Pandora 3] Baglanti testi...
2026-09-13 13:43:25,499 [WARNING] Sayfa 1: HTTP 429
2026-09-13 13:43:25,499 [INFO] 60sn bekleniyor...
2026-09-13 13:44:26,228 [INFO] Token yenilendi: eyJzaWQiOiJhOTY2ZjIy...
2026-09-13 13:44:26,379 [WARNING] Sayfa 1: HTTP 429
2026-09-13 13:44:26,379 [INFO] 120sn bekleniyor...
2026-09-13 13:46:27,162 [INFO] Token yenilendi: eyJzaWQiOiJhOTY2ZjIy...
2026-09-13 13:46:27,456 [WARNING] Sayfa 1: HTTP 429
2026-09-13 13:46:27,456 [WARNING] Site engelliyor — run atlaniyor
2026-09-13 13:49:24,919 [INFO] ============================================================
2026-09-13 13:49:24,919 [INFO] MSGKO Scraper v4 — 2026-09-13 13:49:24
2026-09-13 13:49:24,920 [INFO] Kanal [6]: Pandora 3 (serverType=2) — DESC (pahalı→ucuz)
2026-09-13 13:49:25,830 [INFO] Token alindi: eyJzaWQiOiJhN2NjMmQ0...
2026-09-13 13:49:25,830 [INFO] [Pandora 3] Baglanti testi...
2026-09-13 13:49:26,831 [INFO] Baglanti OK!
2026-09-13 13:49:26,831 [INFO] [Pandora 3] DESC (pahalı→ucuz)
2026-09-13 13:49:28,161 [INFO]   [Pandora 3] DESC (pahalı→ucuz) p  1: 192 ilan (toplam=  192, 3s)
2026-09-13 13:49:30,728 [INFO]   [Pandora 3] DESC (pahalı→ucuz) p  2: 192 ilan (toplam=  384, 5s)
2026-09-13 13:49:31,894 [INFO]   [Pandora 3] DESC (pahalı→ucuz) p  3: 192 ilan (toplam=  576, 6s)
2026-09-13 13:49:33,217 [INFO]   [Pandora 3] DESC (pahalı→ucuz) p  4: 192 ilan (toplam=  768, 8s)
2026-09-13 13:49:34,111 [INFO]   [Pandora 3] DESC (pahalı→ucuz) p  5: 192 ilan (toplam=  960, 9s)
2026-09-13 13:49:35,793 [INFO]   [Pandora 3] DESC (pahalı→ucuz) p  6: 192 ilan (toplam= 1152, 10s)
2026-09-13 13:49:37,670 [INFO]   [Pandora 3] DESC (pahalı→ucuz) p  7: 192 ilan (toplam= 1344, 12s)
2026-09-13 13:49:38,561 [INFO]   [Pandora 3] DESC (pahalı→ucuz) p  8: 192 ilan (toplam= 1536, 13s)
2026-09-13 13:49:40,402 [INFO]   [Pandora 3] DESC (pahalı→ucuz) p  9: 192 ilan (toplam= 1728, 15s)
2026-09-13 13:49:42,061 [INFO]   [Pandora 3] DESC (pahalı→ucuz) p 10: 192 ilan (toplam= 1920, 17s)
2026-09-13 13:49:43,990 [INFO]   [Pandora 3] DESC (pahalı→ucuz) p 11: 192 ilan (toplam= 2112, 19s)
2026-09-13 13:49:45,640 [INFO]   [Pandora 3] DESC (pahalı→ucuz) p 12: 192 ilan (toplam= 2304, 20s)
2026-09-13 13:49:46,511 [INFO]   [Pandora 3] DESC (pahalı→ucuz) p 13: 192 ilan (toplam= 2496, 21s)
2026-09-13 13:49:47,472 [INFO]   [Pandora 3] DESC (pahalı→ucuz) p 14: 192 ilan (toplam= 2688, 22s)
2026-09-13 13:49:49,053 [INFO]   [Pandora 3] DESC (pahalı→ucuz) p 15: 192 ilan (toplam= 2880, 24s)
2026-09-13 13:49:49,919 [INFO]   [Pandora 3] DESC (pahalı→ucuz) p 16: 192 ilan (toplam= 3072, 25s)
2026-09-13 13:49:50,795 [INFO]   [Pandora 3] DESC (pahalı→ucuz) p 17: 192 ilan (toplam= 3264, 25s)
2026-09-13 13:49:51,745 [INFO]   [Pandora 3] DESC (pahalı→ucuz) p 18: 192 ilan (toplam= 3456, 26s)
2026-09-13 13:49:52,619 [INFO]   [Pandora 3] DESC (pahalı→ucuz) p 19: 192 ilan (toplam= 3648, 27s)
2026-09-13 13:49:54,032 [INFO]   [Pandora 3] DESC (pahalı→ucuz) p 20: 192 ilan (toplam= 3840, 29s)
2026-09-13 13:49:54,952 [INFO]   [Pandora 3] DESC (pahalı→ucuz) p 21: 192 ilan (toplam= 4032, 30s)
2026-09-13 13:49:56,569 [INFO]   [Pandora 3] DESC (pahalı→ucuz) p 22: 192 ilan (toplam= 4224, 31s)
2026-09-13 13:49:58,041 [INFO]   [Pandora 3] DESC (pahalı→ucuz) p 23: 192 ilan (toplam= 4416, 33s)
2026-09-13 13:49:58,959 [INFO]   [Pandora 3] DESC (pahalı→ucuz) p 24: 192 ilan (toplam= 4608, 34s)
2026-09-13 13:49:59,977 [INFO]   [Pandora 3] DESC (pahalı→ucuz) p 25: 192 ilan (toplam= 4800, 35s)
2026-09-13 13:50:01,367 [INFO]   [Pandora 3] DESC (pahalı→ucuz) p 26: 192 ilan (toplam= 4992, 36s)
2026-09-13 13:50:03,423 [INFO]   [Pandora 3] DESC (pahalı→ucuz) p 27: 192 ilan (toplam= 5184, 38s)
2026-09-13 13:50:04,303 [INFO]   [Pandora 3] DESC (pahalı→ucuz) p 28: 192 ilan (toplam= 5376, 39s)
2026-09-13 13:50:05,173 [INFO]   [Pandora 3] DESC (pahalı→ucuz) p 29: 192 ilan (toplam= 5568, 40s)
2026-09-13 13:50:05,871 [WARNING]   [Pandora 3] DESC (pahalı→ucuz) p30 → 429, 60sn bekle
2026-09-13 13:51:06,195 [INFO] Token yenilendi: eyJzaWQiOiJhN2NjMmQ0...
2026-09-13 13:51:06,397 [WARNING]   [Pandora 3] p30 → 429 — 60sn bekleniyor
2026-09-13 13:52:07,214 [INFO] Token yenilendi: eyJzaWQiOiJhN2NjMmQ0...
2026-09-13 13:52:07,478 [WARNING]   [Pandora 3] p30 → 429 — 120sn bekleniyor
2026-09-13 13:54:07,698 [INFO] Token yenilendi: eyJzaWQiOiJhN2NjMmQ0...
2026-09-13 13:54:07,903 [WARNING]   [Pandora 3] p30 → 429 — 180sn bekleniyor
2026-09-13 13:57:08,154 [INFO] Token yenilendi: eyJzaWQiOiJhN2NjMmQ0...
2026-09-13 13:57:08,154 [WARNING]   [Pandora 3] DESC (pahalı→ucuz) sayfa 30 alinamadi — bitti
2026-09-13 13:57:08,154 [INFO]   [Pandora 3] DESC (pahalı→ucuz) bitti: 5568 ilan
2026-09-13 13:57:08,154 [INFO] [Pandora 3] TOPLAM: 5568 ilan
2026-09-13 13:57:21,058 [INFO] [pandora3] 5568 ilan yazildi (12542ms)
2026-09-13 13:57:21,058 [INFO] Tamamlandi — 476sn
2026-09-13 13:57:21,058 [INFO] ============================================================
2026-09-13 13:58:24,912 [INFO] ============================================================
2026-09-13 13:58:24,912 [INFO] MSGKO Scraper v4 — 2026-09-13 13:58:24
2026-09-13 13:58:24,913 [INFO] Kanal [7]: Pandora 4 (serverType=11) — ASC (ucuz→pahalı)
2026-09-13 13:58:25,411 [INFO] Token alindi: eyJzaWQiOiI4ODdkZWY4...
2026-09-13 13:58:25,411 [INFO] [Pandora 4] Baglanti testi...
2026-09-13 13:58:25,524 [WARNING] Sayfa 1: HTTP 429
2026-09-13 13:58:25,524 [INFO] 60sn bekleniyor...
2026-09-13 13:59:25,763 [INFO] Token yenilendi: eyJzaWQiOiI4ODdkZWY4...
2026-09-13 13:59:25,890 [WARNING] Sayfa 1: HTTP 429
2026-09-13 13:59:25,890 [INFO] 120sn bekleniyor...
2026-09-13 14:01:25,994 [INFO] Token yenilendi: eyJzaWQiOiI4ODdkZWY4...
2026-09-13 14:01:26,117 [WARNING] Sayfa 1: HTTP 429
2026-09-13 14:01:26,117 [WARNING] Site engelliyor — run atlaniyor
2026-09-13 14:04:24,936 [INFO] ============================================================
2026-09-13 14:04:24,937 [INFO] MSGKO Scraper v4 — 2026-09-13 14:04:24
2026-09-13 14:04:24,937 [INFO] Kanal [7]: Pandora 4 (serverType=11) — DESC (pahalı→ucuz)
2026-09-13 14:04:25,569 [INFO] Token alindi: eyJzaWQiOiJiNjdkYTgy...
2026-09-13 14:04:25,569 [INFO] [Pandora 4] Baglanti testi...
2026-09-13 14:04:25,690 [WARNING] Sayfa 1: HTTP 429
2026-09-13 14:04:25,691 [INFO] 60sn bekleniyor...
2026-09-13 14:05:25,813 [INFO] Token yenilendi: eyJzaWQiOiJiNjdkYTgy...
2026-09-13 14:05:25,940 [WARNING] Sayfa 1: HTTP 429
2026-09-13 14:05:25,940 [INFO] 120sn bekleniyor...
2026-09-13 14:07:26,053 [INFO] Token yenilendi: eyJzaWQiOiJiNjdkYTgy...
2026-09-13 14:07:26,168 [WARNING] Sayfa 1: HTTP 429
2026-09-13 14:07:26,169 [WARNING] Site engelliyor — run atlaniyor
2026-09-13 14:10:24,900 [INFO] ============================================================
2026-09-13 14:10:24,900 [INFO] MSGKO Scraper v4 — 2026-09-13 14:10:24
2026-09-13 14:10:24,901 [INFO] Kanal [8]: Destan 2 (serverType=4) — ASC (ucuz→pahalı)
2026-09-13 14:10:25,785 [INFO] Token alindi: eyJzaWQiOiI2ZDFhMzYy...
2026-09-13 14:10:25,785 [INFO] [Destan 2] Baglanti testi...
2026-09-13 14:10:25,960 [WARNING] Sayfa 1: HTTP 429
2026-09-13 14:10:25,960 [INFO] 60sn bekleniyor...
2026-09-13 14:11:26,658 [INFO] Token yenilendi: eyJzaWQiOiI2ZDFhMzYy...
2026-09-13 14:11:26,800 [WARNING] Sayfa 1: HTTP 429
2026-09-13 14:11:26,800 [INFO] 120sn bekleniyor...
2026-09-13 14:13:26,963 [INFO] Token yenilendi: eyJzaWQiOiI2ZDFhMzYy...
2026-09-13 14:13:27,080 [WARNING] Sayfa 1: HTTP 429
2026-09-13 14:13:27,080 [WARNING] Site engelliyor — run atlaniyor
2026-09-13 14:16:24,896 [INFO] ============================================================
2026-09-13 14:16:24,896 [INFO] MSGKO Scraper v4 — 2026-09-13 14:16:24
2026-09-13 14:16:24,897 [INFO] Kanal [8]: Destan 2 (serverType=4) — DESC (pahalı→ucuz)
2026-09-13 14:16:26,210 [INFO] Token alindi: eyJzaWQiOiJmZGZiZTYw...
2026-09-13 14:16:26,210 [INFO] [Destan 2] Baglanti testi...
2026-09-13 14:16:26,329 [WARNING] Sayfa 1: HTTP 429
2026-09-13 14:16:26,329 [INFO] 60sn bekleniyor...
2026-09-13 14:17:27,456 [INFO] Token yenilendi: eyJzaWQiOiJmZGZiZTYw...
2026-09-13 14:17:27,622 [WARNING] Sayfa 1: HTTP 429
2026-09-13 14:17:27,622 [INFO] 120sn bekleniyor...
2026-09-13 14:19:28,452 [INFO] Token yenilendi: eyJzaWQiOiJmZGZiZTYw...
2026-09-13 14:19:28,608 [WARNING] Sayfa 1: HTTP 429
2026-09-13 14:19:28,608 [WARNING] Site engelliyor — run atlaniyor
2026-09-13 14:22:24,899 [INFO] ============================================================
2026-09-13 14:22:24,899 [INFO] MSGKO Scraper v4 — 2026-09-13 14:22:24
2026-09-13 14:22:24,900 [INFO] Kanal [9]: Destan 3 (serverType=13) — ASC (ucuz→pahalı)
2026-09-13 14:22:25,374 [INFO] Token alindi: eyJzaWQiOiI1MWUzZTYw...
2026-09-13 14:22:25,375 [INFO] [Destan 3] Baglanti testi...
2026-09-13 14:22:25,863 [INFO] Baglanti OK!
2026-09-13 14:22:25,864 [INFO] [Destan 3] ASC (ucuz→pahalı)
2026-09-13 14:22:25,962 [INFO]   [Destan 3] ASC (ucuz→pahalı) p  1: 192 ilan (toplam=  192, 1s)
2026-09-13 14:22:27,488 [INFO]   [Destan 3] ASC (ucuz→pahalı) p  2: 192 ilan (toplam=  384, 2s)
2026-09-13 14:22:29,082 [INFO]   [Destan 3] ASC (ucuz→pahalı) p  3: 192 ilan (toplam=  576, 4s)
2026-09-13 14:22:30,612 [INFO]   [Destan 3] ASC (ucuz→pahalı) p  4: 192 ilan (toplam=  768, 5s)
2026-09-13 14:22:31,391 [INFO]   [Destan 3] ASC (ucuz→pahalı) p  5: 192 ilan (toplam=  960, 6s)
2026-09-13 14:22:33,115 [INFO]   [Destan 3] ASC (ucuz→pahalı) p  6: 192 ilan (toplam= 1152, 8s)
2026-09-13 14:22:33,890 [INFO]   [Destan 3] ASC (ucuz→pahalı) p  7: 192 ilan (toplam= 1344, 8s)
2026-09-13 14:22:34,630 [INFO]   [Destan 3] ASC (ucuz→pahalı) p  8: 192 ilan (toplam= 1536, 9s)
2026-09-13 14:22:35,440 [INFO]   [Destan 3] ASC (ucuz→pahalı) p  9: 192 ilan (toplam= 1728, 10s)
2026-09-13 14:22:36,914 [INFO]   [Destan 3] ASC (ucuz→pahalı) p 10: 192 ilan (toplam= 1920, 12s)
2026-09-13 14:22:37,666 [INFO]   [Destan 3] ASC (ucuz→pahalı) p 11: 192 ilan (toplam= 2112, 12s)
2026-09-13 14:22:39,460 [INFO]   [Destan 3] ASC (ucuz→pahalı) p 12: 192 ilan (toplam= 2304, 14s)
2026-09-13 14:22:40,231 [INFO]   [Destan 3] ASC (ucuz→pahalı) p 13: 192 ilan (toplam= 2496, 15s)
2026-09-13 14:22:41,042 [INFO]   [Destan 3] ASC (ucuz→pahalı) p 14: 192 ilan (toplam= 2688, 16s)
2026-09-13 14:22:42,984 [INFO]   [Destan 3] ASC (ucuz→pahalı) p 15: 192 ilan (toplam= 2880, 18s)
2026-09-13 14:22:44,692 [INFO]   [Destan 3] ASC (ucuz→pahalı) p 16: 192 ilan (toplam= 3072, 19s)
2026-09-13 14:22:45,443 [INFO]   [Destan 3] ASC (ucuz→pahalı) p 17: 192 ilan (toplam= 3264, 20s)
2026-09-13 14:22:46,943 [INFO]   [Destan 3] ASC (ucuz→pahalı) p 18: 192 ilan (toplam= 3456, 22s)
2026-09-13 14:22:47,699 [INFO]   [Destan 3] ASC (ucuz→pahalı) p 19: 192 ilan (toplam= 3648, 22s)
2026-09-13 14:22:49,690 [INFO]   [Destan 3] ASC (ucuz→pahalı) p 20: 192 ilan (toplam= 3840, 24s)
2026-09-13 14:22:50,552 [INFO]   [Destan 3] ASC (ucuz→pahalı) p 21: 192 ilan (toplam= 4032, 25s)
2026-09-13 14:22:51,318 [INFO]   [Destan 3] ASC (ucuz→pahalı) p 22: 192 ilan (toplam= 4224, 26s)
2026-09-13 14:22:52,076 [INFO]   [Destan 3] ASC (ucuz→pahalı) p 23: 192 ilan (toplam= 4416, 27s)
2026-09-13 14:22:53,488 [INFO]   [Destan 3] ASC (ucuz→pahalı) p 24: 192 ilan (toplam= 4608, 28s)
2026-09-13 14:22:54,286 [INFO]   [Destan 3] ASC (ucuz→pahalı) p 25: 192 ilan (toplam= 4800, 29s)
2026-09-13 14:22:55,477 [INFO]   [Destan 3] ASC (ucuz→pahalı) p 26: 192 ilan (toplam= 4992, 30s)
2026-09-13 14:22:57,202 [INFO]   [Destan 3] ASC (ucuz→pahalı) p 27: 192 ilan (toplam= 5184, 32s)
2026-09-13 14:22:57,998 [INFO]   [Destan 3] ASC (ucuz→pahalı) p 28: 192 ilan (toplam= 5376, 33s)
2026-09-13 14:22:58,740 [INFO]   [Destan 3] ASC (ucuz→pahalı) p 29: 192 ilan (toplam= 5568, 33s)
2026-09-13 14:22:59,473 [INFO]   [Destan 3] ASC (ucuz→pahalı) p 30: 192 ilan (toplam= 5760, 34s)
2026-09-13 14:23:00,570 [WARNING]   [Destan 3] ASC (ucuz→pahalı) p31 → 429, 60sn bekle
2026-09-13 14:24:00,711 [INFO] Token yenilendi: eyJzaWQiOiI1MWUzZTYw...
2026-09-13 14:24:00,812 [WARNING]   [Destan 3] p31 → 429 — 60sn bekleniyor
2026-09-13 14:25:00,919 [INFO] Token yenilendi: eyJzaWQiOiI1MWUzZTYw...
2026-09-13 14:25:01,049 [WARNING]   [Destan 3] p31 → 429 — 120sn bekleniyor
2026-09-13 14:27:01,619 [INFO] Token yenilendi: eyJzaWQiOiI1MWUzZTYw...
2026-09-13 14:27:01,733 [WARNING]   [Destan 3] p31 → 429 — 180sn bekleniyor
2026-09-13 14:30:01,913 [INFO] Token yenilendi: eyJzaWQiOiI1MWUzZTYw...
2026-09-13 14:30:01,914 [WARNING]   [Destan 3] ASC (ucuz→pahalı) sayfa 31 alinamadi — bitti
2026-09-13 14:30:01,914 [INFO]   [Destan 3] ASC (ucuz→pahalı) bitti: 5760 ilan
2026-09-13 14:30:01,914 [INFO] [Destan 3] TOPLAM: 5760 ilan
2026-09-13 14:30:14,821 [INFO] [destan3] 5760 ilan yazildi (12558ms)
2026-09-13 14:30:14,821 [INFO] Tamamlandi — 469sn
2026-09-13 14:30:14,821 [INFO] ============================================================
2026-09-13 14:31:24,898 [INFO] ============================================================
2026-09-13 14:31:24,898 [INFO] MSGKO Scraper v4 — 2026-09-13 14:31:24
2026-09-13 14:31:24,899 [INFO] Kanal [9]: Destan 3 (serverType=13) — DESC (pahalı→ucuz)
2026-09-13 14:31:25,480 [INFO] Token alindi: eyJzaWQiOiIxYjY0NDkx...
2026-09-13 14:31:25,481 [INFO] [Destan 3] Baglanti testi...
2026-09-13 14:31:26,507 [WARNING] Sayfa 1: HTTP 429
2026-09-13 14:31:26,507 [INFO] 60sn bekleniyor...
2026-09-13 14:32:26,973 [INFO] Token yenilendi: eyJzaWQiOiIxYjY0NDkx...
2026-09-13 14:32:27,097 [WARNING] Sayfa 1: HTTP 429
2026-09-13 14:32:27,098 [INFO] 120sn bekleniyor...
2026-09-13 14:34:27,246 [INFO] Token yenilendi: eyJzaWQiOiIxYjY0NDkx...
2026-09-13 14:34:27,378 [WARNING] Sayfa 1: HTTP 429
2026-09-13 14:34:27,378 [WARNING] Site engelliyor — run atlaniyor
2026-09-13 14:37:24,910 [INFO] ============================================================
2026-09-13 14:37:24,911 [INFO] MSGKO Scraper v4 — 2026-09-13 14:37:24
2026-09-13 14:37:24,911 [INFO] Kanal [0]: Zero 3 (serverType=0) — ASC (ucuz→pahalı)
2026-09-13 14:37:25,403 [INFO] Token alindi: eyJzaWQiOiJhNDhhMjZl...
2026-09-13 14:37:25,404 [INFO] [Zero 3] Baglanti testi...
2026-09-13 14:37:25,529 [WARNING] Sayfa 1: HTTP 429
2026-09-13 14:37:25,529 [INFO] 60sn bekleniyor...
2026-09-13 14:38:25,649 [INFO] Token yenilendi: eyJzaWQiOiJhNDhhMjZl...
2026-09-13 14:38:25,760 [WARNING] Sayfa 1: HTTP 429
2026-09-13 14:38:25,760 [INFO] 120sn bekleniyor...
2026-09-13 14:40:25,893 [INFO] Token yenilendi: eyJzaWQiOiJhNDhhMjZl...
2026-09-13 14:40:25,998 [WARNING] Sayfa 1: HTTP 429
2026-09-13 14:40:25,998 [WARNING] Site engelliyor — run atlaniyor
2026-09-13 14:43:24,901 [INFO] ============================================================
2026-09-13 14:43:24,901 [INFO] MSGKO Scraper v4 — 2026-09-13 14:43:24
2026-09-13 14:43:24,901 [INFO] Kanal [0]: Zero 3 (serverType=0) — DESC (pahalı→ucuz)
2026-09-13 14:43:25,410 [INFO] Token alindi: eyJzaWQiOiJkZWY2MGU0...
2026-09-13 14:43:25,411 [INFO] [Zero 3] Baglanti testi...
2026-09-13 14:43:26,497 [WARNING] Sayfa 1: HTTP 429
2026-09-13 14:43:26,497 [INFO] 60sn bekleniyor...
2026-09-13 14:44:26,864 [INFO] Token yenilendi: eyJzaWQiOiJkZWY2MGU0...
2026-09-13 14:44:26,995 [WARNING] Sayfa 1: HTTP 429
2026-09-13 14:44:26,995 [INFO] 120sn bekleniyor...
2026-09-13 14:46:27,124 [INFO] Token yenilendi: eyJzaWQiOiJkZWY2MGU0...
2026-09-13 14:46:27,246 [WARNING] Sayfa 1: HTTP 429
2026-09-13 14:46:27,246 [WARNING] Site engelliyor — run atlaniyor
2026-09-13 14:49:24,914 [INFO] ============================================================
2026-09-13 14:49:24,914 [INFO] MSGKO Scraper v4 — 2026-09-13 14:49:24
2026-09-13 14:49:24,915 [INFO] Kanal [1]: Zero 4 (serverType=5) — ASC (ucuz→pahalı)
2026-09-13 14:49:25,557 [INFO] Token alindi: eyJzaWQiOiI2OWEwMmI4...
2026-09-13 14:49:25,557 [INFO] [Zero 4] Baglanti testi...
2026-09-13 14:49:25,762 [WARNING] Sayfa 1: HTTP 429
2026-09-13 14:49:25,762 [INFO] 60sn bekleniyor...
2026-09-13 14:50:26,054 [INFO] Token yenilendi: eyJzaWQiOiI2OWEwMmI4...
2026-09-13 14:50:26,254 [WARNING] Sayfa 1: HTTP 429
2026-09-13 14:50:26,254 [INFO] 120sn bekleniyor...
2026-09-13 14:52:26,533 [INFO] Token yenilendi: eyJzaWQiOiI2OWEwMmI4...
2026-09-13 14:52:26,722 [WARNING] Sayfa 1: HTTP 429
2026-09-13 14:52:26,722 [WARNING] Site engelliyor — run atlaniyor
2026-09-13 14:55:24,904 [INFO] ============================================================
2026-09-13 14:55:24,904 [INFO] MSGKO Scraper v4 — 2026-09-13 14:55:24
2026-09-13 14:55:24,904 [INFO] Kanal [1]: Zero 4 (serverType=5) — DESC (pahalı→ucuz)
2026-09-13 14:55:25,450 [INFO] Token alindi: eyJzaWQiOiJlNGNmNjkx...
2026-09-13 14:55:25,451 [INFO] [Zero 4] Baglanti testi...
2026-09-13 14:55:25,720 [INFO] Baglanti OK!
2026-09-13 14:55:25,720 [INFO] [Zero 4] DESC (pahalı→ucuz)
2026-09-13 14:55:26,730 [INFO]   [Zero 4] DESC (pahalı→ucuz) p  1: 192 ilan (toplam=  192, 1s)
2026-09-13 14:55:27,606 [INFO]   [Zero 4] DESC (pahalı→ucuz) p  2: 192 ilan (toplam=  384, 2s)
2026-09-13 14:55:28,385 [INFO]   [Zero 4] DESC (pahalı→ucuz) p  3: 192 ilan (toplam=  576, 3s)
2026-09-13 14:55:29,170 [INFO]   [Zero 4] DESC (pahalı→ucuz) p  4: 192 ilan (toplam=  768, 4s)
2026-09-13 14:55:30,894 [INFO]   [Zero 4] DESC (pahalı→ucuz) p  5: 192 ilan (toplam=  960, 5s)
2026-09-13 14:55:31,667 [INFO]   [Zero 4] DESC (pahalı→ucuz) p  6: 192 ilan (toplam= 1152, 6s)
2026-09-13 14:55:32,914 [INFO]   [Zero 4] DESC (pahalı→ucuz) p  7: 192 ilan (toplam= 1344, 8s)
2026-09-13 14:55:34,699 [INFO]   [Zero 4] DESC (pahalı→ucuz) p  8: 192 ilan (toplam= 1536, 9s)
2026-09-13 14:55:35,497 [INFO]   [Zero 4] DESC (pahalı→ucuz) p  9: 192 ilan (toplam= 1728, 10s)
2026-09-13 14:55:36,270 [INFO]   [Zero 4] DESC (pahalı→ucuz) p 10: 192 ilan (toplam= 1920, 11s)
2026-09-13 14:55:38,055 [INFO]   [Zero 4] DESC (pahalı→ucuz) p 11: 192 ilan (toplam= 2112, 13s)
2026-09-13 14:55:38,828 [INFO]   [Zero 4] DESC (pahalı→ucuz) p 12: 192 ilan (toplam= 2304, 13s)
2026-09-13 14:55:40,166 [INFO]   [Zero 4] DESC (pahalı→ucuz) p 13: 192 ilan (toplam= 2496, 15s)
2026-09-13 14:55:41,006 [INFO]   [Zero 4] DESC (pahalı→ucuz) p 14: 192 ilan (toplam= 2688, 16s)
2026-09-13 14:55:41,850 [INFO]   [Zero 4] DESC (pahalı→ucuz) p 15: 192 ilan (toplam= 2880, 16s)
2026-09-13 14:55:42,617 [INFO]   [Zero 4] DESC (pahalı→ucuz) p 16: 192 ilan (toplam= 3072, 17s)
2026-09-13 14:55:44,089 [INFO]   [Zero 4] DESC (pahalı→ucuz) p 17: 192 ilan (toplam= 3264, 19s)
2026-09-13 14:55:44,918 [INFO]   [Zero 4] DESC (pahalı→ucuz) p 18: 192 ilan (toplam= 3456, 20s)
2026-09-13 14:55:45,686 [INFO]   [Zero 4] DESC (pahalı→ucuz) p 19: 192 ilan (toplam= 3648, 20s)
2026-09-13 14:55:46,502 [INFO]   [Zero 4] DESC (pahalı→ucuz) p 20: 192 ilan (toplam= 3840, 21s)
2026-09-13 14:55:47,904 [INFO]   [Zero 4] DESC (pahalı→ucuz) p 21: 192 ilan (toplam= 4032, 23s)
2026-09-13 14:55:49,603 [INFO]   [Zero 4] DESC (pahalı→ucuz) p 22: 192 ilan (toplam= 4224, 24s)
2026-09-13 14:55:51,194 [INFO]   [Zero 4] DESC (pahalı→ucuz) p 23: 192 ilan (toplam= 4416, 26s)
2026-09-13 14:55:52,040 [INFO]   [Zero 4] DESC (pahalı→ucuz) p 24: 192 ilan (toplam= 4608, 27s)
2026-09-13 14:55:52,799 [INFO]   [Zero 4] DESC (pahalı→ucuz) p 25: 192 ilan (toplam= 4800, 27s)
2026-09-13 14:55:54,727 [INFO]   [Zero 4] DESC (pahalı→ucuz) p 26: 192 ilan (toplam= 4992, 29s)
2026-09-13 14:55:56,473 [INFO]   [Zero 4] DESC (pahalı→ucuz) p 27: 192 ilan (toplam= 5184, 31s)
2026-09-13 14:55:58,001 [INFO]   [Zero 4] DESC (pahalı→ucuz) p 28: 192 ilan (toplam= 5376, 33s)
2026-09-13 14:55:58,782 [INFO]   [Zero 4] DESC (pahalı→ucuz) p 29: 192 ilan (toplam= 5568, 33s)
2026-09-13 14:55:59,397 [WARNING]   [Zero 4] DESC (pahalı→ucuz) p30 → 429, 60sn bekle
2026-09-13 14:56:59,525 [INFO] Token yenilendi: eyJzaWQiOiJlNGNmNjkx...
2026-09-13 14:56:59,662 [WARNING]   [Zero 4] p30 → 429 — 60sn bekleniyor
2026-09-13 14:58:00,596 [INFO] Token yenilendi: eyJzaWQiOiJlNGNmNjkx...
2026-09-13 14:58:00,711 [WARNING]   [Zero 4] p30 → 429 — 120sn bekleniyor
2026-09-13 15:00:00,918 [INFO] Token yenilendi: eyJzaWQiOiJlNGNmNjkx...
2026-09-13 15:00:01,049 [WARNING]   [Zero 4] p30 → 429 — 180sn bekleniyor
2026-09-13 15:03:01,350 [INFO] Token yenilendi: eyJzaWQiOiJlNGNmNjkx...
2026-09-13 15:03:01,350 [WARNING]   [Zero 4] DESC (pahalı→ucuz) sayfa 30 alinamadi — bitti
2026-09-13 15:03:01,350 [INFO]   [Zero 4] DESC (pahalı→ucuz) bitti: 5568 ilan
2026-09-13 15:03:01,350 [INFO] [Zero 4] TOPLAM: 5568 ilan
2026-09-13 15:03:12,949 [INFO] [zero4] 5568 ilan yazildi (11275ms)
2026-09-13 15:03:12,950 [INFO] Tamamlandi — 468sn
2026-09-13 15:03:12,950 [INFO] ============================================================
2026-09-13 15:04:24,927 [INFO] ============================================================
2026-09-13 15:04:24,927 [INFO] MSGKO Scraper v4 — 2026-09-13 15:04:24
2026-09-13 15:04:24,928 [INFO] Kanal [2]: Zero 5 (serverType=8) — ASC (ucuz→pahalı)
2026-09-13 15:04:25,596 [INFO] Token alindi: eyJzaWQiOiJmYmYyYTRh...
2026-09-13 15:04:25,596 [INFO] [Zero 5] Baglanti testi...
2026-09-13 15:04:25,806 [WARNING] Sayfa 1: HTTP 429
2026-09-13 15:04:25,806 [INFO] 60sn bekleniyor...
2026-09-13 15:05:25,996 [INFO] Token yenilendi: eyJzaWQiOiJmYmYyYTRh...
2026-09-13 15:05:26,191 [WARNING] Sayfa 1: HTTP 429
2026-09-13 15:05:26,191 [INFO] 120sn bekleniyor...
2026-09-13 15:07:27,456 [INFO] Token yenilendi: eyJzaWQiOiJmYmYyYTRh...
2026-09-13 15:07:27,644 [WARNING] Sayfa 1: HTTP 429
2026-09-13 15:07:27,644 [WARNING] Site engelliyor — run atlaniyor
2026-09-13 15:10:24,930 [INFO] ============================================================
2026-09-13 15:10:24,930 [INFO] MSGKO Scraper v4 — 2026-09-13 15:10:24
2026-09-13 15:10:24,931 [INFO] Kanal [2]: Zero 5 (serverType=8) — DESC (pahalı→ucuz)
2026-09-13 15:10:25,458 [INFO] Token alindi: eyJzaWQiOiI4ZTgyOTll...
2026-09-13 15:10:25,458 [INFO] [Zero 5] Baglanti testi...
2026-09-13 15:10:25,571 [WARNING] Sayfa 1: HTTP 429
2026-09-13 15:10:25,571 [INFO] 60sn bekleniyor...
2026-09-13 15:11:26,440 [INFO] Token yenilendi: eyJzaWQiOiI4ZTgyOTll...
2026-09-13 15:11:26,547 [WARNING] Sayfa 1: HTTP 429
2026-09-13 15:11:26,547 [INFO] 120sn bekleniyor...
2026-09-13 15:13:26,665 [INFO] Token yenilendi: eyJzaWQiOiI4ZTgyOTll...
2026-09-13 15:13:26,809 [WARNING] Sayfa 1: HTTP 429
2026-09-13 15:13:26,810 [WARNING] Site engelliyor — run atlaniyor
2026-09-13 15:16:24,921 [INFO] ============================================================
2026-09-13 15:16:24,922 [INFO] MSGKO Scraper v4 — 2026-09-13 15:16:24
2026-09-13 15:16:24,922 [INFO] Kanal [3]: Zero 8 (serverType=15) — ASC (ucuz→pahalı)
2026-09-13 15:16:26,109 [INFO] Token alindi: eyJzaWQiOiI1YjY2Yzc5...
2026-09-13 15:16:26,110 [INFO] [Zero 8] Baglanti testi...
2026-09-13 15:16:26,248 [WARNING] Sayfa 1: HTTP 429
2026-09-13 15:16:26,248 [INFO] 60sn bekleniyor...
2026-09-13 15:17:27,303 [INFO] Token yenilendi: eyJzaWQiOiI1YjY2Yzc5...
2026-09-13 15:17:27,410 [WARNING] Sayfa 1: HTTP 429
2026-09-13 15:17:27,411 [INFO] 120sn bekleniyor...
2026-09-13 15:19:27,545 [INFO] Token yenilendi: eyJzaWQiOiI1YjY2Yzc5...
2026-09-13 15:19:28,668 [WARNING] Sayfa 1: HTTP 429
2026-09-13 15:19:28,668 [WARNING] Site engelliyor — run atlaniyor
2026-09-13 15:22:24,910 [INFO] ============================================================
2026-09-13 15:22:24,910 [INFO] MSGKO Scraper v4 — 2026-09-13 15:22:24
2026-09-13 15:22:24,910 [INFO] Kanal [3]: Zero 8 (serverType=15) — DESC (pahalı→ucuz)
2026-09-13 15:22:25,558 [INFO] Token alindi: eyJzaWQiOiI4MjU2MjVk...
2026-09-13 15:22:25,558 [INFO] [Zero 8] Baglanti testi...
2026-09-13 15:22:25,672 [WARNING] Sayfa 1: HTTP 429
2026-09-13 15:22:25,672 [INFO] 60sn bekleniyor...
2026-09-13 15:23:25,921 [INFO] Token yenilendi: eyJzaWQiOiI4MjU2MjVk...
2026-09-13 15:23:26,026 [WARNING] Sayfa 1: HTTP 429
2026-09-13 15:23:26,026 [INFO] 120sn bekleniyor...
2026-09-13 15:25:26,531 [INFO] Token yenilendi: eyJzaWQiOiI4MjU2MjVk...
2026-09-13 15:25:27,584 [WARNING] Sayfa 1: HTTP 429
2026-09-13 15:25:27,584 [WARNING] Site engelliyor — run atlaniyor
2026-09-13 15:28:24,907 [INFO] ============================================================
2026-09-13 15:28:24,907 [INFO] MSGKO Scraper v4 — 2026-09-13 15:28:24
2026-09-13 15:28:24,908 [INFO] Kanal [4]: Agartha 3 (serverType=1) — ASC (ucuz→pahalı)
2026-09-13 15:28:25,723 [INFO] Token alindi: eyJzaWQiOiJjNGVlNGVm...
2026-09-13 15:28:25,723 [INFO] [Agartha 3] Baglanti testi...
2026-09-13 15:28:26,199 [INFO] Baglanti OK!
2026-09-13 15:28:26,199 [INFO] [Agartha 3] ASC (ucuz→pahalı)
2026-09-13 15:28:26,292 [INFO]   [Agartha 3] ASC (ucuz→pahalı) p  1: 192 ilan (toplam=  192, 1s)
2026-09-13 15:28:28,246 [INFO]   [Agartha 3] ASC (ucuz→pahalı) p  2: 192 ilan (toplam=  384, 3s)
2026-09-13 15:28:30,112 [INFO]   [Agartha 3] ASC (ucuz→pahalı) p  3: 192 ilan (toplam=  576, 5s)
2026-09-13 15:28:31,806 [INFO]   [Agartha 3] ASC (ucuz→pahalı) p  4: 192 ilan (toplam=  768, 6s)
2026-09-13 15:28:32,653 [INFO]   [Agartha 3] ASC (ucuz→pahalı) p  5: 192 ilan (toplam=  960, 7s)
2026-09-13 15:28:34,035 [INFO]   [Agartha 3] ASC (ucuz→pahalı) p  6: 192 ilan (toplam= 1152, 9s)
2026-09-13 15:28:35,617 [INFO]   [Agartha 3] ASC (ucuz→pahalı) p  7: 192 ilan (toplam= 1344, 10s)
2026-09-13 15:28:37,154 [INFO]   [Agartha 3] ASC (ucuz→pahalı) p  8: 192 ilan (toplam= 1536, 12s)
2026-09-13 15:28:38,044 [INFO]   [Agartha 3] ASC (ucuz→pahalı) p  9: 192 ilan (toplam= 1728, 13s)
2026-09-13 15:28:39,129 [INFO]   [Agartha 3] ASC (ucuz→pahalı) p 10: 192 ilan (toplam= 1920, 14s)
2026-09-13 15:28:39,968 [INFO]   [Agartha 3] ASC (ucuz→pahalı) p 11: 192 ilan (toplam= 2112, 15s)
2026-09-13 15:28:41,242 [INFO]   [Agartha 3] ASC (ucuz→pahalı) p 12: 192 ilan (toplam= 2304, 16s)
2026-09-13 15:28:42,919 [INFO]   [Agartha 3] ASC (ucuz→pahalı) p 13: 192 ilan (toplam= 2496, 18s)
2026-09-13 15:28:43,787 [INFO]   [Agartha 3] ASC (ucuz→pahalı) p 14: 192 ilan (toplam= 2688, 18s)
2026-09-13 15:28:44,660 [INFO]   [Agartha 3] ASC (ucuz→pahalı) p 15: 192 ilan (toplam= 2880, 19s)
2026-09-13 15:28:45,500 [INFO]   [Agartha 3] ASC (ucuz→pahalı) p 16: 192 ilan (toplam= 3072, 20s)
2026-09-13 15:28:46,324 [INFO]   [Agartha 3] ASC (ucuz→pahalı) p 17: 192 ilan (toplam= 3264, 21s)
2026-09-13 15:28:47,243 [INFO]   [Agartha 3] ASC (ucuz→pahalı) p 18: 192 ilan (toplam= 3456, 22s)
2026-09-13 15:28:48,106 [INFO]   [Agartha 3] ASC (ucuz→pahalı) p 19: 192 ilan (toplam= 3648, 23s)
2026-09-13 15:28:48,943 [INFO]   [Agartha 3] ASC (ucuz→pahalı) p 20: 192 ilan (toplam= 3840, 24s)
2026-09-13 15:28:50,544 [INFO]   [Agartha 3] ASC (ucuz→pahalı) p 21: 192 ilan (toplam= 4032, 25s)
2026-09-13 15:28:51,438 [INFO]   [Agartha 3] ASC (ucuz→pahalı) p 22: 192 ilan (toplam= 4224, 26s)
2026-09-13 15:28:52,257 [INFO]   [Agartha 3] ASC (ucuz→pahalı) p 23: 192 ilan (toplam= 4416, 27s)
2026-09-13 15:28:53,146 [INFO]   [Agartha 3] ASC (ucuz→pahalı) p 24: 192 ilan (toplam= 4608, 28s)
2026-09-13 15:28:54,685 [INFO]   [Agartha 3] ASC (ucuz→pahalı) p 25: 192 ilan (toplam= 4800, 29s)
2026-09-13 15:28:55,513 [INFO]   [Agartha 3] ASC (ucuz→pahalı) p 26: 192 ilan (toplam= 4992, 30s)
2026-09-13 15:28:57,485 [INFO]   [Agartha 3] ASC (ucuz→pahalı) p 27: 192 ilan (toplam= 5184, 32s)
2026-09-13 15:28:58,556 [INFO]   [Agartha 3] ASC (ucuz→pahalı) p 28: 192 ilan (toplam= 5376, 33s)
2026-09-13 15:28:59,506 [INFO]   [Agartha 3] ASC (ucuz→pahalı) p 29: 192 ilan (toplam= 5568, 34s)
2026-09-13 15:29:00,357 [INFO]   [Agartha 3] ASC (ucuz→pahalı) p 30: 192 ilan (toplam= 5760, 35s)
2026-09-13 15:29:01,052 [WARNING]   [Agartha 3] ASC (ucuz→pahalı) p31 → 429, 60sn bekle
2026-09-13 15:30:01,260 [INFO] Token yenilendi: eyJzaWQiOiJjNGVlNGVm...
2026-09-13 15:30:01,501 [WARNING]   [Agartha 3] p31 → 429 — 60sn bekleniyor
2026-09-13 15:31:01,768 [INFO] Token yenilendi: eyJzaWQiOiJjNGVlNGVm...
2026-09-13 15:31:02,012 [WARNING]   [Agartha 3] p31 → 429 — 120sn bekleniyor
2026-09-13 15:33:02,312 [INFO] Token yenilendi: eyJzaWQiOiJjNGVlNGVm...
2026-09-13 15:33:03,567 [WARNING]   [Agartha 3] p31 → 429 — 180sn bekleniyor
2026-09-13 15:36:03,793 [INFO] Token yenilendi: eyJzaWQiOiJjNGVlNGVm...
2026-09-13 15:36:03,858 [WARNING]   [Agartha 3] ASC (ucuz→pahalı) sayfa 31 alinamadi — bitti
2026-09-13 15:36:03,858 [INFO]   [Agartha 3] ASC (ucuz→pahalı) bitti: 5760 ilan
2026-09-13 15:36:03,858 [INFO] [Agartha 3] TOPLAM: 5760 ilan
2026-09-13 15:36:13,695 [INFO] [agartha3] 5760 ilan yazildi (9549ms)
2026-09-13 15:36:13,695 [INFO] Tamamlandi — 468sn
2026-09-13 15:36:13,696 [INFO] ============================================================
2026-09-13 15:37:26,012 [INFO] ============================================================
2026-09-13 15:37:26,012 [INFO] MSGKO Scraper v4 — 2026-09-13 15:37:26
2026-09-13 15:37:26,012 [INFO] Kanal [4]: Agartha 3 (serverType=1) — DESC (pahalı→ucuz)
2026-09-13 15:37:26,744 [INFO] Token alindi: eyJzaWQiOiIyYzgwNmRj...
2026-09-13 15:37:26,745 [INFO] [Agartha 3] Baglanti testi...
2026-09-13 15:37:26,851 [WARNING] Sayfa 1: HTTP 429
2026-09-13 15:37:26,851 [INFO] 60sn bekleniyor...
2026-09-13 15:38:26,962 [INFO] Token yenilendi: eyJzaWQiOiIyYzgwNmRj...
2026-09-13 15:38:27,274 [WARNING] Sayfa 1: HTTP 429
2026-09-13 15:38:27,274 [INFO] 120sn bekleniyor...
2026-09-13 15:40:27,652 [INFO] Token yenilendi: eyJzaWQiOiIyYzgwNmRj...
2026-09-13 15:40:27,838 [WARNING] Sayfa 1: HTTP 429
2026-09-13 15:40:27,838 [WARNING] Site engelliyor — run atlaniyor
2026-09-13 15:43:24,986 [INFO] ============================================================
2026-09-13 15:43:24,987 [INFO] MSGKO Scraper v4 — 2026-09-13 15:43:24
2026-09-13 15:43:24,987 [INFO] Kanal [5]: Agartha 4 (serverType=12) — ASC (ucuz→pahalı)
2026-09-13 15:43:25,584 [INFO] Token alindi: eyJzaWQiOiI2OGZlZjdi...
2026-09-13 15:43:25,584 [INFO] [Agartha 4] Baglanti testi...
2026-09-13 15:43:25,711 [WARNING] Sayfa 1: HTTP 429
2026-09-13 15:43:25,711 [INFO] 60sn bekleniyor...
2026-09-13 15:44:25,858 [INFO] Token yenilendi: eyJzaWQiOiI2OGZlZjdi...
2026-09-13 15:44:25,996 [WARNING] Sayfa 1: HTTP 429
2026-09-13 15:44:25,996 [INFO] 120sn bekleniyor...
2026-09-13 15:46:26,132 [INFO] Token yenilendi: eyJzaWQiOiI2OGZlZjdi...
2026-09-13 15:46:26,253 [WARNING] Sayfa 1: HTTP 429
2026-09-13 15:46:26,253 [WARNING] Site engelliyor — run atlaniyor
2026-09-13 15:49:25,027 [INFO] ============================================================
2026-09-13 15:49:25,027 [INFO] MSGKO Scraper v4 — 2026-09-13 15:49:25
2026-09-13 15:49:25,028 [INFO] Kanal [5]: Agartha 4 (serverType=12) — DESC (pahalı→ucuz)
2026-09-13 15:49:27,089 [INFO] Token alindi: eyJzaWQiOiIxMGY0NzRl...
2026-09-13 15:49:27,089 [INFO] [Agartha 4] Baglanti testi...
2026-09-13 15:49:27,345 [WARNING] Sayfa 1: HTTP 429
2026-09-13 15:49:27,345 [INFO] 60sn bekleniyor...
2026-09-13 15:50:27,553 [INFO] Token yenilendi: eyJzaWQiOiIxMGY0NzRl...
2026-09-13 15:50:28,756 [WARNING] Sayfa 1: HTTP 429
2026-09-13 15:50:28,756 [INFO] 120sn bekleniyor...
2026-09-13 15:52:29,101 [INFO] Token yenilendi: eyJzaWQiOiIxMGY0NzRl...
2026-09-13 15:52:29,293 [WARNING] Sayfa 1: HTTP 429
2026-09-13 15:52:29,293 [WARNING] Site engelliyor — run atlaniyor
2026-09-13 15:55:24,985 [INFO] ============================================================
2026-09-13 15:55:24,985 [INFO] MSGKO Scraper v4 — 2026-09-13 15:55:24
2026-09-13 15:55:24,985 [INFO] Kanal [6]: Pandora 3 (serverType=2) — ASC (ucuz→pahalı)
2026-09-13 15:55:25,522 [INFO] Token alindi: eyJzaWQiOiI5NTY5Yzlj...
2026-09-13 15:55:25,522 [INFO] [Pandora 3] Baglanti testi...
2026-09-13 15:55:25,669 [WARNING] Sayfa 1: HTTP 429
2026-09-13 15:55:25,669 [INFO] 60sn bekleniyor...
2026-09-13 15:56:25,788 [INFO] Token yenilendi: eyJzaWQiOiI5NTY5Yzlj...
2026-09-13 15:56:25,924 [WARNING] Sayfa 1: HTTP 429
2026-09-13 15:56:25,924 [INFO] 120sn bekleniyor...
2026-09-13 15:58:26,244 [INFO] Token yenilendi: eyJzaWQiOiI5NTY5Yzlj...
2026-09-13 15:58:26,364 [WARNING] Sayfa 1: HTTP 429
2026-09-13 15:58:26,364 [WARNING] Site engelliyor — run atlaniyor
2026-09-13 16:01:24,995 [INFO] ============================================================
2026-09-13 16:01:24,995 [INFO] MSGKO Scraper v4 — 2026-09-13 16:01:24
2026-09-13 16:01:24,995 [INFO] Kanal [6]: Pandora 3 (serverType=2) — DESC (pahalı→ucuz)
2026-09-13 16:01:25,481 [INFO] Token alindi: eyJzaWQiOiIxZmJhNzk4...
2026-09-13 16:01:25,481 [INFO] [Pandora 3] Baglanti testi...
2026-09-13 16:01:25,662 [INFO] Baglanti OK!
2026-09-13 16:01:25,662 [INFO] [Pandora 3] DESC (pahalı→ucuz)
2026-09-13 16:01:26,124 [INFO]   [Pandora 3] DESC (pahalı→ucuz) p  1: 192 ilan (toplam=  192, 1s)
2026-09-13 16:01:27,494 [INFO]   [Pandora 3] DESC (pahalı→ucuz) p  2: 192 ilan (toplam=  384, 2s)
2026-09-13 16:01:28,296 [INFO]   [Pandora 3] DESC (pahalı→ucuz) p  3: 192 ilan (toplam=  576, 3s)
2026-09-13 16:01:29,083 [INFO]   [Pandora 3] DESC (pahalı→ucuz) p  4: 192 ilan (toplam=  768, 4s)
2026-09-13 16:01:29,914 [INFO]   [Pandora 3] DESC (pahalı→ucuz) p  5: 192 ilan (toplam=  960, 4s)
2026-09-13 16:01:30,688 [INFO]   [Pandora 3] DESC (pahalı→ucuz) p  6: 192 ilan (toplam= 1152, 5s)
2026-09-13 16:01:31,452 [INFO]   [Pandora 3] DESC (pahalı→ucuz) p  7: 192 ilan (toplam= 1344, 6s)
2026-09-13 16:01:32,273 [INFO]   [Pandora 3] DESC (pahalı→ucuz) p  8: 192 ilan (toplam= 1536, 7s)
2026-09-13 16:01:33,047 [INFO]   [Pandora 3] DESC (pahalı→ucuz) p  9: 192 ilan (toplam= 1728, 8s)
2026-09-13 16:01:33,817 [INFO]   [Pandora 3] DESC (pahalı→ucuz) p 10: 192 ilan (toplam= 1920, 8s)
2026-09-13 16:01:34,658 [INFO]   [Pandora 3] DESC (pahalı→ucuz) p 11: 192 ilan (toplam= 2112, 9s)
2026-09-13 16:01:36,340 [INFO]   [Pandora 3] DESC (pahalı→ucuz) p 12: 192 ilan (toplam= 2304, 11s)
2026-09-13 16:01:37,114 [INFO]   [Pandora 3] DESC (pahalı→ucuz) p 13: 192 ilan (toplam= 2496, 12s)
2026-09-13 16:01:37,899 [INFO]   [Pandora 3] DESC (pahalı→ucuz) p 14: 192 ilan (toplam= 2688, 12s)
2026-09-13 16:01:38,791 [INFO]   [Pandora 3] DESC (pahalı→ucuz) p 15: 192 ilan (toplam= 2880, 13s)
2026-09-13 16:01:39,642 [INFO]   [Pandora 3] DESC (pahalı→ucuz) p 16: 192 ilan (toplam= 3072, 14s)
2026-09-13 16:01:42,165 [INFO]   [Pandora 3] DESC (pahalı→ucuz) p 17: 192 ilan (toplam= 3264, 17s)
2026-09-13 16:01:42,975 [INFO]   [Pandora 3] DESC (pahalı→ucuz) p 18: 192 ilan (toplam= 3456, 17s)
2026-09-13 16:01:43,767 [INFO]   [Pandora 3] DESC (pahalı→ucuz) p 19: 192 ilan (toplam= 3648, 18s)
2026-09-13 16:01:44,613 [INFO]   [Pandora 3] DESC (pahalı→ucuz) p 20: 192 ilan (toplam= 3840, 19s)
2026-09-13 16:01:45,436 [INFO]   [Pandora 3] DESC (pahalı→ucuz) p 21: 192 ilan (toplam= 4032, 20s)
2026-09-13 16:01:46,229 [INFO]   [Pandora 3] DESC (pahalı→ucuz) p 22: 192 ilan (toplam= 4224, 21s)
2026-09-13 16:01:48,051 [INFO]   [Pandora 3] DESC (pahalı→ucuz) p 23: 192 ilan (toplam= 4416, 23s)
2026-09-13 16:01:48,846 [INFO]   [Pandora 3] DESC (pahalı→ucuz) p 24: 192 ilan (toplam= 4608, 23s)
2026-09-13 16:01:50,134 [INFO]   [Pandora 3] DESC (pahalı→ucuz) p 25: 192 ilan (toplam= 4800, 25s)
2026-09-13 16:01:50,907 [INFO]   [Pandora 3] DESC (pahalı→ucuz) p 26: 192 ilan (toplam= 4992, 25s)
2026-09-13 16:01:51,724 [INFO]   [Pandora 3] DESC (pahalı→ucuz) p 27: 192 ilan (toplam= 5184, 26s)
2026-09-13 16:01:52,527 [INFO]   [Pandora 3] DESC (pahalı→ucuz) p 28: 192 ilan (toplam= 5376, 27s)
2026-09-13 16:01:53,306 [INFO]   [Pandora 3] DESC (pahalı→ucuz) p 29: 192 ilan (toplam= 5568, 28s)
2026-09-13 16:01:53,928 [WARNING]   [Pandora 3] DESC (pahalı→ucuz) p30 → 429, 60sn bekle
2026-09-13 16:02:54,072 [INFO] Token yenilendi: eyJzaWQiOiIxZmJhNzk4...
2026-09-13 16:02:54,190 [WARNING]   [Pandora 3] p30 → 429 — 60sn bekleniyor
2026-09-13 16:03:55,323 [INFO] Token yenilendi: eyJzaWQiOiIxZmJhNzk4...
2026-09-13 16:03:55,442 [WARNING]   [Pandora 3] p30 → 429 — 120sn bekleniyor
2026-09-13 16:05:56,595 [INFO] Token yenilendi: eyJzaWQiOiIxZmJhNzk4...
2026-09-13 16:05:56,743 [WARNING]   [Pandora 3] p30 → 429 — 180sn bekleniyor
2026-09-13 16:08:56,861 [INFO] Token yenilendi: eyJzaWQiOiIxZmJhNzk4...
2026-09-13 16:08:56,861 [WARNING]   [Pandora 3] DESC (pahalı→ucuz) sayfa 30 alinamadi — bitti
2026-09-13 16:08:56,861 [INFO]   [Pandora 3] DESC (pahalı→ucuz) bitti: 5568 ilan
2026-09-13 16:08:56,862 [INFO] [Pandora 3] TOPLAM: 5568 ilan
2026-09-13 16:09:10,426 [INFO] [pandora3] 5568 ilan yazildi (13203ms)
2026-09-13 16:09:10,426 [INFO] Tamamlandi — 465sn
2026-09-13 16:09:10,426 [INFO] ============================================================
2026-09-13 16:10:24,997 [INFO] ============================================================
2026-09-13 16:10:24,997 [INFO] MSGKO Scraper v4 — 2026-09-13 16:10:24
2026-09-13 16:10:24,998 [INFO] Kanal [7]: Pandora 4 (serverType=11) — ASC (ucuz→pahalı)
2026-09-13 16:10:25,516 [INFO] Token alindi: eyJzaWQiOiJmNDgxYjll...
2026-09-13 16:10:25,516 [INFO] [Pandora 4] Baglanti testi...
2026-09-13 16:10:25,623 [WARNING] Sayfa 1: HTTP 429
2026-09-13 16:10:25,623 [INFO] 60sn bekleniyor...
2026-09-13 16:11:25,767 [INFO] Token yenilendi: eyJzaWQiOiJmNDgxYjll...
2026-09-13 16:11:25,872 [WARNING] Sayfa 1: HTTP 429
2026-09-13 16:11:25,873 [INFO] 120sn bekleniyor...
2026-09-13 16:13:26,007 [INFO] Token yenilendi: eyJzaWQiOiJmNDgxYjll...
2026-09-13 16:13:26,149 [WARNING] Sayfa 1: HTTP 429
2026-09-13 16:13:26,149 [WARNING] Site engelliyor — run atlaniyor
2026-09-13 16:16:24,991 [INFO] ============================================================
2026-09-13 16:16:24,992 [INFO] MSGKO Scraper v4 — 2026-09-13 16:16:24
2026-09-13 16:16:24,992 [INFO] Kanal [7]: Pandora 4 (serverType=11) — DESC (pahalı→ucuz)
2026-09-13 16:16:25,666 [INFO] Token alindi: eyJzaWQiOiIzYzI2Nzhi...
2026-09-13 16:16:25,667 [INFO] [Pandora 4] Baglanti testi...
2026-09-13 16:16:25,803 [WARNING] Sayfa 1: HTTP 429
2026-09-13 16:16:25,803 [INFO] 60sn bekleniyor...
2026-09-13 16:17:25,935 [INFO] Token yenilendi: eyJzaWQiOiIzYzI2Nzhi...
2026-09-13 16:17:26,058 [WARNING] Sayfa 1: HTTP 429
2026-09-13 16:17:26,058 [INFO] 120sn bekleniyor...
2026-09-13 16:19:26,229 [INFO] Token yenilendi: eyJzaWQiOiIzYzI2Nzhi...
2026-09-13 16:19:26,364 [WARNING] Sayfa 1: HTTP 429
2026-09-13 16:19:26,364 [WARNING] Site engelliyor — run atlaniyor
2026-09-13 16:22:24,989 [INFO] ============================================================
2026-09-13 16:22:24,989 [INFO] MSGKO Scraper v4 — 2026-09-13 16:22:24
2026-09-13 16:22:24,990 [INFO] Kanal [8]: Destan 2 (serverType=4) — ASC (ucuz→pahalı)
2026-09-13 16:22:26,480 [INFO] Token alindi: eyJzaWQiOiJkYzBkNmE4...
2026-09-13 16:22:26,480 [INFO] [Destan 2] Baglanti testi...
2026-09-13 16:22:26,646 [WARNING] Sayfa 1: HTTP 429
2026-09-13 16:22:26,646 [INFO] 60sn bekleniyor...
2026-09-13 16:23:26,771 [INFO] Token yenilendi: eyJzaWQiOiJkYzBkNmE4...
2026-09-13 16:23:26,917 [WARNING] Sayfa 1: HTTP 429
2026-09-13 16:23:26,918 [INFO] 120sn bekleniyor...
2026-09-13 16:25:27,050 [INFO] Token yenilendi: eyJzaWQiOiJkYzBkNmE4...
2026-09-13 16:25:27,194 [WARNING] Sayfa 1: HTTP 429
2026-09-13 16:25:27,194 [WARNING] Site engelliyor — run atlaniyor
2026-09-13 16:28:24,955 [INFO] ============================================================
2026-09-13 16:28:24,955 [INFO] MSGKO Scraper v4 — 2026-09-13 16:28:24
2026-09-13 16:28:24,956 [INFO] Kanal [8]: Destan 2 (serverType=4) — DESC (pahalı→ucuz)
2026-09-13 16:28:25,630 [INFO] Token alindi: eyJzaWQiOiIxNzZlMzZm...
2026-09-13 16:28:25,630 [INFO] [Destan 2] Baglanti testi...
2026-09-13 16:28:25,741 [WARNING] Sayfa 1: HTTP 429
2026-09-13 16:28:25,742 [INFO] 60sn bekleniyor...
2026-09-13 16:29:25,853 [INFO] Token yenilendi: eyJzaWQiOiIxNzZlMzZm...
2026-09-13 16:29:25,977 [WARNING] Sayfa 1: HTTP 429
2026-09-13 16:29:25,977 [INFO] 120sn bekleniyor...
2026-09-13 16:31:26,236 [INFO] Token yenilendi: eyJzaWQiOiIxNzZlMzZm...
2026-09-13 16:31:26,373 [WARNING] Sayfa 1: HTTP 429
2026-09-13 16:31:26,373 [WARNING] Site engelliyor — run atlaniyor
2026-09-13 16:34:24,958 [INFO] ============================================================
2026-09-13 16:34:24,958 [INFO] MSGKO Scraper v4 — 2026-09-13 16:34:24
2026-09-13 16:34:24,958 [INFO] Kanal [9]: Destan 3 (serverType=13) — ASC (ucuz→pahalı)
2026-09-13 16:34:26,314 [INFO] Token alindi: eyJzaWQiOiI1MGQwNWEx...
2026-09-13 16:34:26,314 [INFO] [Destan 3] Baglanti testi...
2026-09-13 16:34:26,665 [INFO] Baglanti OK!
2026-09-13 16:34:26,666 [INFO] [Destan 3] ASC (ucuz→pahalı)
2026-09-13 16:34:26,741 [INFO]   [Destan 3] ASC (ucuz→pahalı) p  1: 192 ilan (toplam=  192, 1s)
2026-09-13 16:34:28,509 [INFO]   [Destan 3] ASC (ucuz→pahalı) p  2: 192 ilan (toplam=  384, 3s)
2026-09-13 16:34:29,323 [INFO]   [Destan 3] ASC (ucuz→pahalı) p  3: 192 ilan (toplam=  576, 4s)
2026-09-13 16:34:30,091 [INFO]   [Destan 3] ASC (ucuz→pahalı) p  4: 192 ilan (toplam=  768, 5s)
2026-09-13 16:34:30,936 [INFO]   [Destan 3] ASC (ucuz→pahalı) p  5: 192 ilan (toplam=  960, 5s)
2026-09-13 16:34:31,698 [INFO]   [Destan 3] ASC (ucuz→pahalı) p  6: 192 ilan (toplam= 1152, 6s)
2026-09-13 16:34:32,905 [INFO]   [Destan 3] ASC (ucuz→pahalı) p  7: 192 ilan (toplam= 1344, 7s)
2026-09-13 16:34:33,646 [INFO]   [Destan 3] ASC (ucuz→pahalı) p  8: 192 ilan (toplam= 1536, 8s)
2026-09-13 16:34:34,453 [INFO]   [Destan 3] ASC (ucuz→pahalı) p  9: 192 ilan (toplam= 1728, 9s)
2026-09-13 16:34:35,182 [INFO]   [Destan 3] ASC (ucuz→pahalı) p 10: 192 ilan (toplam= 1920, 10s)
2026-09-13 16:34:35,988 [INFO]   [Destan 3] ASC (ucuz→pahalı) p 11: 192 ilan (toplam= 2112, 11s)
2026-09-13 16:34:37,552 [INFO]   [Destan 3] ASC (ucuz→pahalı) p 12: 192 ilan (toplam= 2304, 12s)
2026-09-13 16:34:38,277 [INFO]   [Destan 3] ASC (ucuz→pahalı) p 13: 192 ilan (toplam= 2496, 13s)
2026-09-13 16:34:39,450 [INFO]   [Destan 3] ASC (ucuz→pahalı) p 14: 192 ilan (toplam= 2688, 14s)
2026-09-13 16:34:40,204 [INFO]   [Destan 3] ASC (ucuz→pahalı) p 15: 192 ilan (toplam= 2880, 15s)
2026-09-13 16:34:41,914 [INFO]   [Destan 3] ASC (ucuz→pahalı) p 16: 192 ilan (toplam= 3072, 16s)
2026-09-13 16:34:42,651 [INFO]   [Destan 3] ASC (ucuz→pahalı) p 17: 192 ilan (toplam= 3264, 17s)
2026-09-13 16:34:44,266 [INFO]   [Destan 3] ASC (ucuz→pahalı) p 18: 192 ilan (toplam= 3456, 19s)
2026-09-13 16:34:45,866 [INFO]   [Destan 3] ASC (ucuz→pahalı) p 19: 192 ilan (toplam= 3648, 20s)
2026-09-13 16:34:47,263 [INFO]   [Destan 3] ASC (ucuz→pahalı) p 20: 192 ilan (toplam= 3840, 22s)
2026-09-13 16:34:48,105 [INFO]   [Destan 3] ASC (ucuz→pahalı) p 21: 192 ilan (toplam= 4032, 23s)
2026-09-13 16:34:48,862 [INFO]   [Destan 3] ASC (ucuz→pahalı) p 22: 192 ilan (toplam= 4224, 23s)
2026-09-13 16:34:49,596 [INFO]   [Destan 3] ASC (ucuz→pahalı) p 23: 192 ilan (toplam= 4416, 24s)
2026-09-13 16:34:50,332 [INFO]   [Destan 3] ASC (ucuz→pahalı) p 24: 192 ilan (toplam= 4608, 25s)
2026-09-13 16:34:51,096 [INFO]   [Destan 3] ASC (ucuz→pahalı) p 25: 192 ilan (toplam= 4800, 26s)
2026-09-13 16:34:51,841 [INFO]   [Destan 3] ASC (ucuz→pahalı) p 26: 192 ilan (toplam= 4992, 26s)
2026-09-13 16:34:52,579 [INFO]   [Destan 3] ASC (ucuz→pahalı) p 27: 192 ilan (toplam= 5184, 27s)
2026-09-13 16:34:54,319 [INFO]   [Destan 3] ASC (ucuz→pahalı) p 28: 192 ilan (toplam= 5376, 29s)
2026-09-13 16:34:55,104 [INFO]   [Destan 3] ASC (ucuz→pahalı) p 29: 192 ilan (toplam= 5568, 30s)
2026-09-13 16:34:56,896 [INFO]   [Destan 3] ASC (ucuz→pahalı) p 30: 192 ilan (toplam= 5760, 31s)
2026-09-13 16:34:57,517 [WARNING]   [Destan 3] ASC (ucuz→pahalı) p31 → 429, 60sn bekle
2026-09-13 16:35:57,632 [INFO] Token yenilendi: eyJzaWQiOiI1MGQwNWEx...
2026-09-13 16:35:57,787 [WARNING]   [Destan 3] p31 → 429 — 60sn bekleniyor
2026-09-13 16:36:58,004 [INFO] Token yenilendi: eyJzaWQiOiI1MGQwNWEx...
2026-09-13 16:36:58,131 [WARNING]   [Destan 3] p31 → 429 — 120sn bekleniyor
2026-09-13 16:38:59,259 [INFO] Token yenilendi: eyJzaWQiOiI1MGQwNWEx...
2026-09-13 16:38:59,416 [WARNING]   [Destan 3] p31 → 429 — 180sn bekleniyor
2026-09-13 16:41:59,581 [INFO] Token yenilendi: eyJzaWQiOiI1MGQwNWEx...
2026-09-13 16:41:59,581 [WARNING]   [Destan 3] ASC (ucuz→pahalı) sayfa 31 alinamadi — bitti
2026-09-13 16:41:59,581 [INFO]   [Destan 3] ASC (ucuz→pahalı) bitti: 5760 ilan
2026-09-13 16:41:59,581 [INFO] [Destan 3] TOPLAM: 5760 ilan
2026-09-13 16:42:11,513 [INFO] [destan3] 5760 ilan yazildi (11628ms)
2026-09-13 16:42:11,513 [INFO] Tamamlandi — 466sn
2026-09-13 16:42:11,513 [INFO] ============================================================
2026-09-13 16:43:24,956 [INFO] ============================================================
2026-09-13 16:43:24,956 [INFO] MSGKO Scraper v4 — 2026-09-13 16:43:24
2026-09-13 16:43:24,957 [INFO] Kanal [9]: Destan 3 (serverType=13) — DESC (pahalı→ucuz)
2026-09-13 16:43:25,673 [INFO] Token alindi: eyJzaWQiOiJjMTNjZDVh...
2026-09-13 16:43:25,673 [INFO] [Destan 3] Baglanti testi...
2026-09-13 16:43:25,836 [WARNING] Sayfa 1: HTTP 429
2026-09-13 16:43:25,836 [INFO] 60sn bekleniyor...
2026-09-13 16:44:26,526 [INFO] Token yenilendi: eyJzaWQiOiJjMTNjZDVh...
2026-09-13 16:44:26,689 [WARNING] Sayfa 1: HTTP 429
2026-09-13 16:44:26,689 [INFO] 120sn bekleniyor...
2026-09-13 16:46:27,809 [INFO] Token yenilendi: eyJzaWQiOiJjMTNjZDVh...
2026-09-13 16:46:27,993 [WARNING] Sayfa 1: HTTP 429
2026-09-13 16:46:27,993 [WARNING] Site engelliyor — run atlaniyor
2026-09-13 16:49:24,964 [INFO] ============================================================
2026-09-13 16:49:24,964 [INFO] MSGKO Scraper v4 — 2026-09-13 16:49:24
2026-09-13 16:49:24,964 [INFO] Kanal [0]: Zero 3 (serverType=0) — ASC (ucuz→pahalı)
2026-09-13 16:49:25,443 [INFO] Token alindi: eyJzaWQiOiIyMjZkMDY4...
2026-09-13 16:49:25,443 [INFO] [Zero 3] Baglanti testi...
2026-09-13 16:49:25,586 [WARNING] Sayfa 1: HTTP 429
2026-09-13 16:49:25,586 [INFO] 60sn bekleniyor...
2026-09-13 16:50:26,648 [INFO] Token yenilendi: eyJzaWQiOiIyMjZkMDY4...
2026-09-13 16:50:26,821 [WARNING] Sayfa 1: HTTP 429
2026-09-13 16:50:26,821 [INFO] 120sn bekleniyor...
2026-09-13 16:52:26,958 [INFO] Token yenilendi: eyJzaWQiOiIyMjZkMDY4...
2026-09-13 16:52:27,075 [WARNING] Sayfa 1: HTTP 429
2026-09-13 16:52:27,075 [WARNING] Site engelliyor — run atlaniyor
2026-09-13 16:55:24,962 [INFO] ============================================================
2026-09-13 16:55:24,963 [INFO] MSGKO Scraper v4 — 2026-09-13 16:55:24
2026-09-13 16:55:24,963 [INFO] Kanal [0]: Zero 3 (serverType=0) — DESC (pahalı→ucuz)
2026-09-13 16:55:26,802 [INFO] Token alindi: eyJzaWQiOiJjYTZkNmFl...
2026-09-13 16:55:26,802 [INFO] [Zero 3] Baglanti testi...
2026-09-13 16:55:27,009 [WARNING] Sayfa 1: HTTP 429
2026-09-13 16:55:27,010 [INFO] 60sn bekleniyor...
2026-09-13 16:56:27,673 [INFO] Token yenilendi: eyJzaWQiOiJjYTZkNmFl...
2026-09-13 16:56:27,873 [WARNING] Sayfa 1: HTTP 429
2026-09-13 16:56:27,873 [INFO] 120sn bekleniyor...
2026-09-13 16:58:28,066 [INFO] Token yenilendi: eyJzaWQiOiJjYTZkNmFl...
2026-09-13 16:58:28,294 [WARNING] Sayfa 1: HTTP 429
2026-09-13 16:58:28,294 [WARNING] Site engelliyor — run atlaniyor
2026-09-13 17:01:24,961 [INFO] ============================================================
2026-09-13 17:01:24,961 [INFO] MSGKO Scraper v4 — 2026-09-13 17:01:24
2026-09-13 17:01:24,961 [INFO] Kanal [1]: Zero 4 (serverType=5) — ASC (ucuz→pahalı)
2026-09-13 17:01:25,423 [INFO] Token alindi: eyJzaWQiOiIzNGFhMTRm...
2026-09-13 17:01:25,423 [INFO] [Zero 4] Baglanti testi...
2026-09-13 17:01:25,560 [WARNING] Sayfa 1: HTTP 429
2026-09-13 17:01:25,560 [INFO] 60sn bekleniyor...
2026-09-13 17:02:25,804 [INFO] Token yenilendi: eyJzaWQiOiIzNGFhMTRm...
2026-09-13 17:02:25,927 [WARNING] Sayfa 1: HTTP 429
2026-09-13 17:02:25,927 [INFO] 120sn bekleniyor...
2026-09-13 17:04:26,078 [INFO] Token yenilendi: eyJzaWQiOiIzNGFhMTRm...
2026-09-13 17:04:26,178 [WARNING] Sayfa 1: HTTP 429
2026-09-13 17:04:26,178 [WARNING] Site engelliyor — run atlaniyor
2026-09-13 17:07:24,964 [INFO] ============================================================
2026-09-13 17:07:24,964 [INFO] MSGKO Scraper v4 — 2026-09-13 17:07:24
2026-09-13 17:07:24,964 [INFO] Kanal [1]: Zero 4 (serverType=5) — DESC (pahalı→ucuz)
2026-09-13 17:07:25,455 [INFO] Token alindi: eyJzaWQiOiI0MjU2YTlm...
2026-09-13 17:07:25,455 [INFO] [Zero 4] Baglanti testi...
2026-09-13 17:07:25,997 [INFO] Baglanti OK!
2026-09-13 17:07:25,997 [INFO] [Zero 4] DESC (pahalı→ucuz)
2026-09-13 17:07:27,026 [INFO]   [Zero 4] DESC (pahalı→ucuz) p  1: 192 ilan (toplam=  192, 2s)
2026-09-13 17:07:27,890 [INFO]   [Zero 4] DESC (pahalı→ucuz) p  2: 192 ilan (toplam=  384, 2s)
2026-09-13 17:07:28,764 [INFO]   [Zero 4] DESC (pahalı→ucuz) p  3: 192 ilan (toplam=  576, 3s)
2026-09-13 17:07:29,528 [INFO]   [Zero 4] DESC (pahalı→ucuz) p  4: 192 ilan (toplam=  768, 4s)
2026-09-13 17:07:30,916 [INFO]   [Zero 4] DESC (pahalı→ucuz) p  5: 192 ilan (toplam=  960, 5s)
2026-09-13 17:07:31,662 [INFO]   [Zero 4] DESC (pahalı→ucuz) p  6: 192 ilan (toplam= 1152, 6s)
2026-09-13 17:07:33,061 [INFO]   [Zero 4] DESC (pahalı→ucuz) p  7: 192 ilan (toplam= 1344, 8s)
2026-09-13 17:07:33,846 [INFO]   [Zero 4] DESC (pahalı→ucuz) p  8: 192 ilan (toplam= 1536, 8s)
2026-09-13 17:07:35,419 [INFO]   [Zero 4] DESC (pahalı→ucuz) p  9: 192 ilan (toplam= 1728, 10s)
2026-09-13 17:07:36,664 [INFO]   [Zero 4] DESC (pahalı→ucuz) p 10: 192 ilan (toplam= 1920, 11s)
2026-09-13 17:07:37,546 [INFO]   [Zero 4] DESC (pahalı→ucuz) p 11: 192 ilan (toplam= 2112, 12s)
2026-09-13 17:07:39,278 [INFO]   [Zero 4] DESC (pahalı→ucuz) p 12: 192 ilan (toplam= 2304, 14s)
2026-09-13 17:07:40,041 [INFO]   [Zero 4] DESC (pahalı→ucuz) p 13: 192 ilan (toplam= 2496, 15s)
2026-09-13 17:07:40,792 [INFO]   [Zero 4] DESC (pahalı→ucuz) p 14: 192 ilan (toplam= 2688, 15s)
2026-09-13 17:07:41,658 [INFO]   [Zero 4] DESC (pahalı→ucuz) p 15: 192 ilan (toplam= 2880, 16s)
2026-09-13 17:07:43,129 [INFO]   [Zero 4] DESC (pahalı→ucuz) p 16: 192 ilan (toplam= 3072, 18s)
2026-09-13 17:07:43,896 [INFO]   [Zero 4] DESC (pahalı→ucuz) p 17: 192 ilan (toplam= 3264, 18s)
2026-09-13 17:07:45,262 [INFO]   [Zero 4] DESC (pahalı→ucuz) p 18: 192 ilan (toplam= 3456, 20s)
2026-09-13 17:07:46,663 [INFO]   [Zero 4] DESC (pahalı→ucuz) p 19: 192 ilan (toplam= 3648, 21s)
2026-09-13 17:07:47,431 [INFO]   [Zero 4] DESC (pahalı→ucuz) p 20: 192 ilan (toplam= 3840, 22s)
2026-09-13 17:07:48,219 [INFO]   [Zero 4] DESC (pahalı→ucuz) p 21: 192 ilan (toplam= 4032, 23s)
2026-09-13 17:07:49,027 [INFO]   [Zero 4] DESC (pahalı→ucuz) p 22: 192 ilan (toplam= 4224, 24s)
2026-09-13 17:07:50,502 [INFO]   [Zero 4] DESC (pahalı→ucuz) p 23: 192 ilan (toplam= 4416, 25s)
2026-09-13 17:07:51,307 [INFO]   [Zero 4] DESC (pahalı→ucuz) p 24: 192 ilan (toplam= 4608, 26s)
2026-09-13 17:07:52,106 [INFO]   [Zero 4] DESC (pahalı→ucuz) p 25: 192 ilan (toplam= 4800, 27s)
2026-09-13 17:07:53,837 [INFO]   [Zero 4] DESC (pahalı→ucuz) p 26: 192 ilan (toplam= 4992, 28s)
2026-09-13 17:07:54,743 [INFO]   [Zero 4] DESC (pahalı→ucuz) p 27: 192 ilan (toplam= 5184, 29s)
2026-09-13 17:07:55,507 [INFO]   [Zero 4] DESC (pahalı→ucuz) p 28: 192 ilan (toplam= 5376, 30s)
2026-09-13 17:07:57,236 [INFO]   [Zero 4] DESC (pahalı→ucuz) p 29: 192 ilan (toplam= 5568, 32s)
2026-09-13 17:07:57,855 [WARNING]   [Zero 4] DESC (pahalı→ucuz) p30 → 429, 60sn bekle
2026-09-13 17:08:58,489 [INFO] Token yenilendi: eyJzaWQiOiI0MjU2YTlm...
2026-09-13 17:08:58,613 [WARNING]   [Zero 4] p30 → 429 — 60sn bekleniyor
2026-09-13 17:09:58,738 [INFO] Token yenilendi: eyJzaWQiOiI0MjU2YTlm...
2026-09-13 17:09:58,856 [WARNING]   [Zero 4] p30 → 429 — 120sn bekleniyor
2026-09-13 17:11:59,345 [INFO] Token yenilendi: eyJzaWQiOiI0MjU2YTlm...
2026-09-13 17:11:59,481 [WARNING]   [Zero 4] p30 → 429 — 180sn bekleniyor
2026-09-13 17:14:59,622 [INFO] Token yenilendi: eyJzaWQiOiI0MjU2YTlm...
2026-09-13 17:14:59,622 [WARNING]   [Zero 4] DESC (pahalı→ucuz) sayfa 30 alinamadi — bitti
2026-09-13 17:14:59,622 [INFO]   [Zero 4] DESC (pahalı→ucuz) bitti: 5568 ilan
2026-09-13 17:14:59,622 [INFO] [Zero 4] TOPLAM: 5568 ilan
2026-09-13 17:15:11,574 [INFO] [zero4] 5568 ilan yazildi (11645ms)
2026-09-13 17:15:11,574 [INFO] Tamamlandi — 466sn
2026-09-13 17:15:11,574 [INFO] ============================================================
2026-09-13 17:16:24,964 [INFO] ============================================================
2026-09-13 17:16:24,964 [INFO] MSGKO Scraper v4 — 2026-09-13 17:16:24
2026-09-13 17:16:24,964 [INFO] Kanal [2]: Zero 5 (serverType=8) — ASC (ucuz→pahalı)
2026-09-13 17:16:25,946 [INFO] Token alindi: eyJzaWQiOiI4Nzg1NzY2...
2026-09-13 17:16:25,946 [INFO] [Zero 5] Baglanti testi...
2026-09-13 17:16:27,174 [WARNING] Sayfa 1: HTTP 429
2026-09-13 17:16:27,174 [INFO] 60sn bekleniyor...
2026-09-13 17:17:28,176 [INFO] Token yenilendi: eyJzaWQiOiI4Nzg1NzY2...
2026-09-13 17:17:28,381 [WARNING] Sayfa 1: HTTP 429
2026-09-13 17:17:28,381 [INFO] 120sn bekleniyor...
2026-09-13 17:19:29,460 [INFO] Token yenilendi: eyJzaWQiOiI4Nzg1NzY2...
2026-09-13 17:19:29,658 [WARNING] Sayfa 1: HTTP 429
2026-09-13 17:19:29,658 [WARNING] Site engelliyor — run atlaniyor
2026-09-13 17:22:24,963 [INFO] ============================================================
2026-09-13 17:22:24,963 [INFO] MSGKO Scraper v4 — 2026-09-13 17:22:24
2026-09-13 17:22:24,963 [INFO] Kanal [2]: Zero 5 (serverType=8) — DESC (pahalı→ucuz)
2026-09-13 17:22:25,473 [INFO] Token alindi: eyJzaWQiOiI2ZTlkNjgx...
2026-09-13 17:22:25,473 [INFO] [Zero 5] Baglanti testi...
2026-09-13 17:22:25,636 [WARNING] Sayfa 1: HTTP 429
2026-09-13 17:22:25,637 [INFO] 60sn bekleniyor...
2026-09-13 17:23:26,159 [INFO] Token yenilendi: eyJzaWQiOiI2ZTlkNjgx...
2026-09-13 17:23:26,305 [WARNING] Sayfa 1: HTTP 429
2026-09-13 17:23:26,305 [INFO] 120sn bekleniyor...
2026-09-13 17:25:26,434 [INFO] Token yenilendi: eyJzaWQiOiI2ZTlkNjgx...
2026-09-13 17:25:26,559 [WARNING] Sayfa 1: HTTP 429
2026-09-13 17:25:26,559 [WARNING] Site engelliyor — run atlaniyor
2026-09-13 17:28:24,963 [INFO] ============================================================
2026-09-13 17:28:24,963 [INFO] MSGKO Scraper v4 — 2026-09-13 17:28:24
2026-09-13 17:28:24,963 [INFO] Kanal [3]: Zero 8 (serverType=15) — ASC (ucuz→pahalı)
2026-09-13 17:28:25,400 [INFO] Token alindi: eyJzaWQiOiI4N2FkNmRh...
2026-09-13 17:28:25,400 [INFO] [Zero 8] Baglanti testi...
2026-09-13 17:28:25,509 [WARNING] Sayfa 1: HTTP 429
2026-09-13 17:28:25,509 [INFO] 60sn bekleniyor...
2026-09-13 17:29:25,630 [INFO] Token yenilendi: eyJzaWQiOiI4N2FkNmRh...
2026-09-13 17:29:25,738 [WARNING] Sayfa 1: HTTP 429
2026-09-13 17:29:25,738 [INFO] 120sn bekleniyor...
2026-09-13 17:31:25,874 [INFO] Token yenilendi: eyJzaWQiOiI4N2FkNmRh...
2026-09-13 17:31:25,985 [WARNING] Sayfa 1: HTTP 429
2026-09-13 17:31:25,985 [WARNING] Site engelliyor — run atlaniyor
2026-09-13 17:34:24,965 [INFO] ============================================================
2026-09-13 17:34:24,965 [INFO] MSGKO Scraper v4 — 2026-09-13 17:34:24
2026-09-13 17:34:24,966 [INFO] Kanal [3]: Zero 8 (serverType=15) — DESC (pahalı→ucuz)
2026-09-13 17:34:25,445 [INFO] Token alindi: eyJzaWQiOiIyYWVhMzRh...
2026-09-13 17:34:25,446 [INFO] [Zero 8] Baglanti testi...
2026-09-13 17:34:25,556 [WARNING] Sayfa 1: HTTP 429
2026-09-13 17:34:25,556 [INFO] 60sn bekleniyor...
2026-09-13 17:35:25,694 [INFO] Token yenilendi: eyJzaWQiOiIyYWVhMzRh...
2026-09-13 17:35:25,817 [WARNING] Sayfa 1: HTTP 429
2026-09-13 17:35:25,818 [INFO] 120sn bekleniyor...
2026-09-13 17:37:25,973 [INFO] Token yenilendi: eyJzaWQiOiIyYWVhMzRh...
2026-09-13 17:37:27,171 [WARNING] Sayfa 1: HTTP 429
2026-09-13 17:37:27,171 [WARNING] Site engelliyor — run atlaniyor
2026-09-13 17:40:24,966 [INFO] ============================================================
2026-09-13 17:40:24,966 [INFO] MSGKO Scraper v4 — 2026-09-13 17:40:24
2026-09-13 17:40:24,967 [INFO] Kanal [4]: Agartha 3 (serverType=1) — ASC (ucuz→pahalı)
2026-09-13 17:40:25,532 [INFO] Token alindi: eyJzaWQiOiIwMjZiYzE4...
2026-09-13 17:40:25,532 [INFO] [Agartha 3] Baglanti testi...
2026-09-13 17:40:25,731 [INFO] Baglanti OK!
2026-09-13 17:40:25,731 [INFO] [Agartha 3] ASC (ucuz→pahalı)
2026-09-13 17:40:25,807 [INFO]   [Agartha 3] ASC (ucuz→pahalı) p  1: 192 ilan (toplam=  192, 0s)
2026-09-13 17:40:26,739 [INFO]   [Agartha 3] ASC (ucuz→pahalı) p  2: 192 ilan (toplam=  384, 1s)
2026-09-13 17:40:27,517 [INFO]   [Agartha 3] ASC (ucuz→pahalı) p  3: 192 ilan (toplam=  576, 2s)
2026-09-13 17:40:28,878 [INFO]   [Agartha 3] ASC (ucuz→pahalı) p  4: 192 ilan (toplam=  768, 3s)
2026-09-13 17:40:29,646 [INFO]   [Agartha 3] ASC (ucuz→pahalı) p  5: 192 ilan (toplam=  960, 4s)
2026-09-13 17:40:30,388 [INFO]   [Agartha 3] ASC (ucuz→pahalı) p  6: 192 ilan (toplam= 1152, 5s)
2026-09-13 17:40:32,151 [INFO]   [Agartha 3] ASC (ucuz→pahalı) p  7: 192 ilan (toplam= 1344, 7s)
2026-09-13 17:40:32,890 [INFO]   [Agartha 3] ASC (ucuz→pahalı) p  8: 192 ilan (toplam= 1536, 7s)
2026-09-13 17:40:33,695 [INFO]   [Agartha 3] ASC (ucuz→pahalı) p  9: 192 ilan (toplam= 1728, 8s)
2026-09-13 17:40:34,421 [INFO]   [Agartha 3] ASC (ucuz→pahalı) p 10: 192 ilan (toplam= 1920, 9s)
2026-09-13 17:40:35,182 [INFO]   [Agartha 3] ASC (ucuz→pahalı) p 11: 192 ilan (toplam= 2112, 10s)
2026-09-13 17:40:35,954 [INFO]   [Agartha 3] ASC (ucuz→pahalı) p 12: 192 ilan (toplam= 2304, 10s)
2026-09-13 17:40:36,703 [INFO]   [Agartha 3] ASC (ucuz→pahalı) p 13: 192 ilan (toplam= 2496, 11s)
2026-09-13 17:40:37,449 [INFO]   [Agartha 3] ASC (ucuz→pahalı) p 14: 192 ilan (toplam= 2688, 12s)
2026-09-13 17:40:38,257 [INFO]   [Agartha 3] ASC (ucuz→pahalı) p 15: 192 ilan (toplam= 2880, 13s)
2026-09-13 17:40:39,034 [INFO]   [Agartha 3] ASC (ucuz→pahalı) p 16: 192 ilan (toplam= 3072, 14s)
2026-09-13 17:40:39,773 [INFO]   [Agartha 3] ASC (ucuz→pahalı) p 17: 192 ilan (toplam= 3264, 14s)
2026-09-13 17:40:41,520 [INFO]   [Agartha 3] ASC (ucuz→pahalı) p 18: 192 ilan (toplam= 3456, 16s)
2026-09-13 17:40:42,302 [INFO]   [Agartha 3] ASC (ucuz→pahalı) p 19: 192 ilan (toplam= 3648, 17s)
2026-09-13 17:40:43,034 [INFO]   [Agartha 3] ASC (ucuz→pahalı) p 20: 192 ilan (toplam= 3840, 18s)
2026-09-13 17:40:43,819 [INFO]   [Agartha 3] ASC (ucuz→pahalı) p 21: 192 ilan (toplam= 4032, 18s)
2026-09-13 17:40:44,576 [INFO]   [Agartha 3] ASC (ucuz→pahalı) p 22: 192 ilan (toplam= 4224, 19s)
2026-09-13 17:40:45,927 [INFO]   [Agartha 3] ASC (ucuz→pahalı) p 23: 192 ilan (toplam= 4416, 20s)
2026-09-13 17:40:46,746 [INFO]   [Agartha 3] ASC (ucuz→pahalı) p 24: 192 ilan (toplam= 4608, 21s)
2026-09-13 17:40:48,259 [INFO]   [Agartha 3] ASC (ucuz→pahalı) p 25: 192 ilan (toplam= 4800, 23s)
2026-09-13 17:40:48,990 [INFO]   [Agartha 3] ASC (ucuz→pahalı) p 26: 192 ilan (toplam= 4992, 24s)
2026-09-13 17:40:49,752 [INFO]   [Agartha 3] ASC (ucuz→pahalı) p 27: 192 ilan (toplam= 5184, 24s)
2026-09-13 17:40:50,486 [INFO]   [Agartha 3] ASC (ucuz→pahalı) p 28: 192 ilan (toplam= 5376, 25s)
2026-09-13 17:40:51,226 [INFO]   [Agartha 3] ASC (ucuz→pahalı) p 29: 192 ilan (toplam= 5568, 26s)
2026-09-13 17:40:51,962 [INFO]   [Agartha 3] ASC (ucuz→pahalı) p 30: 192 ilan (toplam= 5760, 26s)
2026-09-13 17:40:53,301 [WARNING]   [Agartha 3] ASC (ucuz→pahalı) p31 → 429, 60sn bekle
2026-09-13 17:41:53,434 [INFO] Token yenilendi: eyJzaWQiOiIwMjZiYzE4...
2026-09-13 17:41:53,576 [WARNING]   [Agartha 3] p31 → 429 — 60sn bekleniyor
2026-09-13 17:42:53,710 [INFO] Token yenilendi: eyJzaWQiOiIwMjZiYzE4...
2026-09-13 17:42:53,851 [WARNING]   [Agartha 3] p31 → 429 — 120sn bekleniyor
2026-09-13 17:44:55,034 [INFO] Token yenilendi: eyJzaWQiOiIwMjZiYzE4...
2026-09-13 17:44:55,162 [WARNING]   [Agartha 3] p31 → 429 — 180sn bekleniyor
2026-09-13 17:47:55,308 [INFO] Token yenilendi: eyJzaWQiOiIwMjZiYzE4...
2026-09-13 17:47:55,308 [WARNING]   [Agartha 3] ASC (ucuz→pahalı) sayfa 31 alinamadi — bitti
2026-09-13 17:47:55,308 [INFO]   [Agartha 3] ASC (ucuz→pahalı) bitti: 5760 ilan
2026-09-13 17:47:55,308 [INFO] [Agartha 3] TOPLAM: 5760 ilan
2026-09-13 17:48:06,947 [INFO] [agartha3] 5760 ilan yazildi (11367ms)
2026-09-13 17:48:06,947 [INFO] Tamamlandi — 461sn
2026-09-13 17:48:06,947 [INFO] ============================================================
2026-09-13 17:49:24,972 [INFO] ============================================================
2026-09-13 17:49:24,972 [INFO] MSGKO Scraper v4 — 2026-09-13 17:49:24
2026-09-13 17:49:24,973 [INFO] Kanal [4]: Agartha 3 (serverType=1) — DESC (pahalı→ucuz)
2026-09-13 17:49:26,357 [INFO] Token alindi: eyJzaWQiOiIwYmEyNmQx...
2026-09-13 17:49:26,357 [INFO] [Agartha 3] Baglanti testi...
2026-09-13 17:49:26,467 [WARNING] Sayfa 1: HTTP 429
2026-09-13 17:49:26,467 [INFO] 60sn bekleniyor...
2026-09-13 17:50:26,584 [INFO] Token yenilendi: eyJzaWQiOiIwYmEyNmQx...
2026-09-13 17:50:26,702 [WARNING] Sayfa 1: HTTP 429
2026-09-13 17:50:26,702 [INFO] 120sn bekleniyor...
2026-09-13 17:52:26,838 [INFO] Token yenilendi: eyJzaWQiOiIwYmEyNmQx...
2026-09-13 17:52:26,941 [WARNING] Sayfa 1: HTTP 429
2026-09-13 17:52:26,942 [WARNING] Site engelliyor — run atlaniyor
2026-09-13 17:55:24,970 [INFO] ============================================================
2026-09-13 17:55:24,970 [INFO] MSGKO Scraper v4 — 2026-09-13 17:55:24
2026-09-13 17:55:24,971 [INFO] Kanal [5]: Agartha 4 (serverType=12) — ASC (ucuz→pahalı)
2026-09-13 17:55:25,404 [INFO] Token alindi: eyJzaWQiOiIwNjZjMjBl...
2026-09-13 17:55:25,405 [INFO] [Agartha 4] Baglanti testi...
2026-09-13 17:55:25,522 [WARNING] Sayfa 1: HTTP 429
2026-09-13 17:55:25,522 [INFO] 60sn bekleniyor...
2026-09-13 17:56:25,676 [INFO] Token yenilendi: eyJzaWQiOiIwNjZjMjBl...
2026-09-13 17:56:25,795 [WARNING] Sayfa 1: HTTP 429
2026-09-13 17:56:25,795 [INFO] 120sn bekleniyor...
2026-09-13 17:58:26,365 [INFO] Token yenilendi: eyJzaWQiOiIwNjZjMjBl...
2026-09-13 17:58:26,481 [WARNING] Sayfa 1: HTTP 429
2026-09-13 17:58:26,481 [WARNING] Site engelliyor — run atlaniyor
2026-09-13 18:01:24,969 [INFO] ============================================================
2026-09-13 18:01:24,969 [INFO] MSGKO Scraper v4 — 2026-09-13 18:01:24
2026-09-13 18:01:24,969 [INFO] Kanal [5]: Agartha 4 (serverType=12) — DESC (pahalı→ucuz)
2026-09-13 18:01:25,436 [INFO] Token alindi: eyJzaWQiOiIwZTgwYjlh...
2026-09-13 18:01:25,436 [INFO] [Agartha 4] Baglanti testi...
2026-09-13 18:01:25,563 [WARNING] Sayfa 1: HTTP 429
2026-09-13 18:01:25,563 [INFO] 60sn bekleniyor...
2026-09-13 18:02:25,726 [INFO] Token yenilendi: eyJzaWQiOiIwZTgwYjlh...
2026-09-13 18:02:25,835 [WARNING] Sayfa 1: HTTP 429
2026-09-13 18:02:25,835 [INFO] 120sn bekleniyor...
2026-09-13 18:04:26,075 [INFO] Token yenilendi: eyJzaWQiOiIwZTgwYjlh...
2026-09-13 18:04:26,206 [WARNING] Sayfa 1: HTTP 429
2026-09-13 18:04:26,206 [WARNING] Site engelliyor — run atlaniyor
2026-09-13 18:07:24,971 [INFO] ============================================================
2026-09-13 18:07:24,971 [INFO] MSGKO Scraper v4 — 2026-09-13 18:07:24
2026-09-13 18:07:24,972 [INFO] Kanal [6]: Pandora 3 (serverType=2) — ASC (ucuz→pahalı)
2026-09-13 18:07:25,651 [INFO] Token alindi: eyJzaWQiOiI2MzY3NGEx...
2026-09-13 18:07:25,651 [INFO] [Pandora 3] Baglanti testi...
2026-09-13 18:07:25,799 [WARNING] Sayfa 1: HTTP 429
2026-09-13 18:07:25,799 [INFO] 60sn bekleniyor...
2026-09-13 18:08:25,927 [INFO] Token yenilendi: eyJzaWQiOiI2MzY3NGEx...
2026-09-13 18:08:26,049 [WARNING] Sayfa 1: HTTP 429
2026-09-13 18:08:26,049 [INFO] 120sn bekleniyor...
2026-09-13 18:10:26,169 [INFO] Token yenilendi: eyJzaWQiOiI2MzY3NGEx...
2026-09-13 18:10:26,311 [WARNING] Sayfa 1: HTTP 429
2026-09-13 18:10:26,311 [WARNING] Site engelliyor — run atlaniyor
2026-09-13 18:13:24,971 [INFO] ============================================================
2026-09-13 18:13:24,972 [INFO] MSGKO Scraper v4 — 2026-09-13 18:13:24
2026-09-13 18:13:24,972 [INFO] Kanal [6]: Pandora 3 (serverType=2) — DESC (pahalı→ucuz)
2026-09-13 18:13:25,452 [INFO] Token alindi: eyJzaWQiOiIwYTVkYmZk...
2026-09-13 18:13:25,452 [INFO] [Pandora 3] Baglanti testi...
2026-09-13 18:13:25,630 [INFO] Baglanti OK!
2026-09-13 18:13:25,630 [INFO] [Pandora 3] DESC (pahalı→ucuz)
2026-09-13 18:13:26,494 [INFO]   [Pandora 3] DESC (pahalı→ucuz) p  1: 192 ilan (toplam=  192, 1s)
2026-09-13 18:13:27,273 [INFO]   [Pandora 3] DESC (pahalı→ucuz) p  2: 192 ilan (toplam=  384, 2s)
2026-09-13 18:13:28,107 [INFO]   [Pandora 3] DESC (pahalı→ucuz) p  3: 192 ilan (toplam=  576, 3s)
2026-09-13 18:13:28,845 [INFO]   [Pandora 3] DESC (pahalı→ucuz) p  4: 192 ilan (toplam=  768, 3s)
2026-09-13 18:13:29,615 [INFO]   [Pandora 3] DESC (pahalı→ucuz) p  5: 192 ilan (toplam=  960, 4s)
2026-09-13 18:13:31,328 [INFO]   [Pandora 3] DESC (pahalı→ucuz) p  6: 192 ilan (toplam= 1152, 6s)
2026-09-13 18:13:32,120 [INFO]   [Pandora 3] DESC (pahalı→ucuz) p  7: 192 ilan (toplam= 1344, 7s)
2026-09-13 18:13:34,008 [INFO]   [Pandora 3] DESC (pahalı→ucuz) p  8: 192 ilan (toplam= 1536, 9s)
2026-09-13 18:13:34,790 [INFO]   [Pandora 3] DESC (pahalı→ucuz) p  9: 192 ilan (toplam= 1728, 9s)
2026-09-13 18:13:35,693 [INFO]   [Pandora 3] DESC (pahalı→ucuz) p 10: 192 ilan (toplam= 1920, 10s)
2026-09-13 18:13:36,478 [INFO]   [Pandora 3] DESC (pahalı→ucuz) p 11: 192 ilan (toplam= 2112, 11s)
2026-09-13 18:13:37,228 [INFO]   [Pandora 3] DESC (pahalı→ucuz) p 12: 192 ilan (toplam= 2304, 12s)
2026-09-13 18:13:37,974 [INFO]   [Pandora 3] DESC (pahalı→ucuz) p 13: 192 ilan (toplam= 2496, 13s)
2026-09-13 18:13:39,354 [INFO]   [Pandora 3] DESC (pahalı→ucuz) p 14: 192 ilan (toplam= 2688, 14s)
2026-09-13 18:13:40,122 [INFO]   [Pandora 3] DESC (pahalı→ucuz) p 15: 192 ilan (toplam= 2880, 15s)
2026-09-13 18:13:40,939 [INFO]   [Pandora 3] DESC (pahalı→ucuz) p 16: 192 ilan (toplam= 3072, 15s)
2026-09-13 18:13:41,680 [INFO]   [Pandora 3] DESC (pahalı→ucuz) p 17: 192 ilan (toplam= 3264, 16s)
2026-09-13 18:13:42,458 [INFO]   [Pandora 3] DESC (pahalı→ucuz) p 18: 192 ilan (toplam= 3456, 17s)
2026-09-13 18:13:43,718 [INFO]   [Pandora 3] DESC (pahalı→ucuz) p 19: 192 ilan (toplam= 3648, 18s)
2026-09-13 18:13:44,489 [INFO]   [Pandora 3] DESC (pahalı→ucuz) p 20: 192 ilan (toplam= 3840, 19s)
2026-09-13 18:13:45,254 [INFO]   [Pandora 3] DESC (pahalı→ucuz) p 21: 192 ilan (toplam= 4032, 20s)
2026-09-13 18:13:46,458 [INFO]   [Pandora 3] DESC (pahalı→ucuz) p 22: 192 ilan (toplam= 4224, 21s)
2026-09-13 18:13:48,187 [INFO]   [Pandora 3] DESC (pahalı→ucuz) p 23: 192 ilan (toplam= 4416, 23s)
2026-09-13 18:13:48,984 [INFO]   [Pandora 3] DESC (pahalı→ucuz) p 24: 192 ilan (toplam= 4608, 24s)
2026-09-13 18:13:49,754 [INFO]   [Pandora 3] DESC (pahalı→ucuz) p 25: 192 ilan (toplam= 4800, 24s)
2026-09-13 18:13:51,251 [INFO]   [Pandora 3] DESC (pahalı→ucuz) p 26: 192 ilan (toplam= 4992, 26s)
2026-09-13 18:13:52,992 [INFO]   [Pandora 3] DESC (pahalı→ucuz) p 27: 192 ilan (toplam= 5184, 28s)
2026-09-13 18:13:53,724 [INFO]   [Pandora 3] DESC (pahalı→ucuz) p 28: 192 ilan (toplam= 5376, 28s)
2026-09-13 18:13:55,006 [INFO]   [Pandora 3] DESC (pahalı→ucuz) p 29: 192 ilan (toplam= 5568, 30s)
2026-09-13 18:13:55,613 [WARNING]   [Pandora 3] DESC (pahalı→ucuz) p30 → 429, 60sn bekle
2026-09-13 18:14:55,732 [INFO] Token yenilendi: eyJzaWQiOiIwYTVkYmZk...
2026-09-13 18:14:55,861 [WARNING]   [Pandora 3] p30 → 429 — 60sn bekleniyor
2026-09-13 18:15:56,464 [INFO] Token yenilendi: eyJzaWQiOiIwYTVkYmZk...
2026-09-13 18:15:56,570 [WARNING]   [Pandora 3] p30 → 429 — 120sn bekleniyor
2026-09-13 18:17:56,715 [INFO] Token yenilendi: eyJzaWQiOiIwYTVkYmZk...
2026-09-13 18:17:56,830 [WARNING]   [Pandora 3] p30 → 429 — 180sn bekleniyor
2026-09-13 18:20:56,964 [INFO] Token yenilendi: eyJzaWQiOiIwYTVkYmZk...
2026-09-13 18:20:56,964 [WARNING]   [Pandora 3] DESC (pahalı→ucuz) sayfa 30 alinamadi — bitti
2026-09-13 18:20:56,965 [INFO]   [Pandora 3] DESC (pahalı→ucuz) bitti: 5568 ilan
2026-09-13 18:20:56,965 [INFO] [Pandora 3] TOPLAM: 5568 ilan
2026-09-13 18:21:07,877 [INFO] [pandora3] 5568 ilan yazildi (10624ms)
2026-09-13 18:21:07,877 [INFO] Tamamlandi — 462sn
2026-09-13 18:21:07,877 [INFO] ============================================================
2026-09-13 18:22:24,972 [INFO] ============================================================
2026-09-13 18:22:24,972 [INFO] MSGKO Scraper v4 — 2026-09-13 18:22:24
2026-09-13 18:22:24,972 [INFO] Kanal [7]: Pandora 4 (serverType=11) — ASC (ucuz→pahalı)
2026-09-13 18:22:25,413 [INFO] Token alindi: eyJzaWQiOiI4NTA1MjAz...
2026-09-13 18:22:25,414 [INFO] [Pandora 4] Baglanti testi...
2026-09-13 18:22:25,549 [WARNING] Sayfa 1: HTTP 429
2026-09-13 18:22:25,549 [INFO] 60sn bekleniyor...
2026-09-13 18:23:25,659 [INFO] Token yenilendi: eyJzaWQiOiI4NTA1MjAz...
2026-09-13 18:23:25,806 [WARNING] Sayfa 1: HTTP 429
2026-09-13 18:23:25,806 [INFO] 120sn bekleniyor...
2026-09-13 18:25:25,927 [INFO] Token yenilendi: eyJzaWQiOiI4NTA1MjAz...
2026-09-13 18:25:26,059 [WARNING] Sayfa 1: HTTP 429
2026-09-13 18:25:26,060 [WARNING] Site engelliyor — run atlaniyor
2026-09-13 18:28:24,973 [INFO] ============================================================
2026-09-13 18:28:24,973 [INFO] MSGKO Scraper v4 — 2026-09-13 18:28:24
2026-09-13 18:28:24,973 [INFO] Kanal [7]: Pandora 4 (serverType=11) — DESC (pahalı→ucuz)
2026-09-13 18:28:25,466 [INFO] Token alindi: eyJzaWQiOiIzY2QzNzRh...
2026-09-13 18:28:25,466 [INFO] [Pandora 4] Baglanti testi...
2026-09-13 18:28:25,588 [WARNING] Sayfa 1: HTTP 429
2026-09-13 18:28:25,588 [INFO] 60sn bekleniyor...
2026-09-13 18:29:25,714 [INFO] Token yenilendi: eyJzaWQiOiIzY2QzNzRh...
2026-09-13 18:29:25,821 [WARNING] Sayfa 1: HTTP 429
2026-09-13 18:29:25,821 [INFO] 120sn bekleniyor...
2026-09-13 18:31:25,946 [INFO] Token yenilendi: eyJzaWQiOiIzY2QzNzRh...
2026-09-13 18:31:27,080 [WARNING] Sayfa 1: HTTP 429
2026-09-13 18:31:27,080 [WARNING] Site engelliyor — run atlaniyor
2026-09-13 18:34:24,974 [INFO] ============================================================
2026-09-13 18:34:24,974 [INFO] MSGKO Scraper v4 — 2026-09-13 18:34:24
2026-09-13 18:34:24,974 [INFO] Kanal [8]: Destan 2 (serverType=4) — ASC (ucuz→pahalı)
2026-09-13 18:34:25,505 [INFO] Token alindi: eyJzaWQiOiI5OGZkMGQ1...
2026-09-13 18:34:25,505 [INFO] [Destan 2] Baglanti testi...
2026-09-13 18:34:25,666 [WARNING] Sayfa 1: HTTP 429
2026-09-13 18:34:25,666 [INFO] 60sn bekleniyor...
2026-09-13 18:35:25,826 [INFO] Token yenilendi: eyJzaWQiOiI5OGZkMGQ1...
2026-09-13 18:35:25,947 [WARNING] Sayfa 1: HTTP 429
2026-09-13 18:35:25,947 [INFO] 120sn bekleniyor...
2026-09-13 18:37:26,064 [INFO] Token yenilendi: eyJzaWQiOiI5OGZkMGQ1...
2026-09-13 18:37:26,176 [WARNING] Sayfa 1: HTTP 429
2026-09-13 18:37:26,176 [WARNING] Site engelliyor — run atlaniyor
2026-09-13 18:40:24,975 [INFO] ============================================================
2026-09-13 18:40:24,975 [INFO] MSGKO Scraper v4 — 2026-09-13 18:40:24
2026-09-13 18:40:24,975 [INFO] Kanal [8]: Destan 2 (serverType=4) — DESC (pahalı→ucuz)
2026-09-13 18:40:26,234 [INFO] Token alindi: eyJzaWQiOiI0Y2IwNTFl...
2026-09-13 18:40:26,234 [INFO] [Destan 2] Baglanti testi...
2026-09-13 18:40:26,377 [WARNING] Sayfa 1: HTTP 429
2026-09-13 18:40:26,377 [INFO] 60sn bekleniyor...
2026-09-13 18:41:26,631 [INFO] Token yenilendi: eyJzaWQiOiI0Y2IwNTFl...
2026-09-13 18:41:26,751 [WARNING] Sayfa 1: HTTP 429
2026-09-13 18:41:26,751 [INFO] 120sn bekleniyor...
2026-09-13 18:43:27,095 [INFO] Token yenilendi: eyJzaWQiOiI0Y2IwNTFl...
2026-09-13 18:43:27,211 [WARNING] Sayfa 1: HTTP 429
2026-09-13 18:43:27,211 [WARNING] Site engelliyor — run atlaniyor
2026-09-13 18:46:24,977 [INFO] ============================================================
2026-09-13 18:46:24,977 [INFO] MSGKO Scraper v4 — 2026-09-13 18:46:24
2026-09-13 18:46:24,978 [INFO] Kanal [9]: Destan 3 (serverType=13) — ASC (ucuz→pahalı)
2026-09-13 18:46:25,430 [INFO] Token alindi: eyJzaWQiOiIwNGQ2OTE5...
2026-09-13 18:46:25,430 [INFO] [Destan 3] Baglanti testi...
2026-09-13 18:46:26,580 [INFO] Baglanti OK!
2026-09-13 18:46:26,580 [INFO] [Destan 3] ASC (ucuz→pahalı)
2026-09-13 18:46:26,655 [INFO]   [Destan 3] ASC (ucuz→pahalı) p  1: 192 ilan (toplam=  192, 1s)
2026-09-13 18:46:27,420 [INFO]   [Destan 3] ASC (ucuz→pahalı) p  2: 192 ilan (toplam=  384, 2s)
2026-09-13 18:46:28,165 [INFO]   [Destan 3] ASC (ucuz→pahalı) p  3: 192 ilan (toplam=  576, 3s)
2026-09-13 18:46:28,905 [INFO]   [Destan 3] ASC (ucuz→pahalı) p  4: 192 ilan (toplam=  768, 3s)
2026-09-13 18:46:29,659 [INFO]   [Destan 3] ASC (ucuz→pahalı) p  5: 192 ilan (toplam=  960, 4s)
2026-09-13 18:46:30,423 [INFO]   [Destan 3] ASC (ucuz→pahalı) p  6: 192 ilan (toplam= 1152, 5s)
2026-09-13 18:46:31,224 [INFO]   [Destan 3] ASC (ucuz→pahalı) p  7: 192 ilan (toplam= 1344, 6s)
2026-09-13 18:46:31,952 [INFO]   [Destan 3] ASC (ucuz→pahalı) p  8: 192 ilan (toplam= 1536, 6s)
2026-09-13 18:46:33,744 [INFO]   [Destan 3] ASC (ucuz→pahalı) p  9: 192 ilan (toplam= 1728, 8s)
2026-09-13 18:46:34,477 [INFO]   [Destan 3] ASC (ucuz→pahalı) p 10: 192 ilan (toplam= 1920, 9s)
2026-09-13 18:46:35,196 [INFO]   [Destan 3] ASC (ucuz→pahalı) p 11: 192 ilan (toplam= 2112, 10s)
2026-09-13 18:46:35,980 [INFO]   [Destan 3] ASC (ucuz→pahalı) p 12: 192 ilan (toplam= 2304, 11s)
2026-09-13 18:46:37,739 [INFO]   [Destan 3] ASC (ucuz→pahalı) p 13: 192 ilan (toplam= 2496, 12s)
2026-09-13 18:46:38,505 [INFO]   [Destan 3] ASC (ucuz→pahalı) p 14: 192 ilan (toplam= 2688, 13s)
2026-09-13 18:46:39,261 [INFO]   [Destan 3] ASC (ucuz→pahalı) p 15: 192 ilan (toplam= 2880, 14s)
2026-09-13 18:46:40,007 [INFO]   [Destan 3] ASC (ucuz→pahalı) p 16: 192 ilan (toplam= 3072, 15s)
2026-09-13 18:46:40,805 [INFO]   [Destan 3] ASC (ucuz→pahalı) p 17: 192 ilan (toplam= 3264, 15s)
2026-09-13 18:46:41,551 [INFO]   [Destan 3] ASC (ucuz→pahalı) p 18: 192 ilan (toplam= 3456, 16s)
2026-09-13 18:46:43,273 [INFO]   [Destan 3] ASC (ucuz→pahalı) p 19: 192 ilan (toplam= 3648, 18s)
2026-09-13 18:46:43,995 [INFO]   [Destan 3] ASC (ucuz→pahalı) p 20: 192 ilan (toplam= 3840, 19s)
2026-09-13 18:46:44,763 [INFO]   [Destan 3] ASC (ucuz→pahalı) p 21: 192 ilan (toplam= 4032, 19s)
2026-09-13 18:46:45,491 [INFO]   [Destan 3] ASC (ucuz→pahalı) p 22: 192 ilan (toplam= 4224, 20s)
2026-09-13 18:46:46,230 [INFO]   [Destan 3] ASC (ucuz→pahalı) p 23: 192 ilan (toplam= 4416, 21s)
2026-09-13 18:46:46,988 [INFO]   [Destan 3] ASC (ucuz→pahalı) p 24: 192 ilan (toplam= 4608, 22s)
2026-09-13 18:46:47,751 [INFO]   [Destan 3] ASC (ucuz→pahalı) p 25: 192 ilan (toplam= 4800, 22s)
2026-09-13 18:46:49,398 [INFO]   [Destan 3] ASC (ucuz→pahalı) p 26: 192 ilan (toplam= 4992, 24s)
2026-09-13 18:46:51,184 [INFO]   [Destan 3] ASC (ucuz→pahalı) p 27: 192 ilan (toplam= 5184, 26s)
2026-09-13 18:46:51,986 [INFO]   [Destan 3] ASC (ucuz→pahalı) p 28: 192 ilan (toplam= 5376, 27s)
2026-09-13 18:46:53,115 [INFO]   [Destan 3] ASC (ucuz→pahalı) p 29: 192 ilan (toplam= 5568, 28s)
2026-09-13 18:46:53,896 [INFO]   [Destan 3] ASC (ucuz→pahalı) p 30: 192 ilan (toplam= 5760, 28s)
2026-09-13 18:46:54,603 [WARNING]   [Destan 3] ASC (ucuz→pahalı) p31 → 429, 60sn bekle
2026-09-13 18:47:54,733 [INFO] Token yenilendi: eyJzaWQiOiIwNGQ2OTE5...
2026-09-13 18:47:54,848 [WARNING]   [Destan 3] p31 → 429 — 60sn bekleniyor
2026-09-13 18:48:54,961 [INFO] Token yenilendi: eyJzaWQiOiIwNGQ2OTE5...
2026-09-13 18:48:55,101 [WARNING]   [Destan 3] p31 → 429 — 120sn bekleniyor
2026-09-13 18:50:55,247 [INFO] Token yenilendi: eyJzaWQiOiIwNGQ2OTE5...
2026-09-13 18:50:55,362 [WARNING]   [Destan 3] p31 → 429 — 180sn bekleniyor
2026-09-13 18:53:55,553 [INFO] Token yenilendi: eyJzaWQiOiIwNGQ2OTE5...
2026-09-13 18:53:55,554 [WARNING]   [Destan 3] ASC (ucuz→pahalı) sayfa 31 alinamadi — bitti
2026-09-13 18:53:55,554 [INFO]   [Destan 3] ASC (ucuz→pahalı) bitti: 5760 ilan
2026-09-13 18:53:55,554 [INFO] [Destan 3] TOPLAM: 5760 ilan
2026-09-13 18:54:05,277 [ERROR] INSERT hatasi: 504 {"message":"Gateway Timeout"}
2026-09-13 18:54:13,459 [INFO] [destan3] 5260 ilan yazildi (17633ms)
2026-09-13 18:54:13,459 [INFO] Tamamlandi — 468sn
2026-09-13 18:54:13,459 [INFO] ============================================================
2026-09-13 18:55:24,981 [INFO] ============================================================
2026-09-13 18:55:24,981 [INFO] MSGKO Scraper v4 — 2026-09-13 18:55:24
2026-09-13 18:55:24,982 [INFO] Kanal [9]: Destan 3 (serverType=13) — DESC (pahalı→ucuz)
2026-09-13 18:55:25,474 [INFO] Token alindi: eyJzaWQiOiIyNTIwYzZh...
2026-09-13 18:55:25,474 [INFO] [Destan 3] Baglanti testi...
2026-09-13 18:55:25,619 [WARNING] Sayfa 1: HTTP 429
2026-09-13 18:55:25,619 [INFO] 60sn bekleniyor...
2026-09-13 18:56:25,729 [INFO] Token yenilendi: eyJzaWQiOiIyNTIwYzZh...
2026-09-13 18:56:25,870 [WARNING] Sayfa 1: HTTP 429
2026-09-13 18:56:25,870 [INFO] 120sn bekleniyor...
2026-09-13 18:58:26,423 [INFO] Token yenilendi: eyJzaWQiOiIyNTIwYzZh...
2026-09-13 18:58:26,558 [WARNING] Sayfa 1: HTTP 429
2026-09-13 18:58:26,558 [WARNING] Site engelliyor — run atlaniyor
2026-09-13 19:01:24,979 [INFO] ============================================================
2026-09-13 19:01:24,979 [INFO] MSGKO Scraper v4 — 2026-09-13 19:01:24
2026-09-13 19:01:24,979 [INFO] Kanal [0]: Zero 3 (serverType=0) — ASC (ucuz→pahalı)
2026-09-13 19:01:26,316 [INFO] Token alindi: eyJzaWQiOiJjMzkxMTE3...
2026-09-13 19:01:26,316 [INFO] [Zero 3] Baglanti testi...
2026-09-13 19:01:26,428 [WARNING] Sayfa 1: HTTP 429
2026-09-13 19:01:26,428 [INFO] 60sn bekleniyor...
2026-09-13 19:02:26,578 [INFO] Token yenilendi: eyJzaWQiOiJjMzkxMTE3...
2026-09-13 19:02:26,696 [WARNING] Sayfa 1: HTTP 429
2026-09-13 19:02:26,696 [INFO] 120sn bekleniyor...
2026-09-13 19:04:27,634 [INFO] Token yenilendi: eyJzaWQiOiJjMzkxMTE3...
2026-09-13 19:04:27,759 [WARNING] Sayfa 1: HTTP 429
2026-09-13 19:04:27,759 [WARNING] Site engelliyor — run atlaniyor
2026-09-13 19:07:24,983 [INFO] ============================================================
2026-09-13 19:07:24,983 [INFO] MSGKO Scraper v4 — 2026-09-13 19:07:24
2026-09-13 19:07:24,984 [INFO] Kanal [0]: Zero 3 (serverType=0) — DESC (pahalı→ucuz)
2026-09-13 19:07:25,487 [INFO] Token alindi: eyJzaWQiOiIxZWQ1MGVl...
2026-09-13 19:07:25,488 [INFO] [Zero 3] Baglanti testi...
2026-09-13 19:07:25,614 [WARNING] Sayfa 1: HTTP 429
2026-09-13 19:07:25,615 [INFO] 60sn bekleniyor...
2026-09-13 19:08:25,737 [INFO] Token yenilendi: eyJzaWQiOiIxZWQ1MGVl...
2026-09-13 19:08:25,893 [WARNING] Sayfa 1: HTTP 429
2026-09-13 19:08:25,893 [INFO] 120sn bekleniyor...
2026-09-13 19:10:26,401 [INFO] Token yenilendi: eyJzaWQiOiIxZWQ1MGVl...
2026-09-13 19:10:26,532 [WARNING] Sayfa 1: HTTP 429
2026-09-13 19:10:26,532 [WARNING] Site engelliyor — run atlaniyor
2026-09-13 19:13:24,982 [INFO] ============================================================
2026-09-13 19:13:24,982 [INFO] MSGKO Scraper v4 — 2026-09-13 19:13:24
2026-09-13 19:13:24,982 [INFO] Kanal [1]: Zero 4 (serverType=5) — ASC (ucuz→pahalı)
2026-09-13 19:13:25,424 [INFO] Token alindi: eyJzaWQiOiI0MDliMTFh...
2026-09-13 19:13:25,424 [INFO] [Zero 4] Baglanti testi...
2026-09-13 19:13:25,549 [WARNING] Sayfa 1: HTTP 429
2026-09-13 19:13:25,550 [INFO] 60sn bekleniyor...
2026-09-13 19:14:25,664 [INFO] Token yenilendi: eyJzaWQiOiI0MDliMTFh...
2026-09-13 19:14:25,773 [WARNING] Sayfa 1: HTTP 429
2026-09-13 19:14:25,773 [INFO] 120sn bekleniyor...
2026-09-13 19:16:25,928 [INFO] Token yenilendi: eyJzaWQiOiI0MDliMTFh...
2026-09-13 19:16:26,037 [WARNING] Sayfa 1: HTTP 429
2026-09-13 19:16:26,037 [WARNING] Site engelliyor — run atlaniyor
2026-09-13 19:19:24,981 [INFO] ============================================================
2026-09-13 19:19:24,981 [INFO] MSGKO Scraper v4 — 2026-09-13 19:19:24
2026-09-13 19:19:24,982 [INFO] Kanal [1]: Zero 4 (serverType=5) — DESC (pahalı→ucuz)
2026-09-13 19:19:26,406 [INFO] Token alindi: eyJzaWQiOiJjNTk3ZTVh...
2026-09-13 19:19:26,406 [INFO] [Zero 4] Baglanti testi...
2026-09-13 19:19:26,660 [INFO] Baglanti OK!
2026-09-13 19:19:26,661 [INFO] [Zero 4] DESC (pahalı→ucuz)
2026-09-13 19:19:27,654 [INFO]   [Zero 4] DESC (pahalı→ucuz) p  1: 192 ilan (toplam=  192, 2s)
2026-09-13 19:19:28,420 [INFO]   [Zero 4] DESC (pahalı→ucuz) p  2: 192 ilan (toplam=  384, 3s)
2026-09-13 19:19:29,259 [INFO]   [Zero 4] DESC (pahalı→ucuz) p  3: 192 ilan (toplam=  576, 4s)
2026-09-13 19:19:30,084 [INFO]   [Zero 4] DESC (pahalı→ucuz) p  4: 192 ilan (toplam=  768, 5s)
2026-09-13 19:19:31,096 [INFO]   [Zero 4] DESC (pahalı→ucuz) p  5: 192 ilan (toplam=  960, 6s)
2026-09-13 19:19:31,919 [INFO]   [Zero 4] DESC (pahalı→ucuz) p  6: 192 ilan (toplam= 1152, 6s)
2026-09-13 19:19:32,703 [INFO]   [Zero 4] DESC (pahalı→ucuz) p  7: 192 ilan (toplam= 1344, 7s)
2026-09-13 19:19:34,363 [INFO]   [Zero 4] DESC (pahalı→ucuz) p  8: 192 ilan (toplam= 1536, 9s)
2026-09-13 19:19:35,098 [INFO]   [Zero 4] DESC (pahalı→ucuz) p  9: 192 ilan (toplam= 1728, 10s)
2026-09-13 19:19:35,929 [INFO]   [Zero 4] DESC (pahalı→ucuz) p 10: 192 ilan (toplam= 1920, 10s)
2026-09-13 19:19:37,098 [INFO]   [Zero 4] DESC (pahalı→ucuz) p 11: 192 ilan (toplam= 2112, 12s)
2026-09-13 19:19:37,860 [INFO]   [Zero 4] DESC (pahalı→ucuz) p 12: 192 ilan (toplam= 2304, 12s)
2026-09-13 19:19:38,602 [INFO]   [Zero 4] DESC (pahalı→ucuz) p 13: 192 ilan (toplam= 2496, 13s)
2026-09-13 19:19:39,342 [INFO]   [Zero 4] DESC (pahalı→ucuz) p 14: 192 ilan (toplam= 2688, 14s)
2026-09-13 19:19:40,754 [INFO]   [Zero 4] DESC (pahalı→ucuz) p 15: 192 ilan (toplam= 2880, 15s)
2026-09-13 19:19:41,493 [INFO]   [Zero 4] DESC (pahalı→ucuz) p 16: 192 ilan (toplam= 3072, 16s)
2026-09-13 19:19:43,211 [INFO]   [Zero 4] DESC (pahalı→ucuz) p 17: 192 ilan (toplam= 3264, 18s)
2026-09-13 19:19:43,970 [INFO]   [Zero 4] DESC (pahalı→ucuz) p 18: 192 ilan (toplam= 3456, 18s)
2026-09-13 19:19:45,463 [INFO]   [Zero 4] DESC (pahalı→ucuz) p 19: 192 ilan (toplam= 3648, 20s)
2026-09-13 19:19:46,221 [INFO]   [Zero 4] DESC (pahalı→ucuz) p 20: 192 ilan (toplam= 3840, 21s)
2026-09-13 19:19:47,052 [INFO]   [Zero 4] DESC (pahalı→ucuz) p 21: 192 ilan (toplam= 4032, 22s)
2026-09-13 19:19:47,795 [INFO]   [Zero 4] DESC (pahalı→ucuz) p 22: 192 ilan (toplam= 4224, 22s)
2026-09-13 19:19:48,581 [INFO]   [Zero 4] DESC (pahalı→ucuz) p 23: 192 ilan (toplam= 4416, 23s)
2026-09-13 19:19:50,338 [INFO]   [Zero 4] DESC (pahalı→ucuz) p 24: 192 ilan (toplam= 4608, 25s)
2026-09-13 19:19:51,140 [INFO]   [Zero 4] DESC (pahalı→ucuz) p 25: 192 ilan (toplam= 4800, 26s)
2026-09-13 19:19:51,876 [INFO]   [Zero 4] DESC (pahalı→ucuz) p 26: 192 ilan (toplam= 4992, 26s)
2026-09-13 19:19:52,636 [INFO]   [Zero 4] DESC (pahalı→ucuz) p 27: 192 ilan (toplam= 5184, 27s)
2026-09-13 19:19:54,053 [INFO]   [Zero 4] DESC (pahalı→ucuz) p 28: 192 ilan (toplam= 5376, 29s)
2026-09-13 19:19:54,855 [INFO]   [Zero 4] DESC (pahalı→ucuz) p 29: 192 ilan (toplam= 5568, 29s)
2026-09-13 19:19:55,472 [WARNING]   [Zero 4] DESC (pahalı→ucuz) p30 → 429, 60sn bekle
2026-09-13 19:20:55,582 [INFO] Token yenilendi: eyJzaWQiOiJjNTk3ZTVh...
2026-09-13 19:20:55,703 [WARNING]   [Zero 4] p30 → 429 — 60sn bekleniyor
2026-09-13 19:21:55,829 [INFO] Token yenilendi: eyJzaWQiOiJjNTk3ZTVh...
2026-09-13 19:21:55,936 [WARNING]   [Zero 4] p30 → 429 — 120sn bekleniyor
2026-09-13 19:23:56,059 [INFO] Token yenilendi: eyJzaWQiOiJjNTk3ZTVh...
2026-09-13 19:23:56,177 [WARNING]   [Zero 4] p30 → 429 — 180sn bekleniyor
2026-09-13 19:26:56,306 [INFO] Token yenilendi: eyJzaWQiOiJjNTk3ZTVh...
2026-09-13 19:26:56,306 [WARNING]   [Zero 4] DESC (pahalı→ucuz) sayfa 30 alinamadi — bitti
2026-09-13 19:26:56,306 [INFO]   [Zero 4] DESC (pahalı→ucuz) bitti: 5568 ilan
2026-09-13 19:26:56,306 [INFO] [Zero 4] TOPLAM: 5568 ilan
2026-09-13 19:27:06,773 [INFO] [zero4] 5568 ilan yazildi (10193ms)
2026-09-13 19:27:06,773 [INFO] Tamamlandi — 461sn
2026-09-13 19:27:06,773 [INFO] ============================================================
2026-09-13 19:28:24,985 [INFO] ============================================================
2026-09-13 19:28:24,985 [INFO] MSGKO Scraper v4 — 2026-09-13 19:28:24
2026-09-13 19:28:24,985 [INFO] Kanal [2]: Zero 5 (serverType=8) — ASC (ucuz→pahalı)
2026-09-13 19:28:25,412 [INFO] Token alindi: eyJzaWQiOiIwZTA5NGFk...
2026-09-13 19:28:25,413 [INFO] [Zero 5] Baglanti testi...
2026-09-13 19:28:25,537 [WARNING] Sayfa 1: HTTP 429
2026-09-13 19:28:25,537 [INFO] 60sn bekleniyor...
2026-09-13 19:29:26,598 [INFO] Token yenilendi: eyJzaWQiOiIwZTA5NGFk...
2026-09-13 19:29:26,736 [WARNING] Sayfa 1: HTTP 429
2026-09-13 19:29:26,736 [INFO] 120sn bekleniyor...
2026-09-13 19:31:27,722 [INFO] Token yenilendi: eyJzaWQiOiIwZTA5NGFk...
2026-09-13 19:31:27,964 [WARNING] Sayfa 1: HTTP 429
2026-09-13 19:31:27,964 [WARNING] Site engelliyor — run atlaniyor
2026-09-13 19:34:24,989 [INFO] ============================================================
2026-09-13 19:34:24,990 [INFO] MSGKO Scraper v4 — 2026-09-13 19:34:24
2026-09-13 19:34:24,990 [INFO] Kanal [2]: Zero 5 (serverType=8) — DESC (pahalı→ucuz)
2026-09-13 19:34:25,445 [INFO] Token alindi: eyJzaWQiOiIyNWI2ZjMx...
2026-09-13 19:34:25,446 [INFO] [Zero 5] Baglanti testi...
2026-09-13 19:34:25,564 [WARNING] Sayfa 1: HTTP 429
2026-09-13 19:34:25,564 [INFO] 60sn bekleniyor...
2026-09-13 19:35:26,002 [INFO] Token yenilendi: eyJzaWQiOiIyNWI2ZjMx...
2026-09-13 19:35:26,127 [WARNING] Sayfa 1: HTTP 429
2026-09-13 19:35:26,127 [INFO] 120sn bekleniyor...
2026-09-13 19:37:27,052 [INFO] Token yenilendi: eyJzaWQiOiIyNWI2ZjMx...
2026-09-13 19:37:27,174 [WARNING] Sayfa 1: HTTP 429
2026-09-13 19:37:27,174 [WARNING] Site engelliyor — run atlaniyor
2026-09-13 19:40:24,988 [INFO] ============================================================
2026-09-13 19:40:24,988 [INFO] MSGKO Scraper v4 — 2026-09-13 19:40:24
2026-09-13 19:40:24,988 [INFO] Kanal [3]: Zero 8 (serverType=15) — ASC (ucuz→pahalı)
2026-09-13 19:40:25,545 [INFO] Token alindi: eyJzaWQiOiIzNjFmMTM2...
2026-09-13 19:40:25,545 [INFO] [Zero 8] Baglanti testi...
2026-09-13 19:40:25,669 [WARNING] Sayfa 1: HTTP 429
2026-09-13 19:40:25,669 [INFO] 60sn bekleniyor...
2026-09-13 19:41:26,548 [INFO] Token yenilendi: eyJzaWQiOiIzNjFmMTM2...
2026-09-13 19:41:26,698 [WARNING] Sayfa 1: HTTP 429
2026-09-13 19:41:26,698 [INFO] 120sn bekleniyor...
2026-09-13 19:43:26,820 [INFO] Token yenilendi: eyJzaWQiOiIzNjFmMTM2...
2026-09-13 19:43:26,934 [WARNING] Sayfa 1: HTTP 429
2026-09-13 19:43:26,934 [WARNING] Site engelliyor — run atlaniyor
2026-09-13 19:46:24,989 [INFO] ============================================================
2026-09-13 19:46:24,989 [INFO] MSGKO Scraper v4 — 2026-09-13 19:46:24
2026-09-13 19:46:24,990 [INFO] Kanal [3]: Zero 8 (serverType=15) — DESC (pahalı→ucuz)
2026-09-13 19:46:25,486 [INFO] Token alindi: eyJzaWQiOiJmNmYzMTA5...
2026-09-13 19:46:25,486 [INFO] [Zero 8] Baglanti testi...
2026-09-13 19:46:25,595 [WARNING] Sayfa 1: HTTP 429
2026-09-13 19:46:25,595 [INFO] 60sn bekleniyor...
2026-09-13 19:47:25,750 [INFO] Token yenilendi: eyJzaWQiOiJmNmYzMTA5...
2026-09-13 19:47:25,879 [WARNING] Sayfa 1: HTTP 429
2026-09-13 19:47:25,879 [INFO] 120sn bekleniyor...
2026-09-13 19:49:26,013 [INFO] Token yenilendi: eyJzaWQiOiJmNmYzMTA5...
2026-09-13 19:49:26,145 [WARNING] Sayfa 1: HTTP 429
2026-09-13 19:49:26,146 [WARNING] Site engelliyor — run atlaniyor
2026-09-13 19:52:25,000 [INFO] ============================================================
2026-09-13 19:52:25,000 [INFO] MSGKO Scraper v4 — 2026-09-13 19:52:25
2026-09-13 19:52:25,000 [INFO] Kanal [4]: Agartha 3 (serverType=1) — ASC (ucuz→pahalı)
2026-09-13 19:52:25,475 [INFO] Token alindi: eyJzaWQiOiJlYTM5MWMz...
2026-09-13 19:52:25,475 [INFO] [Agartha 3] Baglanti testi...
2026-09-13 19:52:25,689 [INFO] Baglanti OK!
2026-09-13 19:52:25,689 [INFO] [Agartha 3] ASC (ucuz→pahalı)
2026-09-13 19:52:25,776 [INFO]   [Agartha 3] ASC (ucuz→pahalı) p  1: 192 ilan (toplam=  192, 0s)
2026-09-13 19:52:26,672 [INFO]   [Agartha 3] ASC (ucuz→pahalı) p  2: 192 ilan (toplam=  384, 1s)
2026-09-13 19:52:27,397 [INFO]   [Agartha 3] ASC (ucuz→pahalı) p  3: 192 ilan (toplam=  576, 2s)
2026-09-13 19:52:28,151 [INFO]   [Agartha 3] ASC (ucuz→pahalı) p  4: 192 ilan (toplam=  768, 3s)
2026-09-13 19:52:28,930 [INFO]   [Agartha 3] ASC (ucuz→pahalı) p  5: 192 ilan (toplam=  960, 3s)
2026-09-13 19:52:29,686 [INFO]   [Agartha 3] ASC (ucuz→pahalı) p  6: 192 ilan (toplam= 1152, 4s)
2026-09-13 19:52:30,433 [INFO]   [Agartha 3] ASC (ucuz→pahalı) p  7: 192 ilan (toplam= 1344, 5s)
2026-09-13 19:52:31,177 [INFO]   [Agartha 3] ASC (ucuz→pahalı) p  8: 192 ilan (toplam= 1536, 6s)
2026-09-13 19:52:31,969 [INFO]   [Agartha 3] ASC (ucuz→pahalı) p  9: 192 ilan (toplam= 1728, 6s)
2026-09-13 19:52:32,705 [INFO]   [Agartha 3] ASC (ucuz→pahalı) p 10: 192 ilan (toplam= 1920, 7s)
2026-09-13 19:52:33,440 [INFO]   [Agartha 3] ASC (ucuz→pahalı) p 11: 192 ilan (toplam= 2112, 8s)
2026-09-13 19:52:34,254 [INFO]   [Agartha 3] ASC (ucuz→pahalı) p 12: 192 ilan (toplam= 2304, 9s)
2026-09-13 19:52:36,094 [INFO]   [Agartha 3] ASC (ucuz→pahalı) p 13: 192 ilan (toplam= 2496, 11s)
2026-09-13 19:52:36,834 [INFO]   [Agartha 3] ASC (ucuz→pahalı) p 14: 192 ilan (toplam= 2688, 11s)
2026-09-13 19:52:38,095 [INFO]   [Agartha 3] ASC (ucuz→pahalı) p 15: 192 ilan (toplam= 2880, 13s)
2026-09-13 19:52:39,731 [INFO]   [Agartha 3] ASC (ucuz→pahalı) p 16: 192 ilan (toplam= 3072, 14s)
2026-09-13 19:52:40,480 [INFO]   [Agartha 3] ASC (ucuz→pahalı) p 17: 192 ilan (toplam= 3264, 15s)
2026-09-13 19:52:41,267 [INFO]   [Agartha 3] ASC (ucuz→pahalı) p 18: 192 ilan (toplam= 3456, 16s)
2026-09-13 19:52:42,040 [INFO]   [Agartha 3] ASC (ucuz→pahalı) p 19: 192 ilan (toplam= 3648, 17s)
2026-09-13 19:52:43,385 [INFO]   [Agartha 3] ASC (ucuz→pahalı) p 20: 192 ilan (toplam= 3840, 18s)
2026-09-13 19:52:44,160 [INFO]   [Agartha 3] ASC (ucuz→pahalı) p 21: 192 ilan (toplam= 4032, 19s)
2026-09-13 19:52:45,319 [INFO]   [Agartha 3] ASC (ucuz→pahalı) p 22: 192 ilan (toplam= 4224, 20s)
2026-09-13 19:52:46,068 [INFO]   [Agartha 3] ASC (ucuz→pahalı) p 23: 192 ilan (toplam= 4416, 21s)
2026-09-13 19:52:46,865 [INFO]   [Agartha 3] ASC (ucuz→pahalı) p 24: 192 ilan (toplam= 4608, 21s)
2026-09-13 19:52:47,665 [INFO]   [Agartha 3] ASC (ucuz→pahalı) p 25: 192 ilan (toplam= 4800, 22s)
2026-09-13 19:52:48,409 [INFO]   [Agartha 3] ASC (ucuz→pahalı) p 26: 192 ilan (toplam= 4992, 23s)
2026-09-13 19:52:49,214 [INFO]   [Agartha 3] ASC (ucuz→pahalı) p 27: 192 ilan (toplam= 5184, 24s)
2026-09-13 19:52:50,964 [INFO]   [Agartha 3] ASC (ucuz→pahalı) p 28: 192 ilan (toplam= 5376, 25s)
2026-09-13 19:52:51,730 [INFO]   [Agartha 3] ASC (ucuz→pahalı) p 29: 192 ilan (toplam= 5568, 26s)
2026-09-13 19:52:52,485 [INFO]   [Agartha 3] ASC (ucuz→pahalı) p 30: 192 ilan (toplam= 5760, 27s)
2026-09-13 19:52:53,090 [WARNING]   [Agartha 3] ASC (ucuz→pahalı) p31 → 429, 60sn bekle
2026-09-13 19:53:53,324 [INFO] Token yenilendi: eyJzaWQiOiJlYTM5MWMz...
2026-09-13 19:53:53,464 [WARNING]   [Agartha 3] p31 → 429 — 60sn bekleniyor
2026-09-13 19:54:53,606 [INFO] Token yenilendi: eyJzaWQiOiJlYTM5MWMz...
2026-09-13 19:54:53,707 [WARNING]   [Agartha 3] p31 → 429 — 120sn bekleniyor
2026-09-13 19:56:53,836 [INFO] Token yenilendi: eyJzaWQiOiJlYTM5MWMz...
2026-09-13 19:56:53,950 [WARNING]   [Agartha 3] p31 → 429 — 180sn bekleniyor
2026-09-13 19:59:54,086 [INFO] Token yenilendi: eyJzaWQiOiJlYTM5MWMz...
2026-09-13 19:59:54,087 [WARNING]   [Agartha 3] ASC (ucuz→pahalı) sayfa 31 alinamadi — bitti
2026-09-13 19:59:54,087 [INFO]   [Agartha 3] ASC (ucuz→pahalı) bitti: 5760 ilan
2026-09-13 19:59:54,087 [INFO] [Agartha 3] TOPLAM: 5760 ilan
2026-09-13 20:00:05,404 [ERROR] INSERT hatasi: 504 {"message":"Gateway Timeout"}
2026-09-13 20:00:13,088 [INFO] [agartha3] 5260 ilan yazildi (17792ms)
2026-09-13 20:00:13,088 [INFO] Tamamlandi — 468sn
2026-09-13 20:00:13,088 [INFO] ============================================================
2026-09-13 20:01:26,282 [INFO] ============================================================
2026-09-13 20:01:26,282 [INFO] MSGKO Scraper v4 — 2026-09-13 20:01:26
2026-09-13 20:01:26,283 [INFO] Kanal [4]: Agartha 3 (serverType=1) — DESC (pahalı→ucuz)
2026-09-13 20:01:26,824 [INFO] Token alindi: eyJzaWQiOiI1NDM4YmZk...
2026-09-13 20:01:26,824 [INFO] [Agartha 3] Baglanti testi...
2026-09-13 20:01:26,936 [WARNING] Sayfa 1: HTTP 429
2026-09-13 20:01:26,936 [INFO] 60sn bekleniyor...
2026-09-13 20:02:27,067 [INFO] Token yenilendi: eyJzaWQiOiI1NDM4YmZk...
2026-09-13 20:02:27,181 [WARNING] Sayfa 1: HTTP 429
2026-09-13 20:02:27,181 [INFO] 120sn bekleniyor...
2026-09-13 20:04:27,559 [INFO] Token yenilendi: eyJzaWQiOiI1NDM4YmZk...
2026-09-13 20:04:27,677 [WARNING] Sayfa 1: HTTP 429
2026-09-13 20:04:27,677 [WARNING] Site engelliyor — run atlaniyor
2026-09-13 20:07:25,037 [INFO] ============================================================
2026-09-13 20:07:25,037 [INFO] MSGKO Scraper v4 — 2026-09-13 20:07:25
2026-09-13 20:07:25,038 [INFO] Kanal [5]: Agartha 4 (serverType=12) — ASC (ucuz→pahalı)
2026-09-13 20:07:25,842 [INFO] Token alindi: eyJzaWQiOiI1YzIxOTdm...
2026-09-13 20:07:25,843 [INFO] [Agartha 4] Baglanti testi...
2026-09-13 20:07:25,962 [WARNING] Sayfa 1: HTTP 429
2026-09-13 20:07:25,962 [INFO] 60sn bekleniyor...
2026-09-13 20:08:26,110 [INFO] Token yenilendi: eyJzaWQiOiI1YzIxOTdm...
2026-09-13 20:08:26,266 [WARNING] Sayfa 1: HTTP 429
2026-09-13 20:08:26,266 [INFO] 120sn bekleniyor...
2026-09-13 20:10:26,420 [INFO] Token yenilendi: eyJzaWQiOiI1YzIxOTdm...
2026-09-13 20:10:26,549 [WARNING] Sayfa 1: HTTP 429
2026-09-13 20:10:26,549 [WARNING] Site engelliyor — run atlaniyor
2026-09-13 20:13:25,038 [INFO] ============================================================
2026-09-13 20:13:25,039 [INFO] MSGKO Scraper v4 — 2026-09-13 20:13:25
2026-09-13 20:13:25,039 [INFO] Kanal [5]: Agartha 4 (serverType=12) — DESC (pahalı→ucuz)
2026-09-13 20:13:25,584 [INFO] Token alindi: eyJzaWQiOiIyYzZmZjIx...
2026-09-13 20:13:25,584 [INFO] [Agartha 4] Baglanti testi...
2026-09-13 20:13:25,694 [WARNING] Sayfa 1: HTTP 429
2026-09-13 20:13:25,694 [INFO] 60sn bekleniyor...
2026-09-13 20:14:25,824 [INFO] Token yenilendi: eyJzaWQiOiIyYzZmZjIx...
2026-09-13 20:14:25,941 [WARNING] Sayfa 1: HTTP 429
2026-09-13 20:14:25,942 [INFO] 120sn bekleniyor...
2026-09-13 20:16:26,077 [INFO] Token yenilendi: eyJzaWQiOiIyYzZmZjIx...
2026-09-13 20:16:26,220 [WARNING] Sayfa 1: HTTP 429
2026-09-13 20:16:26,220 [WARNING] Site engelliyor — run atlaniyor
2026-09-13 20:19:25,068 [INFO] ============================================================
2026-09-13 20:19:25,068 [INFO] MSGKO Scraper v4 — 2026-09-13 20:19:25
2026-09-13 20:19:25,069 [INFO] Kanal [6]: Pandora 3 (serverType=2) — ASC (ucuz→pahalı)
2026-09-13 20:19:26,599 [INFO] Token alindi: eyJzaWQiOiI1ZDE2MTc1...
2026-09-13 20:19:26,600 [INFO] [Pandora 3] Baglanti testi...
2026-09-13 20:19:26,714 [WARNING] Sayfa 1: HTTP 429
2026-09-13 20:19:26,714 [INFO] 60sn bekleniyor...
2026-09-13 20:20:26,834 [INFO] Token yenilendi: eyJzaWQiOiI1ZDE2MTc1...
2026-09-13 20:20:26,938 [WARNING] Sayfa 1: HTTP 429
2026-09-13 20:20:26,938 [INFO] 120sn bekleniyor...
2026-09-13 20:22:27,675 [INFO] Token yenilendi: eyJzaWQiOiI1ZDE2MTc1...
2026-09-13 20:22:27,803 [WARNING] Sayfa 1: HTTP 429
2026-09-13 20:22:27,803 [WARNING] Site engelliyor — run atlaniyor
2026-09-13 20:25:25,040 [INFO] ============================================================
2026-09-13 20:25:25,040 [INFO] MSGKO Scraper v4 — 2026-09-13 20:25:25
2026-09-13 20:25:25,041 [INFO] Kanal [6]: Pandora 3 (serverType=2) — DESC (pahalı→ucuz)
2026-09-13 20:25:26,550 [INFO] Token alindi: eyJzaWQiOiIwZjc3ZDZi...
2026-09-13 20:25:26,551 [INFO] [Pandora 3] Baglanti testi...
2026-09-13 20:25:26,932 [INFO] Baglanti OK!
2026-09-13 20:25:26,932 [INFO] [Pandora 3] DESC (pahalı→ucuz)
2026-09-13 20:25:28,575 [INFO]   [Pandora 3] DESC (pahalı→ucuz) p  1: 192 ilan (toplam=  192, 3s)
2026-09-13 20:25:29,372 [INFO]   [Pandora 3] DESC (pahalı→ucuz) p  2: 192 ilan (toplam=  384, 4s)
2026-09-13 20:25:30,184 [INFO]   [Pandora 3] DESC (pahalı→ucuz) p  3: 192 ilan (toplam=  576, 5s)
2026-09-13 20:25:30,967 [INFO]   [Pandora 3] DESC (pahalı→ucuz) p  4: 192 ilan (toplam=  768, 5s)
2026-09-13 20:25:31,870 [INFO]   [Pandora 3] DESC (pahalı→ucuz) p  5: 192 ilan (toplam=  960, 6s)
2026-09-13 20:25:32,784 [INFO]   [Pandora 3] DESC (pahalı→ucuz) p  6: 192 ilan (toplam= 1152, 7s)
2026-09-13 20:25:34,232 [INFO]   [Pandora 3] DESC (pahalı→ucuz) p  7: 192 ilan (toplam= 1344, 9s)
2026-09-13 20:25:35,085 [INFO]   [Pandora 3] DESC (pahalı→ucuz) p  8: 192 ilan (toplam= 1536, 10s)
2026-09-13 20:25:35,893 [INFO]   [Pandora 3] DESC (pahalı→ucuz) p  9: 192 ilan (toplam= 1728, 10s)
2026-09-13 20:25:37,581 [INFO]   [Pandora 3] DESC (pahalı→ucuz) p 10: 192 ilan (toplam= 1920, 12s)
2026-09-13 20:25:38,402 [INFO]   [Pandora 3] DESC (pahalı→ucuz) p 11: 192 ilan (toplam= 2112, 13s)
2026-09-13 20:25:40,247 [INFO]   [Pandora 3] DESC (pahalı→ucuz) p 12: 192 ilan (toplam= 2304, 15s)
2026-09-13 20:25:41,792 [INFO]   [Pandora 3] DESC (pahalı→ucuz) p 13: 192 ilan (toplam= 2496, 16s)
2026-09-13 20:25:42,561 [INFO]   [Pandora 3] DESC (pahalı→ucuz) p 14: 192 ilan (toplam= 2688, 17s)
2026-09-13 20:25:43,395 [INFO]   [Pandora 3] DESC (pahalı→ucuz) p 15: 192 ilan (toplam= 2880, 18s)
2026-09-13 20:25:44,664 [INFO]   [Pandora 3] DESC (pahalı→ucuz) p 16: 192 ilan (toplam= 3072, 19s)
2026-09-13 20:25:45,454 [INFO]   [Pandora 3] DESC (pahalı→ucuz) p 17: 192 ilan (toplam= 3264, 20s)
2026-09-13 20:25:46,375 [INFO]   [Pandora 3] DESC (pahalı→ucuz) p 18: 192 ilan (toplam= 3456, 21s)
2026-09-13 20:25:47,517 [INFO]   [Pandora 3] DESC (pahalı→ucuz) p 19: 192 ilan (toplam= 3648, 22s)
2026-09-13 20:25:48,310 [INFO]   [Pandora 3] DESC (pahalı→ucuz) p 20: 192 ilan (toplam= 3840, 23s)
2026-09-13 20:25:49,133 [INFO]   [Pandora 3] DESC (pahalı→ucuz) p 21: 192 ilan (toplam= 4032, 24s)
2026-09-13 20:25:49,954 [INFO]   [Pandora 3] DESC (pahalı→ucuz) p 22: 192 ilan (toplam= 4224, 24s)
2026-09-13 20:25:50,732 [INFO]   [Pandora 3] DESC (pahalı→ucuz) p 23: 192 ilan (toplam= 4416, 25s)
2026-09-13 20:25:52,578 [INFO]   [Pandora 3] DESC (pahalı→ucuz) p 24: 192 ilan (toplam= 4608, 27s)
2026-09-13 20:25:53,362 [INFO]   [Pandora 3] DESC (pahalı→ucuz) p 25: 192 ilan (toplam= 4800, 28s)
2026-09-13 20:25:54,147 [INFO]   [Pandora 3] DESC (pahalı→ucuz) p 26: 192 ilan (toplam= 4992, 29s)
2026-09-13 20:25:55,761 [INFO]   [Pandora 3] DESC (pahalı→ucuz) p 27: 192 ilan (toplam= 5184, 30s)
2026-09-13 20:25:56,584 [INFO]   [Pandora 3] DESC (pahalı→ucuz) p 28: 192 ilan (toplam= 5376, 31s)
2026-09-13 20:25:57,970 [INFO]   [Pandora 3] DESC (pahalı→ucuz) p 29: 192 ilan (toplam= 5568, 32s)
2026-09-13 20:25:58,589 [WARNING]   [Pandora 3] DESC (pahalı→ucuz) p30 → 429, 60sn bekle
2026-09-13 20:26:58,870 [INFO] Token yenilendi: eyJzaWQiOiIwZjc3ZDZi...
2026-09-13 20:26:59,004 [WARNING]   [Pandora 3] p30 → 429 — 60sn bekleniyor
2026-09-13 20:27:59,153 [INFO] Token yenilendi: eyJzaWQiOiIwZjc3ZDZi...
2026-09-13 20:27:59,297 [WARNING]   [Pandora 3] p30 → 429 — 120sn bekleniyor
2026-09-13 20:29:59,435 [INFO] Token yenilendi: eyJzaWQiOiIwZjc3ZDZi...
2026-09-13 20:29:59,572 [WARNING]   [Pandora 3] p30 → 429 — 180sn bekleniyor
2026-09-13 20:33:00,567 [INFO] Token yenilendi: eyJzaWQiOiIwZjc3ZDZi...
2026-09-13 20:33:00,568 [WARNING]   [Pandora 3] DESC (pahalı→ucuz) sayfa 30 alinamadi — bitti
2026-09-13 20:33:00,568 [INFO]   [Pandora 3] DESC (pahalı→ucuz) bitti: 5568 ilan
2026-09-13 20:33:00,568 [INFO] [Pandora 3] TOPLAM: 5568 ilan
2026-09-13 20:33:12,334 [INFO] [pandora3] 5568 ilan yazildi (11406ms)
2026-09-13 20:33:12,335 [INFO] Tamamlandi — 467sn
2026-09-13 20:33:12,335 [INFO] ============================================================
2026-09-13 20:34:25,044 [INFO] ============================================================
2026-09-13 20:34:25,044 [INFO] MSGKO Scraper v4 — 2026-09-13 20:34:25
2026-09-13 20:34:25,044 [INFO] Kanal [7]: Pandora 4 (serverType=11) — ASC (ucuz→pahalı)
2026-09-13 20:34:26,748 [INFO] Token alindi: eyJzaWQiOiIzYzIyMDgx...
2026-09-13 20:34:26,748 [INFO] [Pandora 4] Baglanti testi...
2026-09-13 20:34:26,857 [WARNING] Sayfa 1: HTTP 429
2026-09-13 20:34:26,857 [INFO] 60sn bekleniyor...
2026-09-13 20:35:28,005 [INFO] Token yenilendi: eyJzaWQiOiIzYzIyMDgx...
2026-09-13 20:35:28,114 [WARNING] Sayfa 1: HTTP 429
2026-09-13 20:35:28,114 [INFO] 120sn bekleniyor...
2026-09-13 20:37:28,252 [INFO] Token yenilendi: eyJzaWQiOiIzYzIyMDgx...
2026-09-13 20:37:28,385 [WARNING] Sayfa 1: HTTP 429
2026-09-13 20:37:28,385 [WARNING] Site engelliyor — run atlaniyor
2026-09-13 20:40:25,046 [INFO] ============================================================
2026-09-13 20:40:25,047 [INFO] MSGKO Scraper v4 — 2026-09-13 20:40:25
2026-09-13 20:40:25,047 [INFO] Kanal [7]: Pandora 4 (serverType=11) — DESC (pahalı→ucuz)
2026-09-13 20:40:25,758 [INFO] Token alindi: eyJzaWQiOiIzZTYwYjcx...
2026-09-13 20:40:25,759 [INFO] [Pandora 4] Baglanti testi...
2026-09-13 20:40:25,975 [WARNING] Sayfa 1: HTTP 429
2026-09-13 20:40:25,975 [INFO] 60sn bekleniyor...
2026-09-13 20:41:26,107 [INFO] Token yenilendi: eyJzaWQiOiIzZTYwYjcx...
2026-09-13 20:41:26,221 [WARNING] Sayfa 1: HTTP 429
2026-09-13 20:41:26,221 [INFO] 120sn bekleniyor...
2026-09-13 20:43:26,387 [INFO] Token yenilendi: eyJzaWQiOiIzZTYwYjcx...
2026-09-13 20:43:26,514 [WARNING] Sayfa 1: HTTP 429
2026-09-13 20:43:26,514 [WARNING] Site engelliyor — run atlaniyor
2026-09-13 20:46:25,040 [INFO] ============================================================
2026-09-13 20:46:25,040 [INFO] MSGKO Scraper v4 — 2026-09-13 20:46:25
2026-09-13 20:46:25,041 [INFO] Kanal [8]: Destan 2 (serverType=4) — ASC (ucuz→pahalı)
2026-09-13 20:46:25,665 [INFO] Token alindi: eyJzaWQiOiJhY2YxYTJk...
2026-09-13 20:46:25,666 [INFO] [Destan 2] Baglanti testi...
2026-09-13 20:46:25,770 [WARNING] Sayfa 1: HTTP 429
2026-09-13 20:46:25,771 [INFO] 60sn bekleniyor...
2026-09-13 20:47:25,922 [INFO] Token yenilendi: eyJzaWQiOiJhY2YxYTJk...
2026-09-13 20:47:26,054 [WARNING] Sayfa 1: HTTP 429
2026-09-13 20:47:26,054 [INFO] 120sn bekleniyor...
2026-09-13 20:49:26,598 [INFO] Token yenilendi: eyJzaWQiOiJhY2YxYTJk...
2026-09-13 20:49:26,711 [WARNING] Sayfa 1: HTTP 429
2026-09-13 20:49:26,711 [WARNING] Site engelliyor — run atlaniyor
2026-09-13 20:52:25,047 [INFO] ============================================================
2026-09-13 20:52:25,048 [INFO] MSGKO Scraper v4 — 2026-09-13 20:52:25
2026-09-13 20:52:25,048 [INFO] Kanal [8]: Destan 2 (serverType=4) — DESC (pahalı→ucuz)
2026-09-13 20:52:25,611 [INFO] Token alindi: eyJzaWQiOiI5YzA3ODM1...
2026-09-13 20:52:25,612 [INFO] [Destan 2] Baglanti testi...
2026-09-13 20:52:25,723 [WARNING] Sayfa 1: HTTP 429
2026-09-13 20:52:25,723 [INFO] 60sn bekleniyor...
2026-09-13 20:53:25,853 [INFO] Token yenilendi: eyJzaWQiOiI5YzA3ODM1...
2026-09-13 20:53:25,971 [WARNING] Sayfa 1: HTTP 429
2026-09-13 20:53:25,971 [INFO] 120sn bekleniyor...
2026-09-13 20:55:26,088 [INFO] Token yenilendi: eyJzaWQiOiI5YzA3ODM1...
2026-09-13 20:55:26,212 [WARNING] Sayfa 1: HTTP 429
2026-09-13 20:55:26,212 [WARNING] Site engelliyor — run atlaniyor
2026-09-13 20:58:25,048 [INFO] ============================================================
2026-09-13 20:58:25,049 [INFO] MSGKO Scraper v4 — 2026-09-13 20:58:25
2026-09-13 20:58:25,049 [INFO] Kanal [9]: Destan 3 (serverType=13) — ASC (ucuz→pahalı)
2026-09-13 20:58:25,601 [INFO] Token alindi: eyJzaWQiOiIxMGNmZDQ1...
2026-09-13 20:58:25,601 [INFO] [Destan 3] Baglanti testi...
2026-09-13 20:58:25,987 [INFO] Baglanti OK!
2026-09-13 20:58:25,987 [INFO] [Destan 3] ASC (ucuz→pahalı)
2026-09-13 20:58:26,088 [INFO]   [Destan 3] ASC (ucuz→pahalı) p  1: 192 ilan (toplam=  192, 1s)
2026-09-13 20:58:27,822 [INFO]   [Destan 3] ASC (ucuz→pahalı) p  2: 192 ilan (toplam=  384, 2s)
2026-09-13 20:58:28,565 [INFO]   [Destan 3] ASC (ucuz→pahalı) p  3: 192 ilan (toplam=  576, 3s)
2026-09-13 20:58:29,330 [INFO]   [Destan 3] ASC (ucuz→pahalı) p  4: 192 ilan (toplam=  768, 4s)
2026-09-13 20:58:30,127 [INFO]   [Destan 3] ASC (ucuz→pahalı) p  5: 192 ilan (toplam=  960, 5s)
2026-09-13 20:58:30,873 [INFO]   [Destan 3] ASC (ucuz→pahalı) p  6: 192 ilan (toplam= 1152, 5s)
2026-09-13 20:58:32,044 [INFO]   [Destan 3] ASC (ucuz→pahalı) p  7: 192 ilan (toplam= 1344, 6s)
2026-09-13 20:58:32,845 [INFO]   [Destan 3] ASC (ucuz→pahalı) p  8: 192 ilan (toplam= 1536, 7s)
2026-09-13 20:58:34,612 [INFO]   [Destan 3] ASC (ucuz→pahalı) p  9: 192 ilan (toplam= 1728, 9s)
2026-09-13 20:58:35,356 [INFO]   [Destan 3] ASC (ucuz→pahalı) p 10: 192 ilan (toplam= 1920, 10s)
2026-09-13 20:58:37,030 [INFO]   [Destan 3] ASC (ucuz→pahalı) p 11: 192 ilan (toplam= 2112, 11s)
2026-09-13 20:58:37,833 [INFO]   [Destan 3] ASC (ucuz→pahalı) p 12: 192 ilan (toplam= 2304, 12s)
2026-09-13 20:58:38,574 [INFO]   [Destan 3] ASC (ucuz→pahalı) p 13: 192 ilan (toplam= 2496, 13s)
2026-09-13 20:58:39,762 [INFO]   [Destan 3] ASC (ucuz→pahalı) p 14: 192 ilan (toplam= 2688, 14s)
2026-09-13 20:58:41,524 [INFO]   [Destan 3] ASC (ucuz→pahalı) p 15: 192 ilan (toplam= 2880, 16s)
2026-09-13 20:58:42,305 [INFO]   [Destan 3] ASC (ucuz→pahalı) p 16: 192 ilan (toplam= 3072, 17s)
2026-09-13 20:58:43,785 [INFO]   [Destan 3] ASC (ucuz→pahalı) p 17: 192 ilan (toplam= 3264, 18s)
2026-09-13 20:58:45,562 [INFO]   [Destan 3] ASC (ucuz→pahalı) p 18: 192 ilan (toplam= 3456, 20s)
2026-09-13 20:58:47,300 [INFO]   [Destan 3] ASC (ucuz→pahalı) p 19: 192 ilan (toplam= 3648, 22s)
2026-09-13 20:58:48,075 [INFO]   [Destan 3] ASC (ucuz→pahalı) p 20: 192 ilan (toplam= 3840, 23s)
2026-09-13 20:58:49,555 [INFO]   [Destan 3] ASC (ucuz→pahalı) p 21: 192 ilan (toplam= 4032, 24s)
2026-09-13 20:58:50,316 [INFO]   [Destan 3] ASC (ucuz→pahalı) p 22: 192 ilan (toplam= 4224, 25s)
2026-09-13 20:58:51,100 [INFO]   [Destan 3] ASC (ucuz→pahalı) p 23: 192 ilan (toplam= 4416, 26s)
2026-09-13 20:58:52,509 [INFO]   [Destan 3] ASC (ucuz→pahalı) p 24: 192 ilan (toplam= 4608, 27s)
2026-09-13 20:58:53,375 [INFO]   [Destan 3] ASC (ucuz→pahalı) p 25: 192 ilan (toplam= 4800, 28s)
2026-09-13 20:58:54,140 [INFO]   [Destan 3] ASC (ucuz→pahalı) p 26: 192 ilan (toplam= 4992, 29s)
2026-09-13 20:58:55,207 [INFO]   [Destan 3] ASC (ucuz→pahalı) p 27: 192 ilan (toplam= 5184, 30s)
2026-09-13 20:58:56,965 [INFO]   [Destan 3] ASC (ucuz→pahalı) p 28: 192 ilan (toplam= 5376, 31s)
2026-09-13 20:58:57,792 [INFO]   [Destan 3] ASC (ucuz→pahalı) p 29: 192 ilan (toplam= 5568, 32s)
2026-09-13 20:58:58,540 [INFO]   [Destan 3] ASC (ucuz→pahalı) p 30: 192 ilan (toplam= 5760, 33s)
2026-09-13 20:59:00,230 [WARNING]   [Destan 3] ASC (ucuz→pahalı) p31 → 429, 60sn bekle
2026-09-13 21:00:01,258 [INFO] Token yenilendi: eyJzaWQiOiIxMGNmZDQ1...
2026-09-13 21:00:01,381 [WARNING]   [Destan 3] p31 → 429 — 60sn bekleniyor
2026-09-13 21:01:01,919 [INFO] Token yenilendi: eyJzaWQiOiIxMGNmZDQ1...
2026-09-13 21:01:02,061 [WARNING]   [Destan 3] p31 → 429 — 120sn bekleniyor
2026-09-13 21:03:02,208 [INFO] Token yenilendi: eyJzaWQiOiIxMGNmZDQ1...
2026-09-13 21:03:02,354 [WARNING]   [Destan 3] p31 → 429 — 180sn bekleniyor
2026-09-13 21:06:02,761 [INFO] Token yenilendi: eyJzaWQiOiIxMGNmZDQ1...
2026-09-13 21:06:02,762 [WARNING]   [Destan 3] ASC (ucuz→pahalı) sayfa 31 alinamadi — bitti
2026-09-13 21:06:02,762 [INFO]   [Destan 3] ASC (ucuz→pahalı) bitti: 5760 ilan
2026-09-13 21:06:02,762 [INFO] [Destan 3] TOPLAM: 5760 ilan
2026-09-13 21:06:15,042 [INFO] [destan3] 5760 ilan yazildi (11912ms)
2026-09-13 21:06:15,042 [INFO] Tamamlandi — 469sn
2026-09-13 21:06:15,042 [INFO] ============================================================
2026-09-13 21:07:25,042 [INFO] ============================================================
2026-09-13 21:07:25,042 [INFO] MSGKO Scraper v4 — 2026-09-13 21:07:25
2026-09-13 21:07:25,043 [INFO] Kanal [9]: Destan 3 (serverType=13) — DESC (pahalı→ucuz)
2026-09-13 21:07:26,149 [INFO] Token alindi: eyJzaWQiOiI3YmZjN2Y4...
2026-09-13 21:07:26,150 [INFO] [Destan 3] Baglanti testi...
2026-09-13 21:07:26,256 [WARNING] Sayfa 1: HTTP 429
2026-09-13 21:07:26,256 [INFO] 60sn bekleniyor...
2026-09-13 21:08:27,386 [INFO] Token yenilendi: eyJzaWQiOiI3YmZjN2Y4...
2026-09-13 21:08:27,503 [WARNING] Sayfa 1: HTTP 429
2026-09-13 21:08:27,503 [INFO] 120sn bekleniyor...
2026-09-13 21:10:27,665 [INFO] Token yenilendi: eyJzaWQiOiI3YmZjN2Y4...
2026-09-13 21:10:27,784 [WARNING] Sayfa 1: HTTP 429
2026-09-13 21:10:27,784 [WARNING] Site engelliyor — run atlaniyor
2026-09-13 21:13:25,058 [INFO] ============================================================
2026-09-13 21:13:25,059 [INFO] MSGKO Scraper v4 — 2026-09-13 21:13:25
2026-09-13 21:13:25,059 [INFO] Kanal [0]: Zero 3 (serverType=0) — ASC (ucuz→pahalı)
2026-09-13 21:13:25,639 [INFO] Token alindi: eyJzaWQiOiI1MDAzNzdi...
2026-09-13 21:13:25,639 [INFO] [Zero 3] Baglanti testi...
2026-09-13 21:13:25,763 [WARNING] Sayfa 1: HTTP 429
2026-09-13 21:13:25,763 [INFO] 60sn bekleniyor...
2026-09-13 21:14:25,899 [INFO] Token yenilendi: eyJzaWQiOiI1MDAzNzdi...
2026-09-13 21:14:26,034 [WARNING] Sayfa 1: HTTP 429
2026-09-13 21:14:26,034 [INFO] 120sn bekleniyor...
2026-09-13 21:16:27,075 [INFO] Token yenilendi: eyJzaWQiOiI1MDAzNzdi...
2026-09-13 21:16:27,207 [WARNING] Sayfa 1: HTTP 429
2026-09-13 21:16:27,207 [WARNING] Site engelliyor — run atlaniyor
2026-09-13 21:19:25,074 [INFO] ============================================================
2026-09-13 21:19:25,074 [INFO] MSGKO Scraper v4 — 2026-09-13 21:19:25
2026-09-13 21:19:25,075 [INFO] Kanal [0]: Zero 3 (serverType=0) — DESC (pahalı→ucuz)
2026-09-13 21:19:26,353 [INFO] Token alindi: eyJzaWQiOiIxYjEwODQw...
2026-09-13 21:19:26,353 [INFO] [Zero 3] Baglanti testi...
2026-09-13 21:19:26,500 [WARNING] Sayfa 1: HTTP 429
2026-09-13 21:19:26,500 [INFO] 60sn bekleniyor...
2026-09-13 21:20:27,466 [INFO] Token yenilendi: eyJzaWQiOiIxYjEwODQw...
2026-09-13 21:20:27,608 [WARNING] Sayfa 1: HTTP 429
2026-09-13 21:20:27,608 [INFO] 120sn bekleniyor...
2026-09-13 21:22:28,143 [INFO] Token yenilendi: eyJzaWQiOiIxYjEwODQw...
2026-09-13 21:22:28,281 [WARNING] Sayfa 1: HTTP 429
2026-09-13 21:22:28,281 [WARNING] Site engelliyor — run atlaniyor
2026-09-13 21:25:26,592 [INFO] ============================================================
2026-09-13 21:25:26,592 [INFO] MSGKO Scraper v4 — 2026-09-13 21:25:26
2026-09-13 21:25:26,592 [INFO] Kanal [1]: Zero 4 (serverType=5) — ASC (ucuz→pahalı)
2026-09-13 21:25:27,161 [INFO] Token alindi: eyJzaWQiOiI0MGQ3ODYy...
2026-09-13 21:25:27,162 [INFO] [Zero 4] Baglanti testi...
2026-09-13 21:25:27,284 [WARNING] Sayfa 1: HTTP 429
2026-09-13 21:25:27,284 [INFO] 60sn bekleniyor...
2026-09-13 21:26:27,998 [INFO] Token yenilendi: eyJzaWQiOiI0MGQ3ODYy...
2026-09-13 21:26:28,129 [WARNING] Sayfa 1: HTTP 429
2026-09-13 21:26:28,129 [INFO] 120sn bekleniyor...
2026-09-13 21:28:28,282 [INFO] Token yenilendi: eyJzaWQiOiI0MGQ3ODYy...
2026-09-13 21:28:28,410 [WARNING] Sayfa 1: HTTP 429
2026-09-13 21:28:28,410 [WARNING] Site engelliyor — run atlaniyor
2026-09-13 21:31:25,066 [INFO] ============================================================
2026-09-13 21:31:25,066 [INFO] MSGKO Scraper v4 — 2026-09-13 21:31:25
2026-09-13 21:31:25,067 [INFO] Kanal [1]: Zero 4 (serverType=5) — DESC (pahalı→ucuz)
2026-09-13 21:31:25,634 [INFO] Token alindi: eyJzaWQiOiI5MjI4NGE3...
2026-09-13 21:31:25,634 [INFO] [Zero 4] Baglanti testi...
2026-09-13 21:31:25,973 [INFO] Baglanti OK!
2026-09-13 21:31:25,973 [INFO] [Zero 4] DESC (pahalı→ucuz)
2026-09-13 21:31:27,683 [INFO]   [Zero 4] DESC (pahalı→ucuz) p  1: 192 ilan (toplam=  192, 2s)
2026-09-13 21:31:28,454 [INFO]   [Zero 4] DESC (pahalı→ucuz) p  2: 192 ilan (toplam=  384, 3s)
2026-09-13 21:31:30,405 [INFO]   [Zero 4] DESC (pahalı→ucuz) p  3: 192 ilan (toplam=  576, 5s)
2026-09-13 21:31:31,291 [INFO]   [Zero 4] DESC (pahalı→ucuz) p  4: 192 ilan (toplam=  768, 6s)
2026-09-13 21:31:32,154 [INFO]   [Zero 4] DESC (pahalı→ucuz) p  5: 192 ilan (toplam=  960, 7s)
2026-09-13 21:31:32,990 [INFO]   [Zero 4] DESC (pahalı→ucuz) p  6: 192 ilan (toplam= 1152, 7s)
2026-09-13 21:31:33,844 [INFO]   [Zero 4] DESC (pahalı→ucuz) p  7: 192 ilan (toplam= 1344, 8s)
2026-09-13 21:31:34,647 [INFO]   [Zero 4] DESC (pahalı→ucuz) p  8: 192 ilan (toplam= 1536, 9s)
2026-09-13 21:31:35,516 [INFO]   [Zero 4] DESC (pahalı→ucuz) p  9: 192 ilan (toplam= 1728, 10s)
2026-09-13 21:31:36,618 [INFO]   [Zero 4] DESC (pahalı→ucuz) p 10: 192 ilan (toplam= 1920, 11s)
2026-09-13 21:31:37,424 [INFO]   [Zero 4] DESC (pahalı→ucuz) p 11: 192 ilan (toplam= 2112, 12s)
2026-09-13 21:31:38,292 [INFO]   [Zero 4] DESC (pahalı→ucuz) p 12: 192 ilan (toplam= 2304, 13s)
2026-09-13 21:31:39,092 [INFO]   [Zero 4] DESC (pahalı→ucuz) p 13: 192 ilan (toplam= 2496, 14s)
2026-09-13 21:31:39,896 [INFO]   [Zero 4] DESC (pahalı→ucuz) p 14: 192 ilan (toplam= 2688, 14s)
2026-09-13 21:31:41,385 [INFO]   [Zero 4] DESC (pahalı→ucuz) p 15: 192 ilan (toplam= 2880, 16s)
2026-09-13 21:31:42,176 [INFO]   [Zero 4] DESC (pahalı→ucuz) p 16: 192 ilan (toplam= 3072, 17s)
2026-09-13 21:31:43,007 [INFO]   [Zero 4] DESC (pahalı→ucuz) p 17: 192 ilan (toplam= 3264, 17s)
2026-09-13 21:31:43,902 [INFO]   [Zero 4] DESC (pahalı→ucuz) p 18: 192 ilan (toplam= 3456, 18s)
2026-09-13 21:31:45,913 [INFO]   [Zero 4] DESC (pahalı→ucuz) p 19: 192 ilan (toplam= 3648, 20s)
2026-09-13 21:31:47,021 [INFO]   [Zero 4] DESC (pahalı→ucuz) p 20: 192 ilan (toplam= 3840, 21s)
2026-09-13 21:31:47,973 [INFO]   [Zero 4] DESC (pahalı→ucuz) p 21: 192 ilan (toplam= 4032, 22s)
2026-09-13 21:31:48,787 [INFO]   [Zero 4] DESC (pahalı→ucuz) p 22: 192 ilan (toplam= 4224, 23s)
2026-09-13 21:31:49,567 [INFO]   [Zero 4] DESC (pahalı→ucuz) p 23: 192 ilan (toplam= 4416, 24s)
2026-09-13 21:31:51,078 [INFO]   [Zero 4] DESC (pahalı→ucuz) p 24: 192 ilan (toplam= 4608, 26s)
2026-09-13 21:31:51,879 [INFO]   [Zero 4] DESC (pahalı→ucuz) p 25: 192 ilan (toplam= 4800, 26s)
2026-09-13 21:31:53,554 [INFO]   [Zero 4] DESC (pahalı→ucuz) p 26: 192 ilan (toplam= 4992, 28s)
2026-09-13 21:31:54,482 [INFO]   [Zero 4] DESC (pahalı→ucuz) p 27: 192 ilan (toplam= 5184, 29s)
2026-09-13 21:31:55,263 [INFO]   [Zero 4] DESC (pahalı→ucuz) p 28: 192 ilan (toplam= 5376, 30s)
2026-09-13 21:31:56,056 [INFO]   [Zero 4] DESC (pahalı→ucuz) p 29: 192 ilan (toplam= 5568, 30s)
2026-09-13 21:31:56,686 [WARNING]   [Zero 4] DESC (pahalı→ucuz) p30 → 429, 60sn bekle
2026-09-13 21:32:56,815 [INFO] Token yenilendi: eyJzaWQiOiI5MjI4NGE3...
2026-09-13 21:32:56,936 [WARNING]   [Zero 4] p30 → 429 — 60sn bekleniyor
2026-09-13 21:33:57,055 [INFO] Token yenilendi: eyJzaWQiOiI5MjI4NGE3...
2026-09-13 21:33:57,163 [WARNING]   [Zero 4] p30 → 429 — 120sn bekleniyor
2026-09-13 21:35:57,324 [INFO] Token yenilendi: eyJzaWQiOiI5MjI4NGE3...
2026-09-13 21:35:58,550 [WARNING]   [Zero 4] p30 → 429 — 180sn bekleniyor
2026-09-13 21:38:59,059 [INFO] Token yenilendi: eyJzaWQiOiI5MjI4NGE3...
2026-09-13 21:38:59,059 [WARNING]   [Zero 4] DESC (pahalı→ucuz) sayfa 30 alinamadi — bitti
2026-09-13 21:38:59,059 [INFO]   [Zero 4] DESC (pahalı→ucuz) bitti: 5568 ilan
2026-09-13 21:38:59,059 [INFO] [Zero 4] TOPLAM: 5568 ilan
2026-09-13 21:39:09,792 [INFO] [zero4] 5568 ilan yazildi (10422ms)
2026-09-13 21:39:09,792 [INFO] Tamamlandi — 464sn
2026-09-13 21:39:09,792 [INFO] ============================================================
2026-09-13 21:40:25,045 [INFO] ============================================================
2026-09-13 21:40:25,045 [INFO] MSGKO Scraper v4 — 2026-09-13 21:40:25
2026-09-13 21:40:25,046 [INFO] Kanal [2]: Zero 5 (serverType=8) — ASC (ucuz→pahalı)
2026-09-13 21:40:25,555 [INFO] Token alindi: eyJzaWQiOiI2ZTkyNjUz...
2026-09-13 21:40:25,555 [INFO] [Zero 5] Baglanti testi...
2026-09-13 21:40:25,751 [WARNING] Sayfa 1: HTTP 429
2026-09-13 21:40:25,751 [INFO] 60sn bekleniyor...
2026-09-13 21:41:25,891 [INFO] Token yenilendi: eyJzaWQiOiI2ZTkyNjUz...
2026-09-13 21:41:26,026 [WARNING] Sayfa 1: HTTP 429
2026-09-13 21:41:26,026 [INFO] 120sn bekleniyor...
2026-09-13 21:43:26,702 [INFO] Token yenilendi: eyJzaWQiOiI2ZTkyNjUz...
2026-09-13 21:43:26,817 [WARNING] Sayfa 1: HTTP 429
2026-09-13 21:43:26,817 [WARNING] Site engelliyor — run atlaniyor
2026-09-13 21:46:25,013 [INFO] ============================================================
2026-09-13 21:46:25,013 [INFO] MSGKO Scraper v4 — 2026-09-13 21:46:25
2026-09-13 21:46:25,015 [INFO] Kanal [2]: Zero 5 (serverType=8) — DESC (pahalı→ucuz)
2026-09-13 21:46:25,690 [INFO] Token alindi: eyJzaWQiOiIxNDc0NWZm...
2026-09-13 21:46:25,690 [INFO] [Zero 5] Baglanti testi...
2026-09-13 21:46:25,812 [WARNING] Sayfa 1: HTTP 429
2026-09-13 21:46:25,812 [INFO] 60sn bekleniyor...
2026-09-13 21:47:26,029 [INFO] Token yenilendi: eyJzaWQiOiIxNDc0NWZm...
2026-09-13 21:47:26,173 [WARNING] Sayfa 1: HTTP 429
2026-09-13 21:47:26,173 [INFO] 120sn bekleniyor...
2026-09-13 21:49:26,367 [INFO] Token yenilendi: eyJzaWQiOiIxNDc0NWZm...
2026-09-13 21:49:26,544 [WARNING] Sayfa 1: HTTP 429
2026-09-13 21:49:26,544 [WARNING] Site engelliyor — run atlaniyor
2026-09-13 21:52:25,023 [INFO] ============================================================
2026-09-13 21:52:25,023 [INFO] MSGKO Scraper v4 — 2026-09-13 21:52:25
2026-09-13 21:52:25,024 [INFO] Kanal [3]: Zero 8 (serverType=15) — ASC (ucuz→pahalı)
2026-09-13 21:52:25,730 [INFO] Token alindi: eyJzaWQiOiIwNGUwNWY3...
2026-09-13 21:52:25,730 [INFO] [Zero 8] Baglanti testi...
2026-09-13 21:52:25,861 [WARNING] Sayfa 1: HTTP 429
2026-09-13 21:52:25,861 [INFO] 60sn bekleniyor...
2026-09-13 21:53:26,048 [INFO] Token yenilendi: eyJzaWQiOiIwNGUwNWY3...
2026-09-13 21:53:26,170 [WARNING] Sayfa 1: HTTP 429
2026-09-13 21:53:26,171 [INFO] 120sn bekleniyor...
2026-09-13 21:55:26,331 [INFO] Token yenilendi: eyJzaWQiOiIwNGUwNWY3...
2026-09-13 21:55:27,513 [WARNING] Sayfa 1: HTTP 429
2026-09-13 21:55:27,513 [WARNING] Site engelliyor — run atlaniyor
2026-09-13 21:58:25,058 [INFO] ============================================================
2026-09-13 21:58:25,058 [INFO] MSGKO Scraper v4 — 2026-09-13 21:58:25
2026-09-13 21:58:25,059 [INFO] Kanal [3]: Zero 8 (serverType=15) — DESC (pahalı→ucuz)
2026-09-13 21:58:25,765 [INFO] Token alindi: eyJzaWQiOiIzYzIxOWJh...
2026-09-13 21:58:25,765 [INFO] [Zero 8] Baglanti testi...
2026-09-13 21:58:26,001 [WARNING] Sayfa 1: HTTP 429
2026-09-13 21:58:26,001 [INFO] 60sn bekleniyor...
2026-09-13 21:59:26,244 [INFO] Token yenilendi: eyJzaWQiOiIzYzIxOWJh...
2026-09-13 21:59:26,460 [WARNING] Sayfa 1: HTTP 429
2026-09-13 21:59:26,460 [INFO] 120sn bekleniyor...
2026-09-13 22:01:26,666 [INFO] Token yenilendi: eyJzaWQiOiIzYzIxOWJh...
2026-09-13 22:01:26,864 [WARNING] Sayfa 1: HTTP 429
2026-09-13 22:01:26,864 [WARNING] Site engelliyor — run atlaniyor
2026-09-13 22:04:25,056 [INFO] ============================================================
2026-09-13 22:04:25,056 [INFO] MSGKO Scraper v4 — 2026-09-13 22:04:25
2026-09-13 22:04:25,057 [INFO] Kanal [4]: Agartha 3 (serverType=1) — ASC (ucuz→pahalı)
2026-09-13 22:04:25,841 [INFO] Token alindi: eyJzaWQiOiI3ZjIyZWMx...
2026-09-13 22:04:25,841 [INFO] [Agartha 3] Baglanti testi...
2026-09-13 22:04:26,015 [INFO] Baglanti OK!
2026-09-13 22:04:26,015 [INFO] [Agartha 3] ASC (ucuz→pahalı)
2026-09-13 22:04:26,112 [INFO]   [Agartha 3] ASC (ucuz→pahalı) p  1: 192 ilan (toplam=  192, 1s)
2026-09-13 22:04:26,931 [INFO]   [Agartha 3] ASC (ucuz→pahalı) p  2: 192 ilan (toplam=  384, 1s)
2026-09-13 22:04:28,252 [INFO]   [Agartha 3] ASC (ucuz→pahalı) p  3: 192 ilan (toplam=  576, 3s)
2026-09-13 22:04:29,455 [INFO]   [Agartha 3] ASC (ucuz→pahalı) p  4: 192 ilan (toplam=  768, 4s)
2026-09-13 22:04:30,258 [INFO]   [Agartha 3] ASC (ucuz→pahalı) p  5: 192 ilan (toplam=  960, 5s)
2026-09-13 22:04:31,101 [INFO]   [Agartha 3] ASC (ucuz→pahalı) p  6: 192 ilan (toplam= 1152, 6s)
2026-09-13 22:04:32,264 [INFO]   [Agartha 3] ASC (ucuz→pahalı) p  7: 192 ilan (toplam= 1344, 7s)
2026-09-13 22:04:33,035 [INFO]   [Agartha 3] ASC (ucuz→pahalı) p  8: 192 ilan (toplam= 1536, 7s)
2026-09-13 22:04:34,484 [INFO]   [Agartha 3] ASC (ucuz→pahalı) p  9: 192 ilan (toplam= 1728, 9s)
2026-09-13 22:04:36,267 [INFO]   [Agartha 3] ASC (ucuz→pahalı) p 10: 192 ilan (toplam= 1920, 11s)
2026-09-13 22:04:38,023 [INFO]   [Agartha 3] ASC (ucuz→pahalı) p 11: 192 ilan (toplam= 2112, 12s)
2026-09-13 22:04:38,838 [INFO]   [Agartha 3] ASC (ucuz→pahalı) p 12: 192 ilan (toplam= 2304, 13s)
2026-09-13 22:04:39,599 [INFO]   [Agartha 3] ASC (ucuz→pahalı) p 13: 192 ilan (toplam= 2496, 14s)
2026-09-13 22:04:40,936 [INFO]   [Agartha 3] ASC (ucuz→pahalı) p 14: 192 ilan (toplam= 2688, 15s)
2026-09-13 22:04:42,291 [INFO]   [Agartha 3] ASC (ucuz→pahalı) p 15: 192 ilan (toplam= 2880, 17s)
2026-09-13 22:04:43,649 [INFO]   [Agartha 3] ASC (ucuz→pahalı) p 16: 192 ilan (toplam= 3072, 18s)
2026-09-13 22:04:45,415 [INFO]   [Agartha 3] ASC (ucuz→pahalı) p 17: 192 ilan (toplam= 3264, 20s)
2026-09-13 22:04:46,211 [INFO]   [Agartha 3] ASC (ucuz→pahalı) p 18: 192 ilan (toplam= 3456, 21s)
2026-09-13 22:04:46,971 [INFO]   [Agartha 3] ASC (ucuz→pahalı) p 19: 192 ilan (toplam= 3648, 21s)
2026-09-13 22:04:47,778 [INFO]   [Agartha 3] ASC (ucuz→pahalı) p 20: 192 ilan (toplam= 3840, 22s)
2026-09-13 22:04:49,739 [INFO]   [Agartha 3] ASC (ucuz→pahalı) p 21: 192 ilan (toplam= 4032, 24s)
2026-09-13 22:04:50,524 [INFO]   [Agartha 3] ASC (ucuz→pahalı) p 22: 192 ilan (toplam= 4224, 25s)
2026-09-13 22:04:52,267 [INFO]   [Agartha 3] ASC (ucuz→pahalı) p 23: 192 ilan (toplam= 4416, 27s)
2026-09-13 22:04:53,094 [INFO]   [Agartha 3] ASC (ucuz→pahalı) p 24: 192 ilan (toplam= 4608, 28s)
2026-09-13 22:04:55,010 [INFO]   [Agartha 3] ASC (ucuz→pahalı) p 25: 192 ilan (toplam= 4800, 29s)
2026-09-13 22:04:55,814 [INFO]   [Agartha 3] ASC (ucuz→pahalı) p 26: 192 ilan (toplam= 4992, 30s)
2026-09-13 22:04:56,628 [INFO]   [Agartha 3] ASC (ucuz→pahalı) p 27: 192 ilan (toplam= 5184, 31s)
2026-09-13 22:04:57,409 [INFO]   [Agartha 3] ASC (ucuz→pahalı) p 28: 192 ilan (toplam= 5376, 32s)
2026-09-13 22:05:00,894 [INFO]   [Agartha 3] ASC (ucuz→pahalı) p 29: 192 ilan (toplam= 5568, 35s)
2026-09-13 22:05:01,750 [INFO]   [Agartha 3] ASC (ucuz→pahalı) p 30: 192 ilan (toplam= 5760, 36s)
2026-09-13 22:05:02,373 [WARNING]   [Agartha 3] ASC (ucuz→pahalı) p31 → 429, 60sn bekle
2026-09-13 22:06:03,116 [INFO] Token yenilendi: eyJzaWQiOiI3ZjIyZWMx...
2026-09-13 22:06:03,330 [WARNING]   [Agartha 3] p31 → 429 — 60sn bekleniyor
2026-09-13 22:07:04,393 [INFO] Token yenilendi: eyJzaWQiOiI3ZjIyZWMx...
2026-09-13 22:07:04,500 [WARNING]   [Agartha 3] p31 → 429 — 120sn bekleniyor
2026-09-13 22:09:04,643 [INFO] Token yenilendi: eyJzaWQiOiI3ZjIyZWMx...
2026-09-13 22:09:04,766 [WARNING]   [Agartha 3] p31 → 429 — 180sn bekleniyor
2026-09-13 22:12:04,929 [INFO] Token yenilendi: eyJzaWQiOiI3ZjIyZWMx...
2026-09-13 22:12:04,929 [WARNING]   [Agartha 3] ASC (ucuz→pahalı) sayfa 31 alinamadi — bitti
2026-09-13 22:12:04,929 [INFO]   [Agartha 3] ASC (ucuz→pahalı) bitti: 5760 ilan
2026-09-13 22:12:04,929 [INFO] [Agartha 3] TOPLAM: 5760 ilan
2026-09-13 22:12:15,342 [INFO] [agartha3] 5760 ilan yazildi (10051ms)
2026-09-13 22:12:15,342 [INFO] Tamamlandi — 470sn
2026-09-13 22:12:15,342 [INFO] ============================================================
2026-09-13 22:13:25,046 [INFO] ============================================================
2026-09-13 22:13:25,046 [INFO] MSGKO Scraper v4 — 2026-09-13 22:13:25
2026-09-13 22:13:25,046 [INFO] Kanal [4]: Agartha 3 (serverType=1) — DESC (pahalı→ucuz)
2026-09-13 22:13:25,615 [INFO] Token alindi: eyJzaWQiOiI2NGM0NzM4...
2026-09-13 22:13:25,616 [INFO] [Agartha 3] Baglanti testi...
2026-09-13 22:13:25,720 [WARNING] Sayfa 1: HTTP 429
2026-09-13 22:13:25,720 [INFO] 60sn bekleniyor...
2026-09-13 22:14:26,558 [INFO] Token yenilendi: eyJzaWQiOiI2NGM0NzM4...
2026-09-13 22:14:26,709 [WARNING] Sayfa 1: HTTP 429
2026-09-13 22:14:26,709 [INFO] 120sn bekleniyor...
2026-09-13 22:16:27,538 [INFO] Token yenilendi: eyJzaWQiOiI2NGM0NzM4...
2026-09-13 22:16:27,645 [WARNING] Sayfa 1: HTTP 429
2026-09-13 22:16:27,645 [WARNING] Site engelliyor — run atlaniyor
2026-09-13 22:19:25,059 [INFO] ============================================================
2026-09-13 22:19:25,059 [INFO] MSGKO Scraper v4 — 2026-09-13 22:19:25
2026-09-13 22:19:25,060 [INFO] Kanal [5]: Agartha 4 (serverType=12) — ASC (ucuz→pahalı)
2026-09-13 22:19:25,707 [INFO] Token alindi: eyJzaWQiOiIwODQ4MzIy...
2026-09-13 22:19:25,707 [INFO] [Agartha 4] Baglanti testi...
2026-09-13 22:19:25,921 [WARNING] Sayfa 1: HTTP 429
2026-09-13 22:19:25,921 [INFO] 60sn bekleniyor...
2026-09-13 22:20:26,217 [INFO] Token yenilendi: eyJzaWQiOiIwODQ4MzIy...
2026-09-13 22:20:26,430 [WARNING] Sayfa 1: HTTP 429
2026-09-13 22:20:26,430 [INFO] 120sn bekleniyor...
2026-09-13 22:22:26,624 [INFO] Token yenilendi: eyJzaWQiOiIwODQ4MzIy...
2026-09-13 22:22:26,825 [WARNING] Sayfa 1: HTTP 429
2026-09-13 22:22:26,825 [WARNING] Site engelliyor — run atlaniyor
2026-09-13 22:25:25,034 [INFO] ============================================================
2026-09-13 22:25:25,034 [INFO] MSGKO Scraper v4 — 2026-09-13 22:25:25
2026-09-13 22:25:25,034 [INFO] Kanal [5]: Agartha 4 (serverType=12) — DESC (pahalı→ucuz)
2026-09-13 22:25:25,503 [INFO] Token alindi: eyJzaWQiOiI1OTc4YjYy...
2026-09-13 22:25:25,503 [INFO] [Agartha 4] Baglanti testi...
2026-09-13 22:25:25,612 [WARNING] Sayfa 1: HTTP 429
2026-09-13 22:25:25,612 [INFO] 60sn bekleniyor...
2026-09-13 22:26:25,740 [INFO] Token yenilendi: eyJzaWQiOiI1OTc4YjYy...
2026-09-13 22:26:25,868 [WARNING] Sayfa 1: HTTP 429
2026-09-13 22:26:25,868 [INFO] 120sn bekleniyor...
2026-09-13 22:28:26,550 [INFO] Token yenilendi: eyJzaWQiOiI1OTc4YjYy...
2026-09-13 22:28:26,676 [WARNING] Sayfa 1: HTTP 429
2026-09-13 22:28:26,676 [WARNING] Site engelliyor — run atlaniyor
2026-09-13 22:31:25,040 [INFO] ============================================================
2026-09-13 22:31:25,040 [INFO] MSGKO Scraper v4 — 2026-09-13 22:31:25
2026-09-13 22:31:25,041 [INFO] Kanal [6]: Pandora 3 (serverType=2) — ASC (ucuz→pahalı)
2026-09-13 22:31:25,547 [INFO] Token alindi: eyJzaWQiOiJmMTg5NmYw...
2026-09-13 22:31:25,547 [INFO] [Pandora 3] Baglanti testi...
2026-09-13 22:31:26,727 [WARNING] Sayfa 1: HTTP 429
2026-09-13 22:31:26,727 [INFO] 60sn bekleniyor...
2026-09-13 22:32:26,888 [INFO] Token yenilendi: eyJzaWQiOiJmMTg5NmYw...
2026-09-13 22:32:27,011 [WARNING] Sayfa 1: HTTP 429
2026-09-13 22:32:27,011 [INFO] 120sn bekleniyor...
2026-09-13 22:34:27,167 [INFO] Token yenilendi: eyJzaWQiOiJmMTg5NmYw...
2026-09-13 22:34:27,298 [WARNING] Sayfa 1: HTTP 429
2026-09-13 22:34:27,298 [WARNING] Site engelliyor — run atlaniyor
2026-09-13 22:37:25,033 [INFO] ============================================================
2026-09-13 22:37:25,033 [INFO] MSGKO Scraper v4 — 2026-09-13 22:37:25
2026-09-13 22:37:25,034 [INFO] Kanal [6]: Pandora 3 (serverType=2) — DESC (pahalı→ucuz)
2026-09-13 22:37:25,824 [INFO] Token alindi: eyJzaWQiOiIxNDRlZjdl...
2026-09-13 22:37:25,824 [INFO] [Pandora 3] Baglanti testi...
2026-09-13 22:37:26,540 [INFO] Baglanti OK!
2026-09-13 22:37:26,540 [INFO] [Pandora 3] DESC (pahalı→ucuz)
2026-09-13 22:37:28,230 [INFO]   [Pandora 3] DESC (pahalı→ucuz) p  1: 192 ilan (toplam=  192, 3s)
2026-09-13 22:37:29,154 [INFO]   [Pandora 3] DESC (pahalı→ucuz) p  2: 192 ilan (toplam=  384, 4s)
2026-09-13 22:37:30,442 [INFO]   [Pandora 3] DESC (pahalı→ucuz) p  3: 192 ilan (toplam=  576, 5s)
2026-09-13 22:37:31,707 [INFO]   [Pandora 3] DESC (pahalı→ucuz) p  4: 192 ilan (toplam=  768, 6s)
2026-09-13 22:37:32,663 [INFO]   [Pandora 3] DESC (pahalı→ucuz) p  5: 192 ilan (toplam=  960, 7s)
2026-09-13 22:37:34,709 [INFO]   [Pandora 3] DESC (pahalı→ucuz) p  6: 192 ilan (toplam= 1152, 9s)
2026-09-13 22:37:35,932 [INFO]   [Pandora 3] DESC (pahalı→ucuz) p  7: 192 ilan (toplam= 1344, 10s)
2026-09-13 22:37:37,837 [INFO]   [Pandora 3] DESC (pahalı→ucuz) p  8: 192 ilan (toplam= 1536, 12s)
2026-09-13 22:37:38,700 [INFO]   [Pandora 3] DESC (pahalı→ucuz) p  9: 192 ilan (toplam= 1728, 13s)
2026-09-13 22:37:39,784 [INFO]   [Pandora 3] DESC (pahalı→ucuz) p 10: 192 ilan (toplam= 1920, 14s)
2026-09-13 22:37:41,331 [INFO]   [Pandora 3] DESC (pahalı→ucuz) p 11: 192 ilan (toplam= 2112, 16s)
2026-09-13 22:37:42,594 [INFO]   [Pandora 3] DESC (pahalı→ucuz) p 12: 192 ilan (toplam= 2304, 17s)
2026-09-13 22:37:43,571 [INFO]   [Pandora 3] DESC (pahalı→ucuz) p 13: 192 ilan (toplam= 2496, 18s)
2026-09-13 22:37:44,513 [INFO]   [Pandora 3] DESC (pahalı→ucuz) p 14: 192 ilan (toplam= 2688, 19s)
2026-09-13 22:37:46,094 [INFO]   [Pandora 3] DESC (pahalı→ucuz) p 15: 192 ilan (toplam= 2880, 21s)
2026-09-13 22:37:46,926 [INFO]   [Pandora 3] DESC (pahalı→ucuz) p 16: 192 ilan (toplam= 3072, 21s)
2026-09-13 22:37:47,903 [INFO]   [Pandora 3] DESC (pahalı→ucuz) p 17: 192 ilan (toplam= 3264, 22s)
2026-09-13 22:37:48,931 [INFO]   [Pandora 3] DESC (pahalı→ucuz) p 18: 192 ilan (toplam= 3456, 23s)
2026-09-13 22:37:50,818 [INFO]   [Pandora 3] DESC (pahalı→ucuz) p 19: 192 ilan (toplam= 3648, 25s)
2026-09-13 22:37:51,718 [INFO]   [Pandora 3] DESC (pahalı→ucuz) p 20: 192 ilan (toplam= 3840, 26s)
2026-09-13 22:37:52,605 [INFO]   [Pandora 3] DESC (pahalı→ucuz) p 21: 192 ilan (toplam= 4032, 27s)
2026-09-13 22:37:53,468 [INFO]   [Pandora 3] DESC (pahalı→ucuz) p 22: 192 ilan (toplam= 4224, 28s)
2026-09-13 22:37:54,342 [INFO]   [Pandora 3] DESC (pahalı→ucuz) p 23: 192 ilan (toplam= 4416, 29s)
2026-09-13 22:37:55,284 [INFO]   [Pandora 3] DESC (pahalı→ucuz) p 24: 192 ilan (toplam= 4608, 30s)
2026-09-13 22:37:56,165 [INFO]   [Pandora 3] DESC (pahalı→ucuz) p 25: 192 ilan (toplam= 4800, 31s)
2026-09-13 22:37:57,039 [INFO]   [Pandora 3] DESC (pahalı→ucuz) p 26: 192 ilan (toplam= 4992, 32s)
2026-09-13 22:37:57,912 [INFO]   [Pandora 3] DESC (pahalı→ucuz) p 27: 192 ilan (toplam= 5184, 32s)
2026-09-13 22:37:58,918 [INFO]   [Pandora 3] DESC (pahalı→ucuz) p 28: 192 ilan (toplam= 5376, 33s)
2026-09-13 22:37:59,816 [INFO]   [Pandora 3] DESC (pahalı→ucuz) p 29: 192 ilan (toplam= 5568, 34s)
2026-09-13 22:38:00,512 [WARNING]   [Pandora 3] DESC (pahalı→ucuz) p30 → 429, 60sn bekle
2026-09-13 22:39:00,738 [INFO] Token yenilendi: eyJzaWQiOiIxNDRlZjdl...
2026-09-13 22:39:00,949 [WARNING]   [Pandora 3] p30 → 429 — 60sn bekleniyor
2026-09-13 22:40:01,674 [INFO] Token yenilendi: eyJzaWQiOiIxNDRlZjdl...
2026-09-13 22:40:01,882 [WARNING]   [Pandora 3] p30 → 429 — 120sn bekleniyor
2026-09-13 22:42:02,130 [INFO] Token yenilendi: eyJzaWQiOiIxNDRlZjdl...
2026-09-13 22:42:02,342 [WARNING]   [Pandora 3] p30 → 429 — 180sn bekleniyor
2026-09-13 22:45:02,559 [INFO] Token yenilendi: eyJzaWQiOiIxNDRlZjdl...
2026-09-13 22:45:02,560 [WARNING]   [Pandora 3] DESC (pahalı→ucuz) sayfa 30 alinamadi — bitti
2026-09-13 22:45:02,560 [INFO]   [Pandora 3] DESC (pahalı→ucuz) bitti: 5568 ilan
2026-09-13 22:45:02,560 [INFO] [Pandora 3] TOPLAM: 5568 ilan
2026-09-13 22:45:12,559 [ERROR] INSERT hatasi: 504 {"message":"Gateway Timeout"}
2026-09-13 22:45:17,310 [INFO] [pandora3] 5068 ilan yazildi (14445ms)
2026-09-13 22:45:17,310 [INFO] Tamamlandi — 472sn
2026-09-13 22:45:17,310 [INFO] ============================================================
2026-09-13 22:46:25,038 [INFO] ============================================================
2026-09-13 22:46:25,038 [INFO] MSGKO Scraper v4 — 2026-09-13 22:46:25
2026-09-13 22:46:25,038 [INFO] Kanal [7]: Pandora 4 (serverType=11) — ASC (ucuz→pahalı)
2026-09-13 22:46:25,510 [INFO] Token alindi: eyJzaWQiOiJiMjJmMWI2...
2026-09-13 22:46:25,510 [INFO] [Pandora 4] Baglanti testi...
2026-09-13 22:46:25,635 [WARNING] Sayfa 1: HTTP 429
2026-09-13 22:46:25,635 [INFO] 60sn bekleniyor...
2026-09-13 22:47:25,750 [INFO] Token yenilendi: eyJzaWQiOiJiMjJmMWI2...
2026-09-13 22:47:25,873 [WARNING] Sayfa 1: HTTP 429
2026-09-13 22:47:25,873 [INFO] 120sn bekleniyor...
2026-09-13 22:49:26,002 [INFO] Token yenilendi: eyJzaWQiOiJiMjJmMWI2...
2026-09-13 22:49:26,134 [WARNING] Sayfa 1: HTTP 429
2026-09-13 22:49:26,134 [WARNING] Site engelliyor — run atlaniyor
2026-09-13 22:52:25,054 [INFO] ============================================================
2026-09-13 22:52:25,055 [INFO] MSGKO Scraper v4 — 2026-09-13 22:52:25
2026-09-13 22:52:25,055 [INFO] Kanal [7]: Pandora 4 (serverType=11) — DESC (pahalı→ucuz)
2026-09-13 22:52:26,306 [INFO] Token alindi: eyJzaWQiOiIyYTE4YWFi...
2026-09-13 22:52:26,306 [INFO] [Pandora 4] Baglanti testi...
2026-09-13 22:52:26,432 [WARNING] Sayfa 1: HTTP 429
2026-09-13 22:52:26,432 [INFO] 60sn bekleniyor...
2026-09-13 22:53:26,697 [INFO] Token yenilendi: eyJzaWQiOiIyYTE4YWFi...
2026-09-13 22:53:26,801 [WARNING] Sayfa 1: HTTP 429
2026-09-13 22:53:26,801 [INFO] 120sn bekleniyor...
2026-09-13 22:55:26,941 [INFO] Token yenilendi: eyJzaWQiOiIyYTE4YWFi...
2026-09-13 22:55:27,054 [WARNING] Sayfa 1: HTTP 429
2026-09-13 22:55:27,054 [WARNING] Site engelliyor — run atlaniyor
2026-09-13 22:58:25,048 [INFO] ============================================================
2026-09-13 22:58:25,048 [INFO] MSGKO Scraper v4 — 2026-09-13 22:58:25
2026-09-13 22:58:25,048 [INFO] Kanal [8]: Destan 2 (serverType=4) — ASC (ucuz→pahalı)
2026-09-13 22:58:25,563 [INFO] Token alindi: eyJzaWQiOiI0ZGQwOWJh...
2026-09-13 22:58:25,563 [INFO] [Destan 2] Baglanti testi...
2026-09-13 22:58:25,684 [WARNING] Sayfa 1: HTTP 429
2026-09-13 22:58:25,684 [INFO] 60sn bekleniyor...
2026-09-13 22:59:25,794 [INFO] Token yenilendi: eyJzaWQiOiI0ZGQwOWJh...
2026-09-13 22:59:25,903 [WARNING] Sayfa 1: HTTP 429
2026-09-13 22:59:25,903 [INFO] 120sn bekleniyor...
2026-09-13 23:01:26,035 [INFO] Token yenilendi: eyJzaWQiOiI0ZGQwOWJh...
2026-09-13 23:01:26,205 [WARNING] Sayfa 1: HTTP 429
2026-09-13 23:01:26,205 [WARNING] Site engelliyor — run atlaniyor
2026-09-13 23:04:25,049 [INFO] ============================================================
2026-09-13 23:04:25,049 [INFO] MSGKO Scraper v4 — 2026-09-13 23:04:25
2026-09-13 23:04:25,049 [INFO] Kanal [8]: Destan 2 (serverType=4) — DESC (pahalı→ucuz)
2026-09-13 23:04:25,646 [INFO] Token alindi: eyJzaWQiOiI2ZmVhMzFh...
2026-09-13 23:04:25,646 [INFO] [Destan 2] Baglanti testi...
2026-09-13 23:04:25,778 [WARNING] Sayfa 1: HTTP 429
2026-09-13 23:04:25,778 [INFO] 60sn bekleniyor...
2026-09-13 23:05:25,991 [INFO] Token yenilendi: eyJzaWQiOiI2ZmVhMzFh...
2026-09-13 23:05:26,163 [WARNING] Sayfa 1: HTTP 429
2026-09-13 23:05:26,163 [INFO] 120sn bekleniyor...
2026-09-13 23:07:26,283 [INFO] Token yenilendi: eyJzaWQiOiI2ZmVhMzFh...
2026-09-13 23:07:26,412 [WARNING] Sayfa 1: HTTP 429
2026-09-13 23:07:26,412 [WARNING] Site engelliyor — run atlaniyor
2026-09-13 23:10:25,036 [INFO] ============================================================
2026-09-13 23:10:25,036 [INFO] MSGKO Scraper v4 — 2026-09-13 23:10:25
2026-09-13 23:10:25,037 [INFO] Kanal [9]: Destan 3 (serverType=13) — ASC (ucuz→pahalı)
2026-09-13 23:10:25,855 [INFO] Token alindi: eyJzaWQiOiJhMDY1NjRj...
2026-09-13 23:10:25,855 [INFO] [Destan 3] Baglanti testi...
2026-09-13 23:10:26,376 [INFO] Baglanti OK!
2026-09-13 23:10:26,376 [INFO] [Destan 3] ASC (ucuz→pahalı)
2026-09-13 23:10:26,459 [INFO]   [Destan 3] ASC (ucuz→pahalı) p  1: 192 ilan (toplam=  192, 1s)
2026-09-13 23:10:27,247 [INFO]   [Destan 3] ASC (ucuz→pahalı) p  2: 192 ilan (toplam=  384, 2s)
2026-09-13 23:10:28,042 [INFO]   [Destan 3] ASC (ucuz→pahalı) p  3: 192 ilan (toplam=  576, 3s)
2026-09-13 23:10:28,817 [INFO]   [Destan 3] ASC (ucuz→pahalı) p  4: 192 ilan (toplam=  768, 3s)
2026-09-13 23:10:29,628 [INFO]   [Destan 3] ASC (ucuz→pahalı) p  5: 192 ilan (toplam=  960, 4s)
2026-09-13 23:10:30,704 [INFO]   [Destan 3] ASC (ucuz→pahalı) p  6: 192 ilan (toplam= 1152, 5s)
2026-09-13 23:10:31,634 [INFO]   [Destan 3] ASC (ucuz→pahalı) p  7: 192 ilan (toplam= 1344, 6s)
2026-09-13 23:10:33,230 [INFO]   [Destan 3] ASC (ucuz→pahalı) p  8: 192 ilan (toplam= 1536, 8s)
2026-09-13 23:10:34,022 [INFO]   [Destan 3] ASC (ucuz→pahalı) p  9: 192 ilan (toplam= 1728, 8s)
2026-09-13 23:10:34,784 [INFO]   [Destan 3] ASC (ucuz→pahalı) p 10: 192 ilan (toplam= 1920, 9s)
2026-09-13 23:10:36,380 [INFO]   [Destan 3] ASC (ucuz→pahalı) p 11: 192 ilan (toplam= 2112, 11s)
2026-09-13 23:10:37,183 [INFO]   [Destan 3] ASC (ucuz→pahalı) p 12: 192 ilan (toplam= 2304, 12s)
2026-09-13 23:10:38,302 [INFO]   [Destan 3] ASC (ucuz→pahalı) p 13: 192 ilan (toplam= 2496, 13s)
2026-09-13 23:10:39,052 [INFO]   [Destan 3] ASC (ucuz→pahalı) p 14: 192 ilan (toplam= 2688, 14s)
2026-09-13 23:10:39,849 [INFO]   [Destan 3] ASC (ucuz→pahalı) p 15: 192 ilan (toplam= 2880, 14s)
2026-09-13 23:10:40,600 [INFO]   [Destan 3] ASC (ucuz→pahalı) p 16: 192 ilan (toplam= 3072, 15s)
2026-09-13 23:10:42,205 [INFO]   [Destan 3] ASC (ucuz→pahalı) p 17: 192 ilan (toplam= 3264, 17s)
2026-09-13 23:10:42,978 [INFO]   [Destan 3] ASC (ucuz→pahalı) p 18: 192 ilan (toplam= 3456, 17s)
2026-09-13 23:10:43,748 [INFO]   [Destan 3] ASC (ucuz→pahalı) p 19: 192 ilan (toplam= 3648, 18s)
2026-09-13 23:10:44,491 [INFO]   [Destan 3] ASC (ucuz→pahalı) p 20: 192 ilan (toplam= 3840, 19s)
2026-09-13 23:10:45,262 [INFO]   [Destan 3] ASC (ucuz→pahalı) p 21: 192 ilan (toplam= 4032, 20s)
2026-09-13 23:10:46,582 [INFO]   [Destan 3] ASC (ucuz→pahalı) p 22: 192 ilan (toplam= 4224, 21s)
2026-09-13 23:10:47,443 [INFO]   [Destan 3] ASC (ucuz→pahalı) p 23: 192 ilan (toplam= 4416, 22s)
2026-09-13 23:10:48,313 [INFO]   [Destan 3] ASC (ucuz→pahalı) p 24: 192 ilan (toplam= 4608, 23s)
2026-09-13 23:10:49,080 [INFO]   [Destan 3] ASC (ucuz→pahalı) p 25: 192 ilan (toplam= 4800, 24s)
2026-09-13 23:10:49,923 [INFO]   [Destan 3] ASC (ucuz→pahalı) p 26: 192 ilan (toplam= 4992, 24s)
2026-09-13 23:10:50,703 [INFO]   [Destan 3] ASC (ucuz→pahalı) p 27: 192 ilan (toplam= 5184, 25s)
2026-09-13 23:10:51,544 [INFO]   [Destan 3] ASC (ucuz→pahalı) p 28: 192 ilan (toplam= 5376, 26s)
2026-09-13 23:10:53,270 [INFO]   [Destan 3] ASC (ucuz→pahalı) p 29: 192 ilan (toplam= 5568, 28s)
2026-09-13 23:10:54,040 [INFO]   [Destan 3] ASC (ucuz→pahalı) p 30: 192 ilan (toplam= 5760, 29s)
2026-09-13 23:10:54,686 [WARNING]   [Destan 3] ASC (ucuz→pahalı) p31 → 429, 60sn bekle
2026-09-13 23:11:54,845 [INFO] Token yenilendi: eyJzaWQiOiJhMDY1NjRj...
2026-09-13 23:11:54,963 [WARNING]   [Destan 3] p31 → 429 — 60sn bekleniyor
2026-09-13 23:12:55,067 [INFO] Token yenilendi: eyJzaWQiOiJhMDY1NjRj...
2026-09-13 23:12:55,297 [WARNING]   [Destan 3] p31 → 429 — 120sn bekleniyor
2026-09-13 23:14:55,424 [INFO] Token yenilendi: eyJzaWQiOiJhMDY1NjRj...
2026-09-13 23:14:55,590 [WARNING]   [Destan 3] p31 → 429 — 180sn bekleniyor
2026-09-13 23:17:55,747 [INFO] Token yenilendi: eyJzaWQiOiJhMDY1NjRj...
2026-09-13 23:17:55,747 [WARNING]   [Destan 3] ASC (ucuz→pahalı) sayfa 31 alinamadi — bitti
2026-09-13 23:17:55,747 [INFO]   [Destan 3] ASC (ucuz→pahalı) bitti: 5760 ilan
2026-09-13 23:17:55,747 [INFO] [Destan 3] TOPLAM: 5760 ilan
2026-09-13 23:18:06,596 [INFO] [destan3] 5760 ilan yazildi (10546ms)
2026-09-13 23:18:06,596 [INFO] Tamamlandi — 461sn
2026-09-13 23:18:06,596 [INFO] ============================================================
2026-09-13 23:19:25,025 [INFO] ============================================================
2026-09-13 23:19:25,026 [INFO] MSGKO Scraper v4 — 2026-09-13 23:19:25
2026-09-13 23:19:25,026 [INFO] Kanal [9]: Destan 3 (serverType=13) — DESC (pahalı→ucuz)
2026-09-13 23:19:26,090 [INFO] Token alindi: eyJzaWQiOiIxOGUwNjk3...
2026-09-13 23:19:26,090 [INFO] [Destan 3] Baglanti testi...
2026-09-13 23:19:26,277 [WARNING] Sayfa 1: HTTP 429
2026-09-13 23:19:26,277 [INFO] 60sn bekleniyor...
2026-09-13 23:20:26,554 [INFO] Token yenilendi: eyJzaWQiOiIxOGUwNjk3...
2026-09-13 23:20:26,751 [WARNING] Sayfa 1: HTTP 429
2026-09-13 23:20:26,751 [INFO] 120sn bekleniyor...
2026-09-13 23:22:27,604 [INFO] Token yenilendi: eyJzaWQiOiIxOGUwNjk3...
2026-09-13 23:22:27,803 [WARNING] Sayfa 1: HTTP 429
2026-09-13 23:22:27,803 [WARNING] Site engelliyor — run atlaniyor
2026-09-13 23:25:25,046 [INFO] ============================================================
2026-09-13 23:25:25,046 [INFO] MSGKO Scraper v4 — 2026-09-13 23:25:25
2026-09-13 23:25:25,046 [INFO] Kanal [0]: Zero 3 (serverType=0) — ASC (ucuz→pahalı)
2026-09-13 23:25:25,486 [INFO] Token alindi: eyJzaWQiOiJlMGIyMTRl...
2026-09-13 23:25:25,486 [INFO] [Zero 3] Baglanti testi...
2026-09-13 23:25:25,593 [WARNING] Sayfa 1: HTTP 429
2026-09-13 23:25:25,593 [INFO] 60sn bekleniyor...
2026-09-13 23:26:25,926 [INFO] Token yenilendi: eyJzaWQiOiJlMGIyMTRl...
2026-09-13 23:26:26,106 [WARNING] Sayfa 1: HTTP 429
2026-09-13 23:26:26,106 [INFO] 120sn bekleniyor...
2026-09-13 23:28:27,215 [INFO] Token yenilendi: eyJzaWQiOiJlMGIyMTRl...
2026-09-13 23:28:27,417 [WARNING] Sayfa 1: HTTP 429
2026-09-13 23:28:27,417 [WARNING] Site engelliyor — run atlaniyor
2026-09-13 23:31:25,033 [INFO] ============================================================
2026-09-13 23:31:25,033 [INFO] MSGKO Scraper v4 — 2026-09-13 23:31:25
2026-09-13 23:31:25,034 [INFO] Kanal [0]: Zero 3 (serverType=0) — DESC (pahalı→ucuz)
2026-09-13 23:31:26,414 [INFO] Token alindi: eyJzaWQiOiI4YTQ2NjI5...
2026-09-13 23:31:26,414 [INFO] [Zero 3] Baglanti testi...
2026-09-13 23:31:26,528 [WARNING] Sayfa 1: HTTP 429
2026-09-13 23:31:26,528 [INFO] 60sn bekleniyor...
2026-09-13 23:32:27,101 [INFO] Token yenilendi: eyJzaWQiOiI4YTQ2NjI5...
2026-09-13 23:32:27,305 [WARNING] Sayfa 1: HTTP 429
2026-09-13 23:32:27,305 [INFO] 120sn bekleniyor...
2026-09-13 23:34:27,446 [INFO] Token yenilendi: eyJzaWQiOiI4YTQ2NjI5...
2026-09-13 23:34:27,553 [WARNING] Sayfa 1: HTTP 429
2026-09-13 23:34:27,554 [WARNING] Site engelliyor — run atlaniyor
2026-09-13 23:37:25,035 [INFO] ============================================================
2026-09-13 23:37:25,035 [INFO] MSGKO Scraper v4 — 2026-09-13 23:37:25
2026-09-13 23:37:25,035 [INFO] Kanal [1]: Zero 4 (serverType=5) — ASC (ucuz→pahalı)
2026-09-13 23:37:25,542 [INFO] Token alindi: eyJzaWQiOiIwZWI0NTQw...
2026-09-13 23:37:25,542 [INFO] [Zero 4] Baglanti testi...
2026-09-13 23:37:25,665 [WARNING] Sayfa 1: HTTP 429
2026-09-13 23:37:25,665 [INFO] 60sn bekleniyor...
2026-09-13 23:38:25,859 [INFO] Token yenilendi: eyJzaWQiOiIwZWI0NTQw...
2026-09-13 23:38:26,138 [WARNING] Sayfa 1: HTTP 429
2026-09-13 23:38:26,138 [INFO] 120sn bekleniyor...
2026-09-13 23:40:26,248 [INFO] Token yenilendi: eyJzaWQiOiIwZWI0NTQw...
2026-09-13 23:40:26,368 [WARNING] Sayfa 1: HTTP 429
2026-09-13 23:40:26,368 [WARNING] Site engelliyor — run atlaniyor
2026-09-13 23:43:25,058 [INFO] ============================================================
2026-09-13 23:43:25,058 [INFO] MSGKO Scraper v4 — 2026-09-13 23:43:25
2026-09-13 23:43:25,058 [INFO] Kanal [1]: Zero 4 (serverType=5) — DESC (pahalı→ucuz)
2026-09-13 23:43:25,961 [INFO] Token alindi: eyJzaWQiOiJmNjUxM2Uz...
2026-09-13 23:43:25,962 [INFO] [Zero 4] Baglanti testi...
2026-09-13 23:43:26,552 [INFO] Baglanti OK!
2026-09-13 23:43:26,552 [INFO] [Zero 4] DESC (pahalı→ucuz)
2026-09-13 23:43:27,381 [INFO]   [Zero 4] DESC (pahalı→ucuz) p  1: 192 ilan (toplam=  192, 2s)
2026-09-13 23:43:28,664 [INFO]   [Zero 4] DESC (pahalı→ucuz) p  2: 192 ilan (toplam=  384, 3s)
2026-09-13 23:43:29,438 [INFO]   [Zero 4] DESC (pahalı→ucuz) p  3: 192 ilan (toplam=  576, 4s)
2026-09-13 23:43:31,157 [INFO]   [Zero 4] DESC (pahalı→ucuz) p  4: 192 ilan (toplam=  768, 6s)
2026-09-13 23:43:31,951 [INFO]   [Zero 4] DESC (pahalı→ucuz) p  5: 192 ilan (toplam=  960, 6s)
2026-09-13 23:43:32,699 [INFO]   [Zero 4] DESC (pahalı→ucuz) p  6: 192 ilan (toplam= 1152, 7s)
2026-09-13 23:43:34,111 [INFO]   [Zero 4] DESC (pahalı→ucuz) p  7: 192 ilan (toplam= 1344, 9s)
2026-09-13 23:43:34,916 [INFO]   [Zero 4] DESC (pahalı→ucuz) p  8: 192 ilan (toplam= 1536, 9s)
2026-09-13 23:43:36,418 [INFO]   [Zero 4] DESC (pahalı→ucuz) p  9: 192 ilan (toplam= 1728, 11s)
2026-09-13 23:43:37,187 [INFO]   [Zero 4] DESC (pahalı→ucuz) p 10: 192 ilan (toplam= 1920, 12s)
2026-09-13 23:43:38,020 [INFO]   [Zero 4] DESC (pahalı→ucuz) p 11: 192 ilan (toplam= 2112, 12s)
2026-09-13 23:43:40,031 [INFO]   [Zero 4] DESC (pahalı→ucuz) p 12: 192 ilan (toplam= 2304, 14s)
2026-09-13 23:43:41,788 [INFO]   [Zero 4] DESC (pahalı→ucuz) p 13: 192 ilan (toplam= 2496, 16s)
2026-09-13 23:43:42,566 [INFO]   [Zero 4] DESC (pahalı→ucuz) p 14: 192 ilan (toplam= 2688, 17s)
2026-09-13 23:43:43,340 [INFO]   [Zero 4] DESC (pahalı→ucuz) p 15: 192 ilan (toplam= 2880, 18s)
2026-09-13 23:43:44,111 [INFO]   [Zero 4] DESC (pahalı→ucuz) p 16: 192 ilan (toplam= 3072, 19s)
2026-09-13 23:43:44,931 [INFO]   [Zero 4] DESC (pahalı→ucuz) p 17: 192 ilan (toplam= 3264, 19s)
2026-09-13 23:43:46,584 [INFO]   [Zero 4] DESC (pahalı→ucuz) p 18: 192 ilan (toplam= 3456, 21s)
2026-09-13 23:43:48,397 [INFO]   [Zero 4] DESC (pahalı→ucuz) p 19: 192 ilan (toplam= 3648, 23s)
2026-09-13 23:43:49,178 [INFO]   [Zero 4] DESC (pahalı→ucuz) p 20: 192 ilan (toplam= 3840, 24s)
2026-09-13 23:43:49,984 [INFO]   [Zero 4] DESC (pahalı→ucuz) p 21: 192 ilan (toplam= 4032, 24s)
2026-09-13 23:43:50,752 [INFO]   [Zero 4] DESC (pahalı→ucuz) p 22: 192 ilan (toplam= 4224, 25s)
2026-09-13 23:43:51,505 [INFO]   [Zero 4] DESC (pahalı→ucuz) p 23: 192 ilan (toplam= 4416, 26s)
2026-09-13 23:43:53,282 [INFO]   [Zero 4] DESC (pahalı→ucuz) p 24: 192 ilan (toplam= 4608, 28s)
2026-09-13 23:43:54,048 [INFO]   [Zero 4] DESC (pahalı→ucuz) p 25: 192 ilan (toplam= 4800, 28s)
2026-09-13 23:43:55,341 [INFO]   [Zero 4] DESC (pahalı→ucuz) p 26: 192 ilan (toplam= 4992, 30s)
2026-09-13 23:43:56,222 [INFO]   [Zero 4] DESC (pahalı→ucuz) p 27: 192 ilan (toplam= 5184, 31s)
2026-09-13 23:43:57,944 [INFO]   [Zero 4] DESC (pahalı→ucuz) p 28: 192 ilan (toplam= 5376, 32s)
2026-09-13 23:43:58,691 [INFO]   [Zero 4] DESC (pahalı→ucuz) p 29: 192 ilan (toplam= 5568, 33s)
2026-09-13 23:43:59,973 [WARNING]   [Zero 4] DESC (pahalı→ucuz) p30 → 429, 60sn bekle
2026-09-13 23:45:00,088 [INFO] Token yenilendi: eyJzaWQiOiJmNjUxM2Uz...
2026-09-13 23:45:00,201 [WARNING]   [Zero 4] p30 → 429 — 60sn bekleniyor
2026-09-13 23:46:00,315 [INFO] Token yenilendi: eyJzaWQiOiJmNjUxM2Uz...
2026-09-13 23:46:00,423 [WARNING]   [Zero 4] p30 → 429 — 120sn bekleniyor
2026-09-13 23:48:00,842 [INFO] Token yenilendi: eyJzaWQiOiJmNjUxM2Uz...
2026-09-13 23:48:00,986 [WARNING]   [Zero 4] p30 → 429 — 180sn bekleniyor
2026-09-13 23:51:01,208 [INFO] Token yenilendi: eyJzaWQiOiJmNjUxM2Uz...
2026-09-13 23:51:01,208 [WARNING]   [Zero 4] DESC (pahalı→ucuz) sayfa 30 alinamadi — bitti
2026-09-13 23:51:01,208 [INFO]   [Zero 4] DESC (pahalı→ucuz) bitti: 5568 ilan
2026-09-13 23:51:01,208 [INFO] [Zero 4] TOPLAM: 5568 ilan
2026-09-13 23:51:11,853 [INFO] [zero4] 5568 ilan yazildi (10300ms)
2026-09-13 23:51:11,853 [INFO] Tamamlandi — 466sn
2026-09-13 23:51:11,853 [INFO] ============================================================
2026-09-13 23:52:25,112 [INFO] ============================================================
2026-09-13 23:52:25,112 [INFO] MSGKO Scraper v4 — 2026-09-13 23:52:25
2026-09-13 23:52:25,113 [INFO] Kanal [2]: Zero 5 (serverType=8) — ASC (ucuz→pahalı)
2026-09-13 23:52:26,772 [INFO] Token alindi: eyJzaWQiOiJjMWI0MGVm...
2026-09-13 23:52:26,772 [INFO] [Zero 5] Baglanti testi...
2026-09-13 23:52:26,965 [WARNING] Sayfa 1: HTTP 429
2026-09-13 23:52:26,965 [INFO] 60sn bekleniyor...
2026-09-13 23:53:27,132 [INFO] Token yenilendi: eyJzaWQiOiJjMWI0MGVm...
2026-09-13 23:53:27,263 [WARNING] Sayfa 1: HTTP 429
2026-09-13 23:53:27,263 [INFO] 120sn bekleniyor...
2026-09-13 23:55:27,586 [INFO] Token yenilendi: eyJzaWQiOiJjMWI0MGVm...
2026-09-13 23:55:27,733 [WARNING] Sayfa 1: HTTP 429
2026-09-13 23:55:27,733 [WARNING] Site engelliyor — run atlaniyor
2026-09-13 23:58:25,063 [INFO] ============================================================
2026-09-13 23:58:25,063 [INFO] MSGKO Scraper v4 — 2026-09-13 23:58:25
2026-09-13 23:58:25,064 [INFO] Kanal [2]: Zero 5 (serverType=8) — DESC (pahalı→ucuz)
2026-09-13 23:58:25,637 [INFO] Token alindi: eyJzaWQiOiJlY2FlODU2...
2026-09-13 23:58:25,637 [INFO] [Zero 5] Baglanti testi...
2026-09-13 23:58:25,741 [WARNING] Sayfa 1: HTTP 429
2026-09-13 23:58:25,741 [INFO] 60sn bekleniyor...
2026-09-13 23:59:25,870 [INFO] Token yenilendi: eyJzaWQiOiJlY2FlODU2...
2026-09-13 23:59:25,984 [WARNING] Sayfa 1: HTTP 429
2026-09-13 23:59:25,984 [INFO] 120sn bekleniyor...
2026-09-14 00:01:26,431 [INFO] Token yenilendi: eyJzaWQiOiJlY2FlODU2...
2026-09-14 00:01:26,545 [WARNING] Sayfa 1: HTTP 429
2026-09-14 00:01:26,545 [WARNING] Site engelliyor — run atlaniyor
2026-09-14 00:04:25,079 [INFO] ============================================================
2026-09-14 00:04:25,079 [INFO] MSGKO Scraper v4 — 2026-09-14 00:04:25
2026-09-14 00:04:25,079 [INFO] Kanal [3]: Zero 8 (serverType=15) — ASC (ucuz→pahalı)
2026-09-14 00:04:25,645 [INFO] Token alindi: eyJzaWQiOiI1YjQ0MzE4...
2026-09-14 00:04:25,645 [INFO] [Zero 8] Baglanti testi...
2026-09-14 00:04:25,777 [WARNING] Sayfa 1: HTTP 429
2026-09-14 00:04:25,777 [INFO] 60sn bekleniyor...
2026-09-14 00:05:25,902 [INFO] Token yenilendi: eyJzaWQiOiI1YjQ0MzE4...
2026-09-14 00:05:26,010 [WARNING] Sayfa 1: HTTP 429
2026-09-14 00:05:26,010 [INFO] 120sn bekleniyor...
2026-09-14 00:07:26,147 [INFO] Token yenilendi: eyJzaWQiOiI1YjQ0MzE4...
2026-09-14 00:07:26,245 [WARNING] Sayfa 1: HTTP 429
2026-09-14 00:07:26,245 [WARNING] Site engelliyor — run atlaniyor
2026-09-14 00:10:25,105 [INFO] ============================================================
2026-09-14 00:10:25,105 [INFO] MSGKO Scraper v4 — 2026-09-14 00:10:25
2026-09-14 00:10:25,106 [INFO] Kanal [3]: Zero 8 (serverType=15) — DESC (pahalı→ucuz)
2026-09-14 00:10:25,591 [INFO] Token alindi: eyJzaWQiOiI3ZDFhNmY2...
2026-09-14 00:10:25,591 [INFO] [Zero 8] Baglanti testi...
2026-09-14 00:10:25,704 [WARNING] Sayfa 1: HTTP 429
2026-09-14 00:10:25,704 [INFO] 60sn bekleniyor...
2026-09-14 00:11:25,831 [INFO] Token yenilendi: eyJzaWQiOiI3ZDFhNmY2...
2026-09-14 00:11:25,950 [WARNING] Sayfa 1: HTTP 429
2026-09-14 00:11:25,950 [INFO] 120sn bekleniyor...
2026-09-14 00:13:26,899 [INFO] Token yenilendi: eyJzaWQiOiI3ZDFhNmY2...
2026-09-14 00:13:27,107 [WARNING] Sayfa 1: HTTP 429
2026-09-14 00:13:27,107 [WARNING] Site engelliyor — run atlaniyor
2026-09-14 00:16:25,124 [INFO] ============================================================
2026-09-14 00:16:25,124 [INFO] MSGKO Scraper v4 — 2026-09-14 00:16:25
2026-09-14 00:16:25,124 [INFO] Kanal [4]: Agartha 3 (serverType=1) — ASC (ucuz→pahalı)
2026-09-14 00:16:25,728 [INFO] Token alindi: eyJzaWQiOiIxZDYwNzAw...
2026-09-14 00:16:25,729 [INFO] [Agartha 3] Baglanti testi...
2026-09-14 00:16:26,088 [INFO] Baglanti OK!
2026-09-14 00:16:26,088 [INFO] [Agartha 3] ASC (ucuz→pahalı)
2026-09-14 00:16:26,183 [INFO]   [Agartha 3] ASC (ucuz→pahalı) p  1: 192 ilan (toplam=  192, 1s)
2026-09-14 00:16:26,970 [INFO]   [Agartha 3] ASC (ucuz→pahalı) p  2: 192 ilan (toplam=  384, 1s)
2026-09-14 00:16:27,779 [INFO]   [Agartha 3] ASC (ucuz→pahalı) p  3: 192 ilan (toplam=  576, 2s)
2026-09-14 00:16:29,168 [INFO]   [Agartha 3] ASC (ucuz→pahalı) p  4: 192 ilan (toplam=  768, 4s)
2026-09-14 00:16:29,971 [INFO]   [Agartha 3] ASC (ucuz→pahalı) p  5: 192 ilan (toplam=  960, 4s)
2026-09-14 00:16:30,725 [INFO]   [Agartha 3] ASC (ucuz→pahalı) p  6: 192 ilan (toplam= 1152, 5s)
2026-09-14 00:16:31,508 [INFO]   [Agartha 3] ASC (ucuz→pahalı) p  7: 192 ilan (toplam= 1344, 6s)
2026-09-14 00:16:32,295 [INFO]   [Agartha 3] ASC (ucuz→pahalı) p  8: 192 ilan (toplam= 1536, 7s)
2026-09-14 00:16:33,561 [INFO]   [Agartha 3] ASC (ucuz→pahalı) p  9: 192 ilan (toplam= 1728, 8s)
2026-09-14 00:16:34,456 [INFO]   [Agartha 3] ASC (ucuz→pahalı) p 10: 192 ilan (toplam= 1920, 9s)
2026-09-14 00:16:35,204 [INFO]   [Agartha 3] ASC (ucuz→pahalı) p 11: 192 ilan (toplam= 2112, 10s)
2026-09-14 00:16:35,989 [INFO]   [Agartha 3] ASC (ucuz→pahalı) p 12: 192 ilan (toplam= 2304, 10s)
2026-09-14 00:16:36,781 [INFO]   [Agartha 3] ASC (ucuz→pahalı) p 13: 192 ilan (toplam= 2496, 11s)
2026-09-14 00:16:38,404 [INFO]   [Agartha 3] ASC (ucuz→pahalı) p 14: 192 ilan (toplam= 2688, 13s)
2026-09-14 00:16:40,192 [INFO]   [Agartha 3] ASC (ucuz→pahalı) p 15: 192 ilan (toplam= 2880, 15s)
2026-09-14 00:16:40,979 [INFO]   [Agartha 3] ASC (ucuz→pahalı) p 16: 192 ilan (toplam= 3072, 15s)
2026-09-14 00:16:41,771 [INFO]   [Agartha 3] ASC (ucuz→pahalı) p 17: 192 ilan (toplam= 3264, 16s)
2026-09-14 00:16:43,014 [INFO]   [Agartha 3] ASC (ucuz→pahalı) p 18: 192 ilan (toplam= 3456, 17s)
2026-09-14 00:16:43,831 [INFO]   [Agartha 3] ASC (ucuz→pahalı) p 19: 192 ilan (toplam= 3648, 18s)
2026-09-14 00:16:45,889 [INFO]   [Agartha 3] ASC (ucuz→pahalı) p 20: 192 ilan (toplam= 3840, 20s)
2026-09-14 00:16:46,743 [INFO]   [Agartha 3] ASC (ucuz→pahalı) p 21: 192 ilan (toplam= 4032, 21s)
2026-09-14 00:16:47,523 [INFO]   [Agartha 3] ASC (ucuz→pahalı) p 22: 192 ilan (toplam= 4224, 22s)
2026-09-14 00:16:48,738 [INFO]   [Agartha 3] ASC (ucuz→pahalı) p 23: 192 ilan (toplam= 4416, 23s)
2026-09-14 00:16:49,619 [INFO]   [Agartha 3] ASC (ucuz→pahalı) p 24: 192 ilan (toplam= 4608, 24s)
2026-09-14 00:16:50,408 [INFO]   [Agartha 3] ASC (ucuz→pahalı) p 25: 192 ilan (toplam= 4800, 25s)
2026-09-14 00:16:51,242 [INFO]   [Agartha 3] ASC (ucuz→pahalı) p 26: 192 ilan (toplam= 4992, 26s)
2026-09-14 00:16:52,178 [INFO]   [Agartha 3] ASC (ucuz→pahalı) p 27: 192 ilan (toplam= 5184, 27s)
2026-09-14 00:16:53,868 [INFO]   [Agartha 3] ASC (ucuz→pahalı) p 28: 192 ilan (toplam= 5376, 28s)
2026-09-14 00:16:54,655 [INFO]   [Agartha 3] ASC (ucuz→pahalı) p 29: 192 ilan (toplam= 5568, 29s)
2026-09-14 00:16:56,564 [INFO]   [Agartha 3] ASC (ucuz→pahalı) p 30: 192 ilan (toplam= 5760, 31s)
2026-09-14 00:16:57,185 [WARNING]   [Agartha 3] ASC (ucuz→pahalı) p31 → 429, 60sn bekle
2026-09-14 00:17:58,459 [INFO] Token yenilendi: eyJzaWQiOiIxZDYwNzAw...
2026-09-14 00:17:58,674 [WARNING]   [Agartha 3] p31 → 429 — 60sn bekleniyor
2026-09-14 00:18:58,818 [INFO] Token yenilendi: eyJzaWQiOiIxZDYwNzAw...
2026-09-14 00:18:58,946 [WARNING]   [Agartha 3] p31 → 429 — 120sn bekleniyor
2026-09-14 00:20:59,065 [INFO] Token yenilendi: eyJzaWQiOiIxZDYwNzAw...
2026-09-14 00:20:59,188 [WARNING]   [Agartha 3] p31 → 429 — 180sn bekleniyor
2026-09-14 00:23:59,305 [INFO] Token yenilendi: eyJzaWQiOiIxZDYwNzAw...
2026-09-14 00:23:59,306 [WARNING]   [Agartha 3] ASC (ucuz→pahalı) sayfa 31 alinamadi — bitti
2026-09-14 00:23:59,306 [INFO]   [Agartha 3] ASC (ucuz→pahalı) bitti: 5760 ilan
2026-09-14 00:23:59,306 [INFO] [Agartha 3] TOPLAM: 5760 ilan
2026-09-14 00:24:10,346 [INFO] [agartha3] 5760 ilan yazildi (10671ms)
2026-09-14 00:24:10,347 [INFO] Tamamlandi — 465sn
2026-09-14 00:24:10,347 [INFO] ============================================================
2026-09-14 00:25:25,087 [INFO] ============================================================
2026-09-14 00:25:25,087 [INFO] MSGKO Scraper v4 — 2026-09-14 00:25:25
2026-09-14 00:25:25,087 [INFO] Kanal [4]: Agartha 3 (serverType=1) — DESC (pahalı→ucuz)
2026-09-14 00:25:26,914 [INFO] Token alindi: eyJzaWQiOiIzNmQ4M2Fl...
2026-09-14 00:25:26,915 [INFO] [Agartha 3] Baglanti testi...
2026-09-14 00:25:27,038 [WARNING] Sayfa 1: HTTP 429
2026-09-14 00:25:27,038 [INFO] 60sn bekleniyor...
2026-09-14 00:26:27,171 [INFO] Token yenilendi: eyJzaWQiOiIzNmQ4M2Fl...
2026-09-14 00:26:27,288 [WARNING] Sayfa 1: HTTP 429
2026-09-14 00:26:27,289 [INFO] 120sn bekleniyor...
2026-09-14 00:28:28,440 [INFO] Token yenilendi: eyJzaWQiOiIzNmQ4M2Fl...
2026-09-14 00:28:28,607 [WARNING] Sayfa 1: HTTP 429
2026-09-14 00:28:28,607 [WARNING] Site engelliyor — run atlaniyor
2026-09-14 00:31:25,086 [INFO] ============================================================
2026-09-14 00:31:25,086 [INFO] MSGKO Scraper v4 — 2026-09-14 00:31:25
2026-09-14 00:31:25,086 [INFO] Kanal [5]: Agartha 4 (serverType=12) — ASC (ucuz→pahalı)
2026-09-14 00:31:25,937 [INFO] Token alindi: eyJzaWQiOiIzNTcwNzM2...
2026-09-14 00:31:25,938 [INFO] [Agartha 4] Baglanti testi...
2026-09-14 00:31:26,094 [WARNING] Sayfa 1: HTTP 429
2026-09-14 00:31:26,094 [INFO] 60sn bekleniyor...
2026-09-14 00:32:26,237 [INFO] Token yenilendi: eyJzaWQiOiIzNTcwNzM2...
2026-09-14 00:32:26,341 [WARNING] Sayfa 1: HTTP 429
2026-09-14 00:32:26,341 [INFO] 120sn bekleniyor...
2026-09-14 00:34:26,447 [INFO] Token yenilendi: eyJzaWQiOiIzNTcwNzM2...
2026-09-14 00:34:26,547 [WARNING] Sayfa 1: HTTP 429
2026-09-14 00:34:26,547 [WARNING] Site engelliyor — run atlaniyor
2026-09-14 00:37:25,096 [INFO] ============================================================
2026-09-14 00:37:25,096 [INFO] MSGKO Scraper v4 — 2026-09-14 00:37:25
2026-09-14 00:37:25,096 [INFO] Kanal [5]: Agartha 4 (serverType=12) — DESC (pahalı→ucuz)
2026-09-14 00:37:25,684 [INFO] Token alindi: eyJzaWQiOiI0YWQ0MTE2...
2026-09-14 00:37:25,685 [INFO] [Agartha 4] Baglanti testi...
2026-09-14 00:37:25,851 [WARNING] Sayfa 1: HTTP 429
2026-09-14 00:37:25,851 [INFO] 60sn bekleniyor...
2026-09-14 00:38:25,984 [INFO] Token yenilendi: eyJzaWQiOiI0YWQ0MTE2...
2026-09-14 00:38:26,099 [WARNING] Sayfa 1: HTTP 429
2026-09-14 00:38:26,099 [INFO] 120sn bekleniyor...
2026-09-14 12:10:27,685 [INFO] ============================================================
2026-09-14 12:10:27,697 [INFO] MSGKO Scraper v4 — 2026-09-14 12:10:27
2026-09-14 12:10:27,697 [INFO] Kanal [6]: Pandora 3 (serverType=2) — ASC (ucuz→pahalı)
2026-09-14 12:10:28,252 [INFO] Token alindi: eyJzaWQiOiI5NzkyOTMx...
2026-09-14 12:10:28,252 [INFO] [Pandora 3] Baglanti testi...
2026-09-14 12:10:28,675 [INFO] Baglanti OK!
2026-09-14 12:10:28,675 [INFO] [Pandora 3] ASC (ucuz→pahalı)
2026-09-14 12:10:28,764 [INFO]   [Pandora 3] ASC (ucuz→pahalı) p  1: 192 ilan (toplam=  192, 1s)
2026-09-14 12:10:30,003 [INFO]   [Pandora 3] ASC (ucuz→pahalı) p  2: 192 ilan (toplam=  384, 2s)
2026-09-14 12:10:30,798 [INFO]   [Pandora 3] ASC (ucuz→pahalı) p  3: 192 ilan (toplam=  576, 3s)
2026-09-14 12:10:32,488 [INFO]   [Pandora 3] ASC (ucuz→pahalı) p  4: 192 ilan (toplam=  768, 4s)
2026-09-14 12:10:33,262 [INFO]   [Pandora 3] ASC (ucuz→pahalı) p  5: 192 ilan (toplam=  960, 5s)
2026-09-14 12:10:34,006 [INFO]   [Pandora 3] ASC (ucuz→pahalı) p  6: 192 ilan (toplam= 1152, 6s)
2026-09-14 12:10:35,750 [INFO]   [Pandora 3] ASC (ucuz→pahalı) p  7: 192 ilan (toplam= 1344, 8s)
2026-09-14 12:10:36,492 [INFO]   [Pandora 3] ASC (ucuz→pahalı) p  8: 192 ilan (toplam= 1536, 8s)
2026-09-14 12:10:37,282 [INFO]   [Pandora 3] ASC (ucuz→pahalı) p  9: 192 ilan (toplam= 1728, 9s)
2026-09-14 12:10:38,569 [INFO]   [Pandora 3] ASC (ucuz→pahalı) p 10: 192 ilan (toplam= 1920, 10s)
2026-09-14 12:10:39,387 [INFO]   [Pandora 3] ASC (ucuz→pahalı) p 11: 192 ilan (toplam= 2112, 11s)
2026-09-14 12:10:40,177 [INFO]   [Pandora 3] ASC (ucuz→pahalı) p 12: 192 ilan (toplam= 2304, 12s)
2026-09-14 12:10:40,917 [INFO]   [Pandora 3] ASC (ucuz→pahalı) p 13: 192 ilan (toplam= 2496, 13s)
2026-09-14 12:10:41,661 [INFO]   [Pandora 3] ASC (ucuz→pahalı) p 14: 192 ilan (toplam= 2688, 13s)
2026-09-14 12:10:42,470 [INFO]   [Pandora 3] ASC (ucuz→pahalı) p 15: 192 ilan (toplam= 2880, 14s)
2026-09-14 12:10:44,147 [INFO]   [Pandora 3] ASC (ucuz→pahalı) p 16: 192 ilan (toplam= 3072, 16s)
2026-09-14 12:10:44,883 [INFO]   [Pandora 3] ASC (ucuz→pahalı) p 17: 192 ilan (toplam= 3264, 17s)
2026-09-14 12:10:46,636 [INFO]   [Pandora 3] ASC (ucuz→pahalı) p 18: 192 ilan (toplam= 3456, 18s)
2026-09-14 12:10:48,190 [INFO]   [Pandora 3] ASC (ucuz→pahalı) p 19: 192 ilan (toplam= 3648, 20s)
2026-09-14 12:10:49,936 [INFO]   [Pandora 3] ASC (ucuz→pahalı) p 20: 192 ilan (toplam= 3840, 22s)
2026-09-14 12:10:51,381 [INFO]   [Pandora 3] ASC (ucuz→pahalı) p 21: 192 ilan (toplam= 4032, 23s)
2026-09-14 12:10:52,178 [INFO]   [Pandora 3] ASC (ucuz→pahalı) p 22: 192 ilan (toplam= 4224, 24s)
2026-09-14 12:10:53,008 [INFO]   [Pandora 3] ASC (ucuz→pahalı) p 23: 192 ilan (toplam= 4416, 25s)
2026-09-14 12:10:53,781 [INFO]   [Pandora 3] ASC (ucuz→pahalı) p 24: 192 ilan (toplam= 4608, 26s)
2026-09-14 12:10:55,320 [INFO]   [Pandora 3] ASC (ucuz→pahalı) p 25: 192 ilan (toplam= 4800, 27s)
2026-09-14 12:10:56,871 [INFO]   [Pandora 3] ASC (ucuz→pahalı) p 26: 192 ilan (toplam= 4992, 29s)
2026-09-14 12:10:57,610 [INFO]   [Pandora 3] ASC (ucuz→pahalı) p 27: 192 ilan (toplam= 5184, 29s)
2026-09-14 12:10:58,427 [INFO]   [Pandora 3] ASC (ucuz→pahalı) p 28: 192 ilan (toplam= 5376, 30s)
2026-09-14 12:10:59,179 [INFO]   [Pandora 3] ASC (ucuz→pahalı) p 29: 192 ilan (toplam= 5568, 31s)
2026-09-14 12:10:59,930 [INFO]   [Pandora 3] ASC (ucuz→pahalı) p 30: 192 ilan (toplam= 5760, 32s)
2026-09-14 12:11:00,554 [WARNING]   [Pandora 3] ASC (ucuz→pahalı) p31 → 429, 60sn bekle
2026-09-14 12:12:00,692 [INFO] Token yenilendi: eyJzaWQiOiI5NzkyOTMx...
2026-09-14 12:12:01,003 [INFO]   [Pandora 3] ASC (ucuz→pahalı) p 31: 192 ilan (toplam= 5952, 93s)
2026-09-14 12:12:01,786 [INFO]   [Pandora 3] ASC (ucuz→pahalı) p 32: 192 ilan (toplam= 6144, 94s)
2026-09-14 12:12:02,536 [INFO]   [Pandora 3] ASC (ucuz→pahalı) p 33: 192 ilan (toplam= 6336, 94s)
2026-09-14 12:12:03,816 [INFO]   [Pandora 3] ASC (ucuz→pahalı) p 34: 192 ilan (toplam= 6528, 96s)
2026-09-14 12:12:05,410 [INFO]   [Pandora 3] ASC (ucuz→pahalı) p 35: 192 ilan (toplam= 6720, 97s)
2026-09-14 12:12:06,149 [INFO]   [Pandora 3] ASC (ucuz→pahalı) p 36: 192 ilan (toplam= 6912, 98s)
2026-09-14 12:12:07,905 [INFO]   [Pandora 3] ASC (ucuz→pahalı) p 37: 192 ilan (toplam= 7104, 100s)
2026-09-14 12:12:09,332 [INFO]   [Pandora 3] ASC (ucuz→pahalı) p 38: 192 ilan (toplam= 7296, 101s)
2026-09-14 12:12:10,065 [INFO]   [Pandora 3] ASC (ucuz→pahalı) p 39: 192 ilan (toplam= 7488, 102s)
2026-09-14 12:12:10,862 [INFO]   [Pandora 3] ASC (ucuz→pahalı) p 40: 192 ilan (toplam= 7680, 103s)
2026-09-14 12:12:12,591 [INFO]   [Pandora 3] ASC (ucuz→pahalı) p 41: 192 ilan (toplam= 7872, 104s)
2026-09-14 12:12:13,564 [INFO]   [Pandora 3] ASC (ucuz→pahalı) p 42: 192 ilan (toplam= 8064, 105s)
2026-09-14 12:12:14,439 [INFO]   [Pandora 3] ASC (ucuz→pahalı) p 43: 192 ilan (toplam= 8256, 106s)
2026-09-14 12:12:15,193 [INFO]   [Pandora 3] ASC (ucuz→pahalı) p 44: 192 ilan (toplam= 8448, 107s)
2026-09-14 12:12:16,916 [INFO]   [Pandora 3] ASC (ucuz→pahalı) p 45: 192 ilan (toplam= 8640, 109s)
2026-09-14 12:12:17,654 [INFO]   [Pandora 3] ASC (ucuz→pahalı) p 46: 192 ilan (toplam= 8832, 109s)
2026-09-14 12:12:19,049 [INFO]   [Pandora 3] ASC (ucuz→pahalı) p 47: 192 ilan (toplam= 9024, 111s)
2026-09-14 12:12:19,805 [INFO]   [Pandora 3] ASC (ucuz→pahalı) p 48: 192 ilan (toplam= 9216, 112s)
2026-09-14 12:12:20,555 [INFO]   [Pandora 3] ASC (ucuz→pahalı) p 49: 192 ilan (toplam= 9408, 112s)
2026-09-14 12:12:21,337 [INFO]   [Pandora 3] ASC (ucuz→pahalı) p 50: 192 ilan (toplam= 9600, 113s)
2026-09-14 12:12:22,135 [INFO]   [Pandora 3] ASC (ucuz→pahalı) p 51: 192 ilan (toplam= 9792, 114s)
2026-09-14 12:12:22,878 [INFO]   [Pandora 3] ASC (ucuz→pahalı) p 52: 192 ilan (toplam= 9984, 115s)
2026-09-14 12:12:23,648 [INFO]   [Pandora 3] ASC (ucuz→pahalı) p 53: 192 ilan (toplam=10176, 115s)
2026-09-14 12:12:24,389 [INFO]   [Pandora 3] ASC (ucuz→pahalı) p 54: 192 ilan (toplam=10368, 116s)
2026-09-14 12:12:25,698 [INFO]   [Pandora 3] ASC (ucuz→pahalı) p 55: 192 ilan (toplam=10560, 118s)
2026-09-14 12:12:26,459 [INFO]   [Pandora 3] ASC (ucuz→pahalı) p 56: 192 ilan (toplam=10752, 118s)
2026-09-14 12:12:28,119 [INFO]   [Pandora 3] ASC (ucuz→pahalı) p 57: 192 ilan (toplam=10944, 120s)
2026-09-14 12:12:28,871 [INFO]   [Pandora 3] ASC (ucuz→pahalı) p 58: 192 ilan (toplam=11136, 121s)
2026-09-14 12:12:29,639 [INFO]   [Pandora 3] ASC (ucuz→pahalı) p 59: 192 ilan (toplam=11328, 121s)
2026-09-14 12:12:30,386 [INFO]   [Pandora 3] ASC (ucuz→pahalı) p 60: 192 ilan (toplam=11520, 122s)
2026-09-14 12:12:31,002 [WARNING]   [Pandora 3] ASC (ucuz→pahalı) p61 → 429, 60sn bekle
2026-09-14 12:13:31,110 [INFO] Token yenilendi: eyJzaWQiOiI5NzkyOTMx...
2026-09-14 12:13:31,216 [WARNING]   [Pandora 3] p61 → 429 — 60sn bekleniyor
2026-09-14 12:14:31,333 [INFO] Token yenilendi: eyJzaWQiOiI5NzkyOTMx...
2026-09-14 12:14:31,490 [WARNING]   [Pandora 3] p61 → 429 — 120sn bekleniyor
2026-09-14 12:16:31,611 [INFO] Token yenilendi: eyJzaWQiOiI5NzkyOTMx...
2026-09-14 12:16:31,719 [WARNING]   [Pandora 3] p61 → 429 — 180sn bekleniyor
2026-09-14 12:19:31,857 [INFO] Token yenilendi: eyJzaWQiOiI5NzkyOTMx...
2026-09-14 12:19:31,857 [WARNING]   [Pandora 3] ASC (ucuz→pahalı) sayfa 61 alinamadi — bitti
2026-09-14 12:19:31,857 [INFO]   [Pandora 3] ASC (ucuz→pahalı) bitti: 11520 ilan
2026-09-14 12:19:31,857 [INFO] [Pandora 3] TOPLAM: 11520 ilan
2026-09-14 12:19:56,177 [INFO] [pandora3] 11520 ilan yazildi (24022ms)
2026-09-14 12:19:56,177 [INFO] Tamamlandi — 568sn
2026-09-14 12:19:56,177 [INFO] ============================================================
2026-09-14 12:22:25,846 [INFO] ============================================================
2026-09-14 12:22:25,847 [INFO] MSGKO Scraper v4 — 2026-09-14 12:22:25
2026-09-14 12:22:25,847 [INFO] Kanal [6]: Pandora 3 (serverType=2) — DESC (pahalı→ucuz)
2026-09-14 12:22:26,281 [INFO] Token alindi: eyJzaWQiOiI3YzI2YjY0...
2026-09-14 12:22:26,281 [INFO] [Pandora 3] Baglanti testi...
2026-09-14 12:22:26,449 [INFO] Baglanti OK!
2026-09-14 12:22:26,449 [INFO] [Pandora 3] DESC (pahalı→ucuz)
2026-09-14 12:22:27,222 [INFO]   [Pandora 3] DESC (pahalı→ucuz) p  1: 192 ilan (toplam=  192, 1s)
2026-09-14 12:22:28,014 [INFO]   [Pandora 3] DESC (pahalı→ucuz) p  2: 192 ilan (toplam=  384, 2s)
2026-09-14 12:22:28,811 [INFO]   [Pandora 3] DESC (pahalı→ucuz) p  3: 192 ilan (toplam=  576, 2s)
2026-09-14 12:22:29,620 [INFO]   [Pandora 3] DESC (pahalı→ucuz) p  4: 192 ilan (toplam=  768, 3s)
2026-09-14 12:22:30,535 [INFO]   [Pandora 3] DESC (pahalı→ucuz) p  5: 192 ilan (toplam=  960, 4s)
2026-09-14 12:22:31,266 [INFO]   [Pandora 3] DESC (pahalı→ucuz) p  6: 192 ilan (toplam= 1152, 5s)
2026-09-14 12:22:32,037 [INFO]   [Pandora 3] DESC (pahalı→ucuz) p  7: 192 ilan (toplam= 1344, 6s)
2026-09-14 12:22:32,803 [INFO]   [Pandora 3] DESC (pahalı→ucuz) p  8: 192 ilan (toplam= 1536, 6s)
2026-09-14 12:22:33,572 [INFO]   [Pandora 3] DESC (pahalı→ucuz) p  9: 192 ilan (toplam= 1728, 7s)
2026-09-14 12:22:34,965 [INFO]   [Pandora 3] DESC (pahalı→ucuz) p 10: 192 ilan (toplam= 1920, 9s)
2026-09-14 12:22:35,735 [INFO]   [Pandora 3] DESC (pahalı→ucuz) p 11: 192 ilan (toplam= 2112, 9s)
2026-09-14 12:22:36,469 [INFO]   [Pandora 3] DESC (pahalı→ucuz) p 12: 192 ilan (toplam= 2304, 10s)
2026-09-14 12:22:37,200 [INFO]   [Pandora 3] DESC (pahalı→ucuz) p 13: 192 ilan (toplam= 2496, 11s)
2026-09-14 12:22:37,946 [INFO]   [Pandora 3] DESC (pahalı→ucuz) p 14: 192 ilan (toplam= 2688, 12s)
2026-09-14 12:22:38,699 [INFO]   [Pandora 3] DESC (pahalı→ucuz) p 15: 192 ilan (toplam= 2880, 12s)
2026-09-14 12:22:39,438 [INFO]   [Pandora 3] DESC (pahalı→ucuz) p 16: 192 ilan (toplam= 3072, 13s)
2026-09-14 12:22:41,077 [INFO]   [Pandora 3] DESC (pahalı→ucuz) p 17: 192 ilan (toplam= 3264, 15s)
2026-09-14 12:22:41,847 [INFO]   [Pandora 3] DESC (pahalı→ucuz) p 18: 192 ilan (toplam= 3456, 16s)
2026-09-14 12:22:42,596 [INFO]   [Pandora 3] DESC (pahalı→ucuz) p 19: 192 ilan (toplam= 3648, 16s)
2026-09-14 12:22:43,382 [INFO]   [Pandora 3] DESC (pahalı→ucuz) p 20: 192 ilan (toplam= 3840, 17s)
2026-09-14 12:22:44,210 [INFO]   [Pandora 3] DESC (pahalı→ucuz) p 21: 192 ilan (toplam= 4032, 18s)
2026-09-14 12:22:45,577 [INFO]   [Pandora 3] DESC (pahalı→ucuz) p 22: 192 ilan (toplam= 4224, 19s)
2026-09-14 12:22:47,439 [INFO]   [Pandora 3] DESC (pahalı→ucuz) p 23: 192 ilan (toplam= 4416, 21s)
2026-09-14 12:22:48,949 [INFO]   [Pandora 3] DESC (pahalı→ucuz) p 24: 192 ilan (toplam= 4608, 23s)
2026-09-14 12:22:49,704 [INFO]   [Pandora 3] DESC (pahalı→ucuz) p 25: 192 ilan (toplam= 4800, 23s)
2026-09-14 12:22:50,464 [INFO]   [Pandora 3] DESC (pahalı→ucuz) p 26: 192 ilan (toplam= 4992, 24s)
2026-09-14 12:22:51,265 [INFO]   [Pandora 3] DESC (pahalı→ucuz) p 27: 192 ilan (toplam= 5184, 25s)
2026-09-14 12:22:52,025 [INFO]   [Pandora 3] DESC (pahalı→ucuz) p 28: 192 ilan (toplam= 5376, 26s)
2026-09-14 12:22:53,875 [INFO]   [Pandora 3] DESC (pahalı→ucuz) p 29: 192 ilan (toplam= 5568, 28s)
2026-09-14 12:22:54,978 [WARNING]   [Pandora 3] DESC (pahalı→ucuz) p30 → 429, 60sn bekle
2026-09-14 12:23:55,719 [INFO] Token yenilendi: eyJzaWQiOiI3YzI2YjY0...
2026-09-14 12:23:55,825 [WARNING]   [Pandora 3] p30 → 429 — 60sn bekleniyor
2026-09-14 12:24:55,949 [INFO] Token yenilendi: eyJzaWQiOiI3YzI2YjY0...
2026-09-14 12:24:56,056 [WARNING]   [Pandora 3] p30 → 429 — 120sn bekleniyor
2026-09-14 12:26:56,554 [INFO] Token yenilendi: eyJzaWQiOiI3YzI2YjY0...
2026-09-14 12:26:56,673 [WARNING]   [Pandora 3] p30 → 429 — 180sn bekleniyor
2026-09-14 12:29:56,808 [INFO] Token yenilendi: eyJzaWQiOiI3YzI2YjY0...
2026-09-14 12:29:56,808 [WARNING]   [Pandora 3] DESC (pahalı→ucuz) sayfa 30 alinamadi — bitti
2026-09-14 12:29:56,808 [INFO]   [Pandora 3] DESC (pahalı→ucuz) bitti: 5568 ilan
2026-09-14 12:29:56,808 [INFO] [Pandora 3] TOPLAM: 5568 ilan
2026-09-14 12:30:14,631 [INFO] [pandora3] 5568 ilan yazildi (17533ms)
2026-09-14 12:30:14,632 [INFO] Tamamlandi — 468sn
2026-09-14 12:30:14,632 [INFO] ============================================================
2026-09-14 12:31:24,668 [INFO] ============================================================
2026-09-14 12:31:24,668 [INFO] MSGKO Scraper v4 — 2026-09-14 12:31:24
2026-09-14 12:31:24,669 [INFO] Kanal [7]: Pandora 4 (serverType=11) — ASC (ucuz→pahalı)
2026-09-14 12:31:26,036 [INFO] Token alindi: eyJzaWQiOiJkODExYzEx...
2026-09-14 12:31:26,036 [INFO] [Pandora 4] Baglanti testi...
2026-09-14 12:31:26,139 [WARNING] Sayfa 1: HTTP 429
2026-09-14 12:31:26,139 [INFO] 60sn bekleniyor...
2026-09-14 12:32:26,249 [INFO] Token yenilendi: eyJzaWQiOiJkODExYzEx...
2026-09-14 12:32:26,361 [WARNING] Sayfa 1: HTTP 429
2026-09-14 12:32:26,361 [INFO] 120sn bekleniyor...
2026-09-14 12:34:26,525 [INFO] Token yenilendi: eyJzaWQiOiJkODExYzEx...
2026-09-14 12:34:26,658 [WARNING] Sayfa 1: HTTP 429
2026-09-14 12:34:26,658 [WARNING] Site engelliyor — run atlaniyor
2026-09-14 12:37:24,702 [INFO] ============================================================
2026-09-14 12:37:24,703 [INFO] MSGKO Scraper v4 — 2026-09-14 12:37:24
2026-09-14 12:37:24,703 [INFO] Kanal [7]: Pandora 4 (serverType=11) — DESC (pahalı→ucuz)
2026-09-14 12:37:25,201 [INFO] Token alindi: eyJzaWQiOiJjZTAwMDY3...
2026-09-14 12:37:25,202 [INFO] [Pandora 4] Baglanti testi...
2026-09-14 12:37:25,374 [WARNING] Sayfa 1: HTTP 429
2026-09-14 12:37:25,374 [INFO] 60sn bekleniyor...
2026-09-14 12:38:25,510 [INFO] Token yenilendi: eyJzaWQiOiJjZTAwMDY3...
2026-09-14 12:38:25,620 [WARNING] Sayfa 1: HTTP 429
2026-09-14 12:38:25,620 [INFO] 120sn bekleniyor...
2026-09-14 12:40:25,884 [INFO] Token yenilendi: eyJzaWQiOiJjZTAwMDY3...
2026-09-14 12:40:25,990 [WARNING] Sayfa 1: HTTP 429
2026-09-14 12:40:25,990 [WARNING] Site engelliyor — run atlaniyor
2026-09-14 12:43:24,724 [INFO] ============================================================
2026-09-14 12:43:24,724 [INFO] MSGKO Scraper v4 — 2026-09-14 12:43:24
2026-09-14 12:43:24,725 [INFO] Kanal [8]: Destan 2 (serverType=4) — ASC (ucuz→pahalı)
2026-09-14 12:43:26,025 [INFO] Token alindi: eyJzaWQiOiI5ZjBiYzkw...
2026-09-14 12:43:26,025 [INFO] [Destan 2] Baglanti testi...
2026-09-14 12:43:26,155 [WARNING] Sayfa 1: HTTP 429
2026-09-14 12:43:26,155 [INFO] 60sn bekleniyor...
2026-09-14 12:44:26,286 [INFO] Token yenilendi: eyJzaWQiOiI5ZjBiYzkw...
2026-09-14 12:44:26,391 [WARNING] Sayfa 1: HTTP 429
2026-09-14 12:44:26,391 [INFO] 120sn bekleniyor...
2026-09-14 12:46:26,810 [INFO] Token yenilendi: eyJzaWQiOiI5ZjBiYzkw...
2026-09-14 12:46:27,181 [WARNING] Sayfa 1: HTTP 429
2026-09-14 12:46:27,181 [WARNING] Site engelliyor — run atlaniyor
2026-09-14 12:49:24,660 [INFO] ============================================================
2026-09-14 12:49:24,661 [INFO] MSGKO Scraper v4 — 2026-09-14 12:49:24
2026-09-14 12:49:24,661 [INFO] Kanal [8]: Destan 2 (serverType=4) — DESC (pahalı→ucuz)
2026-09-14 12:49:26,051 [INFO] Token alindi: eyJzaWQiOiI5OTVmYWIz...
2026-09-14 12:49:26,052 [INFO] [Destan 2] Baglanti testi...
2026-09-14 12:49:26,168 [WARNING] Sayfa 1: HTTP 429
2026-09-14 12:49:26,168 [INFO] 60sn bekleniyor...
2026-09-14 12:50:26,853 [INFO] Token yenilendi: eyJzaWQiOiI5OTVmYWIz...
2026-09-14 12:50:27,424 [WARNING] Sayfa 1: HTTP 429
2026-09-14 12:50:27,424 [INFO] 120sn bekleniyor...
2026-09-14 12:52:27,548 [INFO] Token yenilendi: eyJzaWQiOiI5OTVmYWIz...
2026-09-14 12:52:27,676 [WARNING] Sayfa 1: HTTP 429
2026-09-14 12:52:27,676 [WARNING] Site engelliyor — run atlaniyor
2026-09-14 12:55:24,727 [INFO] ============================================================
2026-09-14 12:55:24,728 [INFO] MSGKO Scraper v4 — 2026-09-14 12:55:24
2026-09-14 12:55:24,728 [INFO] Kanal [9]: Destan 3 (serverType=13) — ASC (ucuz→pahalı)
2026-09-14 12:55:25,358 [INFO] Token alindi: eyJzaWQiOiI5YTZjNDA2...
2026-09-14 12:55:25,359 [INFO] [Destan 3] Baglanti testi...
2026-09-14 12:55:25,824 [INFO] Baglanti OK!
2026-09-14 12:55:25,824 [INFO] [Destan 3] ASC (ucuz→pahalı)
2026-09-14 12:55:25,903 [INFO]   [Destan 3] ASC (ucuz→pahalı) p  1: 192 ilan (toplam=  192, 1s)
2026-09-14 12:55:27,692 [INFO]   [Destan 3] ASC (ucuz→pahalı) p  2: 192 ilan (toplam=  384, 2s)
2026-09-14 12:55:28,482 [INFO]   [Destan 3] ASC (ucuz→pahalı) p  3: 192 ilan (toplam=  576, 3s)
2026-09-14 12:55:29,312 [INFO]   [Destan 3] ASC (ucuz→pahalı) p  4: 192 ilan (toplam=  768, 4s)
2026-09-14 12:55:30,548 [INFO]   [Destan 3] ASC (ucuz→pahalı) p  5: 192 ilan (toplam=  960, 5s)
2026-09-14 12:55:31,369 [INFO]   [Destan 3] ASC (ucuz→pahalı) p  6: 192 ilan (toplam= 1152, 6s)
2026-09-14 12:55:32,351 [INFO]   [Destan 3] ASC (ucuz→pahalı) p  7: 192 ilan (toplam= 1344, 7s)
2026-09-14 12:55:33,906 [INFO]   [Destan 3] ASC (ucuz→pahalı) p  8: 192 ilan (toplam= 1536, 9s)
2026-09-14 12:55:35,143 [INFO]   [Destan 3] ASC (ucuz→pahalı) p  9: 192 ilan (toplam= 1728, 10s)
2026-09-14 12:55:35,969 [INFO]   [Destan 3] ASC (ucuz→pahalı) p 10: 192 ilan (toplam= 1920, 11s)
2026-09-14 12:55:37,692 [INFO]   [Destan 3] ASC (ucuz→pahalı) p 11: 192 ilan (toplam= 2112, 12s)
2026-09-14 12:55:38,514 [INFO]   [Destan 3] ASC (ucuz→pahalı) p 12: 192 ilan (toplam= 2304, 13s)
2026-09-14 12:55:40,155 [INFO]   [Destan 3] ASC (ucuz→pahalı) p 13: 192 ilan (toplam= 2496, 15s)
2026-09-14 12:55:40,954 [INFO]   [Destan 3] ASC (ucuz→pahalı) p 14: 192 ilan (toplam= 2688, 16s)
2026-09-14 12:55:41,737 [INFO]   [Destan 3] ASC (ucuz→pahalı) p 15: 192 ilan (toplam= 2880, 17s)
2026-09-14 12:55:42,551 [INFO]   [Destan 3] ASC (ucuz→pahalı) p 16: 192 ilan (toplam= 3072, 17s)
2026-09-14 12:55:43,309 [INFO]   [Destan 3] ASC (ucuz→pahalı) p 17: 192 ilan (toplam= 3264, 18s)
2026-09-14 12:55:45,064 [INFO]   [Destan 3] ASC (ucuz→pahalı) p 18: 192 ilan (toplam= 3456, 20s)
2026-09-14 12:55:45,844 [INFO]   [Destan 3] ASC (ucuz→pahalı) p 19: 192 ilan (toplam= 3648, 21s)
2026-09-14 12:55:46,588 [INFO]   [Destan 3] ASC (ucuz→pahalı) p 20: 192 ilan (toplam= 3840, 21s)
2026-09-14 12:55:48,345 [INFO]   [Destan 3] ASC (ucuz→pahalı) p 21: 192 ilan (toplam= 4032, 23s)
2026-09-14 12:55:49,131 [INFO]   [Destan 3] ASC (ucuz→pahalı) p 22: 192 ilan (toplam= 4224, 24s)
2026-09-14 12:55:49,933 [INFO]   [Destan 3] ASC (ucuz→pahalı) p 23: 192 ilan (toplam= 4416, 25s)
2026-09-14 12:55:50,787 [INFO]   [Destan 3] ASC (ucuz→pahalı) p 24: 192 ilan (toplam= 4608, 26s)
2026-09-14 12:55:51,535 [INFO]   [Destan 3] ASC (ucuz→pahalı) p 25: 192 ilan (toplam= 4800, 26s)
2026-09-14 12:55:52,317 [INFO]   [Destan 3] ASC (ucuz→pahalı) p 26: 192 ilan (toplam= 4992, 27s)
2026-09-14 12:55:53,101 [INFO]   [Destan 3] ASC (ucuz→pahalı) p 27: 192 ilan (toplam= 5184, 28s)
2026-09-14 12:55:54,712 [INFO]   [Destan 3] ASC (ucuz→pahalı) p 28: 192 ilan (toplam= 5376, 29s)
2026-09-14 12:55:56,176 [INFO]   [Destan 3] ASC (ucuz→pahalı) p 29: 192 ilan (toplam= 5568, 31s)
2026-09-14 12:55:57,892 [INFO]   [Destan 3] ASC (ucuz→pahalı) p 30: 192 ilan (toplam= 5760, 33s)
2026-09-14 12:55:58,517 [WARNING]   [Destan 3] ASC (ucuz→pahalı) p31 → 429, 60sn bekle
2026-09-14 12:56:59,614 [INFO] Token yenilendi: eyJzaWQiOiI5YTZjNDA2...
2026-09-14 12:56:59,760 [WARNING]   [Destan 3] p31 → 429 — 60sn bekleniyor
2026-09-14 12:57:59,957 [INFO] Token yenilendi: eyJzaWQiOiI5YTZjNDA2...
2026-09-14 12:58:00,110 [WARNING]   [Destan 3] p31 → 429 — 120sn bekleniyor
2026-09-14 13:00:00,274 [INFO] Token yenilendi: eyJzaWQiOiI5YTZjNDA2...
2026-09-14 13:00:01,550 [WARNING]   [Destan 3] p31 → 429 — 180sn bekleniyor
2026-09-14 13:03:01,726 [INFO] Token yenilendi: eyJzaWQiOiI5YTZjNDA2...
2026-09-14 13:03:01,726 [WARNING]   [Destan 3] ASC (ucuz→pahalı) sayfa 31 alinamadi — bitti
2026-09-14 13:03:01,726 [INFO]   [Destan 3] ASC (ucuz→pahalı) bitti: 5760 ilan
2026-09-14 13:03:01,726 [INFO] [Destan 3] TOPLAM: 5760 ilan
2026-09-14 13:03:13,250 [INFO] [destan3] 5760 ilan yazildi (11218ms)
2026-09-14 13:03:13,250 [INFO] Tamamlandi — 468sn
2026-09-14 13:03:13,250 [INFO] ============================================================
2026-09-14 13:04:24,707 [INFO] ============================================================
2026-09-14 13:04:24,707 [INFO] MSGKO Scraper v4 — 2026-09-14 13:04:24
2026-09-14 13:04:24,708 [INFO] Kanal [9]: Destan 3 (serverType=13) — DESC (pahalı→ucuz)
2026-09-14 13:04:25,751 [INFO] Token alindi: eyJzaWQiOiJkMmE2NmM1...
2026-09-14 13:04:25,751 [INFO] [Destan 3] Baglanti testi...
2026-09-14 13:04:25,864 [WARNING] Sayfa 1: HTTP 429
2026-09-14 13:04:25,864 [INFO] 60sn bekleniyor...
2026-09-14 13:05:25,992 [INFO] Token yenilendi: eyJzaWQiOiJkMmE2NmM1...
2026-09-14 13:05:26,116 [WARNING] Sayfa 1: HTTP 429
2026-09-14 13:05:26,116 [INFO] 120sn bekleniyor...
2026-09-14 13:07:26,708 [INFO] Token yenilendi: eyJzaWQiOiJkMmE2NmM1...
2026-09-14 13:07:26,826 [WARNING] Sayfa 1: HTTP 429
2026-09-14 13:07:26,826 [WARNING] Site engelliyor — run atlaniyor
2026-09-14 13:10:24,664 [INFO] ============================================================
2026-09-14 13:10:24,664 [INFO] MSGKO Scraper v4 — 2026-09-14 13:10:24
2026-09-14 13:10:24,664 [INFO] Kanal [0]: Zero 3 (serverType=0) — ASC (ucuz→pahalı)
2026-09-14 13:10:25,162 [INFO] Token alindi: eyJzaWQiOiIzMzg2NDk2...
2026-09-14 13:10:25,162 [INFO] [Zero 3] Baglanti testi...
2026-09-14 13:10:25,289 [WARNING] Sayfa 1: HTTP 429
2026-09-14 13:10:25,289 [INFO] 60sn bekleniyor...
2026-09-14 13:11:25,428 [INFO] Token yenilendi: eyJzaWQiOiIzMzg2NDk2...
2026-09-14 13:11:25,549 [WARNING] Sayfa 1: HTTP 429
2026-09-14 13:11:25,549 [INFO] 120sn bekleniyor...
2026-09-14 13:13:25,685 [INFO] Token yenilendi: eyJzaWQiOiIzMzg2NDk2...
2026-09-14 13:13:25,813 [WARNING] Sayfa 1: HTTP 429
2026-09-14 13:13:25,813 [WARNING] Site engelliyor — run atlaniyor
2026-09-14 13:16:24,696 [INFO] ============================================================
2026-09-14 13:16:24,696 [INFO] MSGKO Scraper v4 — 2026-09-14 13:16:24
2026-09-14 13:16:24,696 [INFO] Kanal [0]: Zero 3 (serverType=0) — DESC (pahalı→ucuz)
2026-09-14 13:16:25,699 [INFO] Token alindi: eyJzaWQiOiIyNTE0YjA4...
2026-09-14 13:16:25,700 [INFO] [Zero 3] Baglanti testi...
2026-09-14 13:16:25,828 [WARNING] Sayfa 1: HTTP 429
2026-09-14 13:16:25,828 [INFO] 60sn bekleniyor...
2026-09-14 13:17:26,091 [INFO] Token yenilendi: eyJzaWQiOiIyNTE0YjA4...
2026-09-14 13:17:26,206 [WARNING] Sayfa 1: HTTP 429
2026-09-14 13:17:26,206 [INFO] 120sn bekleniyor...
2026-09-14 13:19:26,351 [INFO] Token yenilendi: eyJzaWQiOiIyNTE0YjA4...
2026-09-14 13:19:26,460 [WARNING] Sayfa 1: HTTP 429
2026-09-14 13:19:26,460 [WARNING] Site engelliyor — run atlaniyor
2026-09-14 13:22:24,668 [INFO] ============================================================
2026-09-14 13:22:24,668 [INFO] MSGKO Scraper v4 — 2026-09-14 13:22:24
2026-09-14 13:22:24,669 [INFO] Kanal [1]: Zero 4 (serverType=5) — ASC (ucuz→pahalı)
2026-09-14 13:22:25,215 [INFO] Token alindi: eyJzaWQiOiIwMzJjOWU3...
2026-09-14 13:22:25,215 [INFO] [Zero 4] Baglanti testi...
2026-09-14 13:22:25,347 [WARNING] Sayfa 1: HTTP 429
2026-09-14 13:22:25,347 [INFO] 60sn bekleniyor...
2026-09-14 13:23:25,476 [INFO] Token yenilendi: eyJzaWQiOiIwMzJjOWU3...
2026-09-14 13:23:25,609 [WARNING] Sayfa 1: HTTP 429
2026-09-14 13:23:25,609 [INFO] 120sn bekleniyor...
2026-09-14 13:25:25,733 [INFO] Token yenilendi: eyJzaWQiOiIwMzJjOWU3...
2026-09-14 13:25:25,855 [WARNING] Sayfa 1: HTTP 429
2026-09-14 13:25:25,855 [WARNING] Site engelliyor — run atlaniyor
2026-09-14 13:28:24,670 [INFO] ============================================================
2026-09-14 13:28:24,670 [INFO] MSGKO Scraper v4 — 2026-09-14 13:28:24
2026-09-14 13:28:24,670 [INFO] Kanal [1]: Zero 4 (serverType=5) — DESC (pahalı→ucuz)
2026-09-14 13:28:25,154 [INFO] Token alindi: eyJzaWQiOiJiMzY2NTk2...
2026-09-14 13:28:25,155 [INFO] [Zero 4] Baglanti testi...
2026-09-14 13:28:25,508 [INFO] Baglanti OK!
2026-09-14 13:28:25,508 [INFO] [Zero 4] DESC (pahalı→ucuz)
2026-09-14 13:28:26,421 [INFO]   [Zero 4] DESC (pahalı→ucuz) p  1: 192 ilan (toplam=  192, 1s)
2026-09-14 13:28:27,162 [INFO]   [Zero 4] DESC (pahalı→ucuz) p  2: 192 ilan (toplam=  384, 2s)
2026-09-14 13:28:27,970 [INFO]   [Zero 4] DESC (pahalı→ucuz) p  3: 192 ilan (toplam=  576, 3s)
2026-09-14 13:28:28,765 [INFO]   [Zero 4] DESC (pahalı→ucuz) p  4: 192 ilan (toplam=  768, 4s)
2026-09-14 13:28:29,526 [INFO]   [Zero 4] DESC (pahalı→ucuz) p  5: 192 ilan (toplam=  960, 4s)
2026-09-14 13:28:30,782 [INFO]   [Zero 4] DESC (pahalı→ucuz) p  6: 192 ilan (toplam= 1152, 6s)
2026-09-14 13:28:31,515 [INFO]   [Zero 4] DESC (pahalı→ucuz) p  7: 192 ilan (toplam= 1344, 6s)
2026-09-14 13:28:32,268 [INFO]   [Zero 4] DESC (pahalı→ucuz) p  8: 192 ilan (toplam= 1536, 7s)
2026-09-14 13:28:33,658 [INFO]   [Zero 4] DESC (pahalı→ucuz) p  9: 192 ilan (toplam= 1728, 8s)
2026-09-14 13:28:34,455 [INFO]   [Zero 4] DESC (pahalı→ucuz) p 10: 192 ilan (toplam= 1920, 9s)
2026-09-14 13:28:36,053 [INFO]   [Zero 4] DESC (pahalı→ucuz) p 11: 192 ilan (toplam= 2112, 11s)
2026-09-14 13:28:36,816 [INFO]   [Zero 4] DESC (pahalı→ucuz) p 12: 192 ilan (toplam= 2304, 12s)
2026-09-14 13:28:37,540 [INFO]   [Zero 4] DESC (pahalı→ucuz) p 13: 192 ilan (toplam= 2496, 12s)
2026-09-14 13:28:39,472 [INFO]   [Zero 4] DESC (pahalı→ucuz) p 14: 192 ilan (toplam= 2688, 14s)
2026-09-14 13:28:41,212 [INFO]   [Zero 4] DESC (pahalı→ucuz) p 15: 192 ilan (toplam= 2880, 16s)
2026-09-14 13:28:42,005 [INFO]   [Zero 4] DESC (pahalı→ucuz) p 16: 192 ilan (toplam= 3072, 17s)
2026-09-14 13:28:43,746 [INFO]   [Zero 4] DESC (pahalı→ucuz) p 17: 192 ilan (toplam= 3264, 19s)
2026-09-14 13:28:44,544 [INFO]   [Zero 4] DESC (pahalı→ucuz) p 18: 192 ilan (toplam= 3456, 19s)
2026-09-14 13:28:45,840 [INFO]   [Zero 4] DESC (pahalı→ucuz) p 19: 192 ilan (toplam= 3648, 21s)
2026-09-14 13:28:47,598 [INFO]   [Zero 4] DESC (pahalı→ucuz) p 20: 192 ilan (toplam= 3840, 22s)
2026-09-14 13:28:48,352 [INFO]   [Zero 4] DESC (pahalı→ucuz) p 21: 192 ilan (toplam= 4032, 23s)
2026-09-14 13:28:50,090 [INFO]   [Zero 4] DESC (pahalı→ucuz) p 22: 192 ilan (toplam= 4224, 25s)
2026-09-14 13:28:51,796 [INFO]   [Zero 4] DESC (pahalı→ucuz) p 23: 192 ilan (toplam= 4416, 27s)
2026-09-14 13:28:53,766 [INFO]   [Zero 4] DESC (pahalı→ucuz) p 24: 192 ilan (toplam= 4608, 29s)
2026-09-14 13:28:55,640 [INFO]   [Zero 4] DESC (pahalı→ucuz) p 25: 192 ilan (toplam= 4800, 30s)
2026-09-14 13:28:56,401 [INFO]   [Zero 4] DESC (pahalı→ucuz) p 26: 192 ilan (toplam= 4992, 31s)
2026-09-14 13:28:57,691 [INFO]   [Zero 4] DESC (pahalı→ucuz) p 27: 192 ilan (toplam= 5184, 33s)
2026-09-14 13:28:58,465 [INFO]   [Zero 4] DESC (pahalı→ucuz) p 28: 192 ilan (toplam= 5376, 33s)
2026-09-14 13:28:59,194 [INFO]   [Zero 4] DESC (pahalı→ucuz) p 29: 192 ilan (toplam= 5568, 34s)
2026-09-14 13:29:00,396 [WARNING]   [Zero 4] DESC (pahalı→ucuz) p30 → 429, 60sn bekle
2026-09-14 13:30:00,570 [INFO] Token yenilendi: eyJzaWQiOiJiMzY2NTk2...
2026-09-14 13:30:00,694 [WARNING]   [Zero 4] p30 → 429 — 60sn bekleniyor
2026-09-14 13:31:01,433 [INFO] Token yenilendi: eyJzaWQiOiJiMzY2NTk2...
2026-09-14 13:31:01,560 [WARNING]   [Zero 4] p30 → 429 — 120sn bekleniyor
2026-09-14 13:33:01,670 [INFO] Token yenilendi: eyJzaWQiOiJiMzY2NTk2...
2026-09-14 13:33:01,790 [WARNING]   [Zero 4] p30 → 429 — 180sn bekleniyor
2026-09-14 13:36:01,947 [INFO] Token yenilendi: eyJzaWQiOiJiMzY2NTk2...
2026-09-14 13:36:01,947 [WARNING]   [Zero 4] DESC (pahalı→ucuz) sayfa 30 alinamadi — bitti
2026-09-14 13:36:01,947 [INFO]   [Zero 4] DESC (pahalı→ucuz) bitti: 5568 ilan
2026-09-14 13:36:01,947 [INFO] [Zero 4] TOPLAM: 5568 ilan
2026-09-14 13:36:13,595 [INFO] [zero4] 5568 ilan yazildi (11352ms)
2026-09-14 13:36:13,595 [INFO] Tamamlandi — 468sn
2026-09-14 13:36:13,595 [INFO] ============================================================
2026-09-14 13:37:24,668 [INFO] ============================================================
2026-09-14 13:37:24,668 [INFO] MSGKO Scraper v4 — 2026-09-14 13:37:24
2026-09-14 13:37:24,668 [INFO] Kanal [2]: Zero 5 (serverType=8) — ASC (ucuz→pahalı)
2026-09-14 13:37:25,161 [INFO] Token alindi: eyJzaWQiOiI1YjM3ZmU3...
2026-09-14 13:37:25,161 [INFO] [Zero 5] Baglanti testi...
2026-09-14 13:37:25,279 [WARNING] Sayfa 1: HTTP 429
2026-09-14 13:37:25,279 [INFO] 60sn bekleniyor...
2026-09-14 13:38:25,406 [INFO] Token yenilendi: eyJzaWQiOiI1YjM3ZmU3...
2026-09-14 13:38:25,523 [WARNING] Sayfa 1: HTTP 429
2026-09-14 13:38:25,523 [INFO] 120sn bekleniyor...
2026-09-14 13:40:25,642 [INFO] Token yenilendi: eyJzaWQiOiI1YjM3ZmU3...
2026-09-14 13:40:26,763 [WARNING] Sayfa 1: HTTP 429
2026-09-14 13:40:26,763 [WARNING] Site engelliyor — run atlaniyor
2026-09-14 13:43:24,668 [INFO] ============================================================
2026-09-14 13:43:24,668 [INFO] MSGKO Scraper v4 — 2026-09-14 13:43:24
2026-09-14 13:43:24,668 [INFO] Kanal [2]: Zero 5 (serverType=8) — DESC (pahalı→ucuz)
2026-09-14 13:43:25,868 [INFO] Token alindi: eyJzaWQiOiIwNzBlZDc3...
2026-09-14 13:43:25,868 [INFO] [Zero 5] Baglanti testi...
2026-09-14 13:43:25,977 [WARNING] Sayfa 1: HTTP 429
2026-09-14 13:43:25,977 [INFO] 60sn bekleniyor...
2026-09-14 13:44:26,814 [INFO] Token yenilendi: eyJzaWQiOiIwNzBlZDc3...
2026-09-14 13:44:26,955 [WARNING] Sayfa 1: HTTP 429
2026-09-14 13:44:26,955 [INFO] 120sn bekleniyor...
2026-09-14 13:46:27,084 [INFO] Token yenilendi: eyJzaWQiOiIwNzBlZDc3...
2026-09-14 13:46:27,192 [WARNING] Sayfa 1: HTTP 429
2026-09-14 13:46:27,192 [WARNING] Site engelliyor — run atlaniyor
2026-09-14 13:49:24,669 [INFO] ============================================================
2026-09-14 13:49:24,669 [INFO] MSGKO Scraper v4 — 2026-09-14 13:49:24
2026-09-14 13:49:24,670 [INFO] Kanal [3]: Zero 8 (serverType=15) — ASC (ucuz→pahalı)
2026-09-14 13:49:25,168 [INFO] Token alindi: eyJzaWQiOiI5ODFmMDBl...
2026-09-14 13:49:25,168 [INFO] [Zero 8] Baglanti testi...
2026-09-14 13:49:25,291 [WARNING] Sayfa 1: HTTP 429
2026-09-14 13:49:25,291 [INFO] 60sn bekleniyor...
2026-09-14 13:50:26,316 [INFO] Token yenilendi: eyJzaWQiOiI5ODFmMDBl...
2026-09-14 13:50:26,425 [WARNING] Sayfa 1: HTTP 429
2026-09-14 13:50:26,425 [INFO] 120sn bekleniyor...
2026-09-14 13:52:26,558 [INFO] Token yenilendi: eyJzaWQiOiI5ODFmMDBl...
2026-09-14 13:52:26,670 [WARNING] Sayfa 1: HTTP 429
2026-09-14 13:52:26,670 [WARNING] Site engelliyor — run atlaniyor
2026-09-14 13:55:24,670 [INFO] ============================================================
2026-09-14 13:55:24,671 [INFO] MSGKO Scraper v4 — 2026-09-14 13:55:24
2026-09-14 13:55:24,671 [INFO] Kanal [3]: Zero 8 (serverType=15) — DESC (pahalı→ucuz)
2026-09-14 13:55:25,165 [INFO] Token alindi: eyJzaWQiOiIwYmRlM2Zi...
2026-09-14 13:55:25,165 [INFO] [Zero 8] Baglanti testi...
2026-09-14 13:55:25,281 [WARNING] Sayfa 1: HTTP 429
2026-09-14 13:55:25,282 [INFO] 60sn bekleniyor...
2026-09-14 13:56:26,242 [INFO] Token yenilendi: eyJzaWQiOiIwYmRlM2Zi...
2026-09-14 13:56:26,343 [WARNING] Sayfa 1: HTTP 429
2026-09-14 13:56:26,343 [INFO] 120sn bekleniyor...
2026-09-14 13:58:26,460 [INFO] Token yenilendi: eyJzaWQiOiIwYmRlM2Zi...
2026-09-14 13:58:26,560 [WARNING] Sayfa 1: HTTP 429
2026-09-14 13:58:26,560 [WARNING] Site engelliyor — run atlaniyor
2026-09-14 14:01:24,671 [INFO] ============================================================
2026-09-14 14:01:24,671 [INFO] MSGKO Scraper v4 — 2026-09-14 14:01:24
2026-09-14 14:01:24,671 [INFO] Kanal [4]: Agartha 3 (serverType=1) — ASC (ucuz→pahalı)
2026-09-14 14:01:25,130 [INFO] Token alindi: eyJzaWQiOiI2MzJmOGI2...
2026-09-14 14:01:25,130 [INFO] [Agartha 3] Baglanti testi...
2026-09-14 14:01:25,340 [INFO] Baglanti OK!
2026-09-14 14:01:25,340 [INFO] [Agartha 3] ASC (ucuz→pahalı)
2026-09-14 14:01:25,416 [INFO]   [Agartha 3] ASC (ucuz→pahalı) p  1: 192 ilan (toplam=  192, 0s)
2026-09-14 14:01:27,141 [INFO]   [Agartha 3] ASC (ucuz→pahalı) p  2: 192 ilan (toplam=  384, 2s)
2026-09-14 14:01:28,936 [INFO]   [Agartha 3] ASC (ucuz→pahalı) p  3: 192 ilan (toplam=  576, 4s)
2026-09-14 14:01:30,442 [INFO]   [Agartha 3] ASC (ucuz→pahalı) p  4: 192 ilan (toplam=  768, 5s)
2026-09-14 14:01:31,301 [INFO]   [Agartha 3] ASC (ucuz→pahalı) p  5: 192 ilan (toplam=  960, 6s)
2026-09-14 14:01:33,051 [INFO]   [Agartha 3] ASC (ucuz→pahalı) p  6: 192 ilan (toplam= 1152, 8s)
2026-09-14 14:01:34,241 [INFO]   [Agartha 3] ASC (ucuz→pahalı) p  7: 192 ilan (toplam= 1344, 9s)
2026-09-14 14:01:35,017 [INFO]   [Agartha 3] ASC (ucuz→pahalı) p  8: 192 ilan (toplam= 1536, 10s)
2026-09-14 14:01:35,778 [INFO]   [Agartha 3] ASC (ucuz→pahalı) p  9: 192 ilan (toplam= 1728, 11s)
2026-09-14 14:01:36,522 [INFO]   [Agartha 3] ASC (ucuz→pahalı) p 10: 192 ilan (toplam= 1920, 11s)
2026-09-14 14:01:37,269 [INFO]   [Agartha 3] ASC (ucuz→pahalı) p 11: 192 ilan (toplam= 2112, 12s)
2026-09-14 14:01:38,056 [INFO]   [Agartha 3] ASC (ucuz→pahalı) p 12: 192 ilan (toplam= 2304, 13s)
2026-09-14 14:01:39,469 [INFO]   [Agartha 3] ASC (ucuz→pahalı) p 13: 192 ilan (toplam= 2496, 14s)
2026-09-14 14:01:40,199 [INFO]   [Agartha 3] ASC (ucuz→pahalı) p 14: 192 ilan (toplam= 2688, 15s)
2026-09-14 14:01:41,740 [INFO]   [Agartha 3] ASC (ucuz→pahalı) p 15: 192 ilan (toplam= 2880, 17s)
2026-09-14 14:01:42,473 [INFO]   [Agartha 3] ASC (ucuz→pahalı) p 16: 192 ilan (toplam= 3072, 17s)
2026-09-14 14:01:43,246 [INFO]   [Agartha 3] ASC (ucuz→pahalı) p 17: 192 ilan (toplam= 3264, 18s)
2026-09-14 14:01:44,047 [INFO]   [Agartha 3] ASC (ucuz→pahalı) p 18: 192 ilan (toplam= 3456, 19s)
2026-09-14 14:01:44,833 [INFO]   [Agartha 3] ASC (ucuz→pahalı) p 19: 192 ilan (toplam= 3648, 20s)
2026-09-14 14:01:45,577 [INFO]   [Agartha 3] ASC (ucuz→pahalı) p 20: 192 ilan (toplam= 3840, 20s)
2026-09-14 14:01:47,294 [INFO]   [Agartha 3] ASC (ucuz→pahalı) p 21: 192 ilan (toplam= 4032, 22s)
2026-09-14 14:01:48,017 [INFO]   [Agartha 3] ASC (ucuz→pahalı) p 22: 192 ilan (toplam= 4224, 23s)
2026-09-14 14:01:48,747 [INFO]   [Agartha 3] ASC (ucuz→pahalı) p 23: 192 ilan (toplam= 4416, 24s)
2026-09-14 14:01:49,522 [INFO]   [Agartha 3] ASC (ucuz→pahalı) p 24: 192 ilan (toplam= 4608, 24s)
2026-09-14 14:01:50,359 [INFO]   [Agartha 3] ASC (ucuz→pahalı) p 25: 192 ilan (toplam= 4800, 25s)
2026-09-14 14:01:51,240 [INFO]   [Agartha 3] ASC (ucuz→pahalı) p 26: 192 ilan (toplam= 4992, 26s)
2026-09-14 14:01:52,063 [INFO]   [Agartha 3] ASC (ucuz→pahalı) p 27: 192 ilan (toplam= 5184, 27s)
2026-09-14 14:01:53,200 [INFO]   [Agartha 3] ASC (ucuz→pahalı) p 28: 192 ilan (toplam= 5376, 28s)
2026-09-14 14:01:53,933 [INFO]   [Agartha 3] ASC (ucuz→pahalı) p 29: 192 ilan (toplam= 5568, 29s)
2026-09-14 14:01:54,681 [INFO]   [Agartha 3] ASC (ucuz→pahalı) p 30: 192 ilan (toplam= 5760, 30s)
2026-09-14 14:01:55,301 [WARNING]   [Agartha 3] ASC (ucuz→pahalı) p31 → 429, 60sn bekle
2026-09-14 14:02:55,431 [INFO] Token yenilendi: eyJzaWQiOiI2MzJmOGI2...
2026-09-14 14:02:55,539 [WARNING]   [Agartha 3] p31 → 429 — 60sn bekleniyor
2026-09-14 14:03:55,653 [INFO] Token yenilendi: eyJzaWQiOiI2MzJmOGI2...
2026-09-14 14:03:55,751 [WARNING]   [Agartha 3] p31 → 429 — 120sn bekleniyor
2026-09-14 14:05:55,885 [INFO] Token yenilendi: eyJzaWQiOiI2MzJmOGI2...
2026-09-14 14:05:55,997 [WARNING]   [Agartha 3] p31 → 429 — 180sn bekleniyor
2026-09-14 14:08:56,122 [INFO] Token yenilendi: eyJzaWQiOiI2MzJmOGI2...
2026-09-14 14:08:56,122 [WARNING]   [Agartha 3] ASC (ucuz→pahalı) sayfa 31 alinamadi — bitti
2026-09-14 14:08:56,122 [INFO]   [Agartha 3] ASC (ucuz→pahalı) bitti: 5760 ilan
2026-09-14 14:08:56,122 [INFO] [Agartha 3] TOPLAM: 5760 ilan
2026-09-14 14:09:09,224 [INFO] [agartha3] 5760 ilan yazildi (12794ms)
2026-09-14 14:09:09,224 [INFO] Tamamlandi — 464sn
2026-09-14 14:09:09,224 [INFO] ============================================================
2026-09-14 14:10:24,672 [INFO] ============================================================
2026-09-14 14:10:24,672 [INFO] MSGKO Scraper v4 — 2026-09-14 14:10:24
2026-09-14 14:10:24,672 [INFO] Kanal [4]: Agartha 3 (serverType=1) — DESC (pahalı→ucuz)
2026-09-14 14:10:25,184 [INFO] Token alindi: eyJzaWQiOiI1M2MzMjU3...
2026-09-14 14:10:25,185 [INFO] [Agartha 3] Baglanti testi...
2026-09-14 14:10:26,364 [WARNING] Sayfa 1: HTTP 429
2026-09-14 14:10:26,364 [INFO] 60sn bekleniyor...
2026-09-14 14:11:26,525 [INFO] Token yenilendi: eyJzaWQiOiI1M2MzMjU3...
2026-09-14 14:11:27,758 [WARNING] Sayfa 1: HTTP 429
2026-09-14 14:11:27,758 [INFO] 120sn bekleniyor...
2026-09-14 14:13:27,936 [INFO] Token yenilendi: eyJzaWQiOiI1M2MzMjU3...
2026-09-14 14:13:28,087 [WARNING] Sayfa 1: HTTP 429
2026-09-14 14:13:28,087 [WARNING] Site engelliyor — run atlaniyor
2026-09-14 14:16:25,733 [INFO] ============================================================
2026-09-14 14:16:25,734 [INFO] MSGKO Scraper v4 — 2026-09-14 14:16:25
2026-09-14 14:16:25,734 [INFO] Kanal [5]: Agartha 4 (serverType=12) — ASC (ucuz→pahalı)
2026-09-14 14:16:26,178 [INFO] Token alindi: eyJzaWQiOiJhYzFlZDUx...
2026-09-14 14:16:26,178 [INFO] [Agartha 4] Baglanti testi...
2026-09-14 14:16:26,301 [WARNING] Sayfa 1: HTTP 429
2026-09-14 14:16:26,301 [INFO] 60sn bekleniyor...
2026-09-14 14:17:27,297 [INFO] Token yenilendi: eyJzaWQiOiJhYzFlZDUx...
2026-09-14 14:17:27,438 [WARNING] Sayfa 1: HTTP 429
2026-09-14 14:17:27,439 [INFO] 120sn bekleniyor...
2026-09-14 14:19:27,611 [INFO] Token yenilendi: eyJzaWQiOiJhYzFlZDUx...
2026-09-14 14:19:27,727 [WARNING] Sayfa 1: HTTP 429
2026-09-14 14:19:27,727 [WARNING] Site engelliyor — run atlaniyor
2026-09-14 14:22:24,673 [INFO] ============================================================
2026-09-14 14:22:24,673 [INFO] MSGKO Scraper v4 — 2026-09-14 14:22:24
2026-09-14 14:22:24,674 [INFO] Kanal [5]: Agartha 4 (serverType=12) — DESC (pahalı→ucuz)
2026-09-14 14:22:25,092 [INFO] Token alindi: eyJzaWQiOiJmOTI3NjMz...
2026-09-14 14:22:25,092 [INFO] [Agartha 4] Baglanti testi...
2026-09-14 14:22:25,195 [WARNING] Sayfa 1: HTTP 429
2026-09-14 14:22:25,195 [INFO] 60sn bekleniyor...
2026-09-14 14:23:25,345 [INFO] Token yenilendi: eyJzaWQiOiJmOTI3NjMz...
2026-09-14 14:23:25,453 [WARNING] Sayfa 1: HTTP 429
2026-09-14 14:23:25,453 [INFO] 120sn bekleniyor...
2026-09-14 14:25:25,575 [INFO] Token yenilendi: eyJzaWQiOiJmOTI3NjMz...
2026-09-14 14:25:25,676 [WARNING] Sayfa 1: HTTP 429
2026-09-14 14:25:25,677 [WARNING] Site engelliyor — run atlaniyor
2026-09-14 14:28:24,677 [INFO] ============================================================
2026-09-14 14:28:24,677 [INFO] MSGKO Scraper v4 — 2026-09-14 14:28:24
2026-09-14 14:28:24,677 [INFO] Kanal [6]: Pandora 3 (serverType=2) — ASC (ucuz→pahalı)
2026-09-14 14:28:25,111 [INFO] Token alindi: eyJzaWQiOiIwNTdjYjUz...
2026-09-14 14:28:25,111 [INFO] [Pandora 3] Baglanti testi...
2026-09-14 14:28:25,216 [WARNING] Sayfa 1: HTTP 429
2026-09-14 14:28:25,216 [INFO] 60sn bekleniyor...
2026-09-14 14:29:25,339 [INFO] Token yenilendi: eyJzaWQiOiIwNTdjYjUz...
2026-09-14 14:29:25,454 [WARNING] Sayfa 1: HTTP 429
2026-09-14 14:29:25,454 [INFO] 120sn bekleniyor...
2026-09-14 14:31:25,566 [INFO] Token yenilendi: eyJzaWQiOiIwNTdjYjUz...
2026-09-14 14:31:25,680 [WARNING] Sayfa 1: HTTP 429
2026-09-14 14:31:25,680 [WARNING] Site engelliyor — run atlaniyor
2026-09-14 14:34:24,680 [INFO] ============================================================
2026-09-14 14:34:24,680 [INFO] MSGKO Scraper v4 — 2026-09-14 14:34:24
2026-09-14 14:34:24,680 [INFO] Kanal [6]: Pandora 3 (serverType=2) — DESC (pahalı→ucuz)
2026-09-14 14:34:25,237 [INFO] Token alindi: eyJzaWQiOiI5ODdjOGU5...
2026-09-14 14:34:25,237 [INFO] [Pandora 3] Baglanti testi...
2026-09-14 14:34:26,686 [INFO] Baglanti OK!
2026-09-14 14:34:26,686 [INFO] [Pandora 3] DESC (pahalı→ucuz)
2026-09-14 14:34:27,774 [INFO]   [Pandora 3] DESC (pahalı→ucuz) p  1: 192 ilan (toplam=  192, 3s)
2026-09-14 14:34:29,512 [INFO]   [Pandora 3] DESC (pahalı→ucuz) p  2: 192 ilan (toplam=  384, 4s)
2026-09-14 14:34:30,264 [INFO]   [Pandora 3] DESC (pahalı→ucuz) p  3: 192 ilan (toplam=  576, 5s)
2026-09-14 14:34:31,021 [INFO]   [Pandora 3] DESC (pahalı→ucuz) p  4: 192 ilan (toplam=  768, 6s)
2026-09-14 14:34:31,804 [INFO]   [Pandora 3] DESC (pahalı→ucuz) p  5: 192 ilan (toplam=  960, 7s)
2026-09-14 14:34:32,610 [INFO]   [Pandora 3] DESC (pahalı→ucuz) p  6: 192 ilan (toplam= 1152, 7s)
2026-09-14 14:34:34,406 [INFO]   [Pandora 3] DESC (pahalı→ucuz) p  7: 192 ilan (toplam= 1344, 9s)
2026-09-14 14:34:35,308 [INFO]   [Pandora 3] DESC (pahalı→ucuz) p  8: 192 ilan (toplam= 1536, 10s)
2026-09-14 14:34:36,062 [INFO]   [Pandora 3] DESC (pahalı→ucuz) p  9: 192 ilan (toplam= 1728, 11s)
2026-09-14 14:34:36,821 [INFO]   [Pandora 3] DESC (pahalı→ucuz) p 10: 192 ilan (toplam= 1920, 12s)
2026-09-14 14:34:37,597 [INFO]   [Pandora 3] DESC (pahalı→ucuz) p 11: 192 ilan (toplam= 2112, 12s)
2026-09-14 14:34:38,362 [INFO]   [Pandora 3] DESC (pahalı→ucuz) p 12: 192 ilan (toplam= 2304, 13s)
2026-09-14 14:34:39,121 [INFO]   [Pandora 3] DESC (pahalı→ucuz) p 13: 192 ilan (toplam= 2496, 14s)
2026-09-14 14:34:39,894 [INFO]   [Pandora 3] DESC (pahalı→ucuz) p 14: 192 ilan (toplam= 2688, 15s)
2026-09-14 14:34:40,752 [INFO]   [Pandora 3] DESC (pahalı→ucuz) p 15: 192 ilan (toplam= 2880, 16s)
2026-09-14 14:34:41,505 [INFO]   [Pandora 3] DESC (pahalı→ucuz) p 16: 192 ilan (toplam= 3072, 16s)
2026-09-14 14:34:42,320 [INFO]   [Pandora 3] DESC (pahalı→ucuz) p 17: 192 ilan (toplam= 3264, 17s)
2026-09-14 14:34:43,093 [INFO]   [Pandora 3] DESC (pahalı→ucuz) p 18: 192 ilan (toplam= 3456, 18s)
2026-09-14 14:34:43,848 [INFO]   [Pandora 3] DESC (pahalı→ucuz) p 19: 192 ilan (toplam= 3648, 19s)
2026-09-14 14:34:44,594 [INFO]   [Pandora 3] DESC (pahalı→ucuz) p 20: 192 ilan (toplam= 3840, 19s)
2026-09-14 14:34:45,372 [INFO]   [Pandora 3] DESC (pahalı→ucuz) p 21: 192 ilan (toplam= 4032, 20s)
2026-09-14 14:34:46,222 [INFO]   [Pandora 3] DESC (pahalı→ucuz) p 22: 192 ilan (toplam= 4224, 21s)
2026-09-14 14:34:47,006 [INFO]   [Pandora 3] DESC (pahalı→ucuz) p 23: 192 ilan (toplam= 4416, 22s)
2026-09-14 14:34:47,786 [INFO]   [Pandora 3] DESC (pahalı→ucuz) p 24: 192 ilan (toplam= 4608, 23s)
2026-09-14 14:34:48,573 [INFO]   [Pandora 3] DESC (pahalı→ucuz) p 25: 192 ilan (toplam= 4800, 23s)
2026-09-14 14:34:49,376 [INFO]   [Pandora 3] DESC (pahalı→ucuz) p 26: 192 ilan (toplam= 4992, 24s)
2026-09-14 14:34:50,182 [INFO]   [Pandora 3] DESC (pahalı→ucuz) p 27: 192 ilan (toplam= 5184, 25s)
2026-09-14 14:34:50,970 [INFO]   [Pandora 3] DESC (pahalı→ucuz) p 28: 192 ilan (toplam= 5376, 26s)
2026-09-14 14:34:51,735 [INFO]   [Pandora 3] DESC (pahalı→ucuz) p 29: 192 ilan (toplam= 5568, 27s)
2026-09-14 14:34:52,359 [WARNING]   [Pandora 3] DESC (pahalı→ucuz) p30 → 429, 60sn bekle
2026-09-14 14:35:52,497 [INFO] Token yenilendi: eyJzaWQiOiI5ODdjOGU5...
2026-09-14 14:35:52,626 [WARNING]   [Pandora 3] p30 → 429 — 60sn bekleniyor
2026-09-14 14:36:52,798 [INFO] Token yenilendi: eyJzaWQiOiI5ODdjOGU5...
2026-09-14 14:36:52,913 [WARNING]   [Pandora 3] p30 → 429 — 120sn bekleniyor
2026-09-14 14:38:53,039 [INFO] Token yenilendi: eyJzaWQiOiI5ODdjOGU5...
2026-09-14 14:38:53,170 [WARNING]   [Pandora 3] p30 → 429 — 180sn bekleniyor
2026-09-14 14:41:53,299 [INFO] Token yenilendi: eyJzaWQiOiI5ODdjOGU5...
2026-09-14 14:41:53,299 [WARNING]   [Pandora 3] DESC (pahalı→ucuz) sayfa 30 alinamadi — bitti
2026-09-14 14:41:53,299 [INFO]   [Pandora 3] DESC (pahalı→ucuz) bitti: 5568 ilan
2026-09-14 14:41:53,299 [INFO] [Pandora 3] TOPLAM: 5568 ilan
2026-09-14 14:42:06,466 [INFO] [pandora3] 5568 ilan yazildi (12862ms)
2026-09-14 14:42:06,466 [INFO] Tamamlandi — 461sn
2026-09-14 14:42:06,466 [INFO] ============================================================
2026-09-14 14:43:24,680 [INFO] ============================================================
2026-09-14 14:43:24,680 [INFO] MSGKO Scraper v4 — 2026-09-14 14:43:24
2026-09-14 14:43:24,680 [INFO] Kanal [7]: Pandora 4 (serverType=11) — ASC (ucuz→pahalı)
2026-09-14 14:43:25,264 [INFO] Token alindi: eyJzaWQiOiI1MTRkZjRl...
2026-09-14 14:43:25,264 [INFO] [Pandora 4] Baglanti testi...
2026-09-14 14:43:25,373 [WARNING] Sayfa 1: HTTP 429
2026-09-14 14:43:25,373 [INFO] 60sn bekleniyor...
2026-09-14 14:44:25,509 [INFO] Token yenilendi: eyJzaWQiOiI1MTRkZjRl...
2026-09-14 14:44:25,619 [WARNING] Sayfa 1: HTTP 429
2026-09-14 14:44:25,619 [INFO] 120sn bekleniyor...
2026-09-14 14:46:25,731 [INFO] Token yenilendi: eyJzaWQiOiI1MTRkZjRl...
2026-09-14 14:46:25,836 [WARNING] Sayfa 1: HTTP 429
2026-09-14 14:46:25,837 [WARNING] Site engelliyor — run atlaniyor
2026-09-14 14:49:24,680 [INFO] ============================================================
2026-09-14 14:49:24,680 [INFO] MSGKO Scraper v4 — 2026-09-14 14:49:24
2026-09-14 14:49:24,680 [INFO] Kanal [7]: Pandora 4 (serverType=11) — DESC (pahalı→ucuz)
2026-09-14 14:49:25,098 [INFO] Token alindi: eyJzaWQiOiJmY2JhZGRh...
2026-09-14 14:49:25,098 [INFO] [Pandora 4] Baglanti testi...
2026-09-14 14:49:25,209 [WARNING] Sayfa 1: HTTP 429
2026-09-14 14:49:25,209 [INFO] 60sn bekleniyor...
2026-09-14 14:50:25,328 [INFO] Token yenilendi: eyJzaWQiOiJmY2JhZGRh...
2026-09-14 14:50:25,460 [WARNING] Sayfa 1: HTTP 429
2026-09-14 14:50:25,460 [INFO] 120sn bekleniyor...
2026-09-14 14:52:26,220 [INFO] Token yenilendi: eyJzaWQiOiJmY2JhZGRh...
2026-09-14 14:52:26,330 [WARNING] Sayfa 1: HTTP 429
2026-09-14 14:52:26,330 [WARNING] Site engelliyor — run atlaniyor
2026-09-14 14:55:24,683 [INFO] ============================================================
2026-09-14 14:55:24,683 [INFO] MSGKO Scraper v4 — 2026-09-14 14:55:24
2026-09-14 14:55:24,683 [INFO] Kanal [8]: Destan 2 (serverType=4) — ASC (ucuz→pahalı)
2026-09-14 14:55:25,106 [INFO] Token alindi: eyJzaWQiOiI1ODQzNTFj...
2026-09-14 14:55:25,106 [INFO] [Destan 2] Baglanti testi...
2026-09-14 14:55:25,215 [WARNING] Sayfa 1: HTTP 429
2026-09-14 14:55:25,216 [INFO] 60sn bekleniyor...
2026-09-14 14:56:25,335 [INFO] Token yenilendi: eyJzaWQiOiI1ODQzNTFj...
2026-09-14 14:56:25,439 [WARNING] Sayfa 1: HTTP 429
2026-09-14 14:56:25,439 [INFO] 120sn bekleniyor...
2026-09-14 14:58:25,664 [INFO] Token yenilendi: eyJzaWQiOiI1ODQzNTFj...
2026-09-14 14:58:25,775 [WARNING] Sayfa 1: HTTP 429
2026-09-14 14:58:25,775 [WARNING] Site engelliyor — run atlaniyor
2026-09-14 15:01:24,684 [INFO] ============================================================
2026-09-14 15:01:24,684 [INFO] MSGKO Scraper v4 — 2026-09-14 15:01:24
2026-09-14 15:01:24,685 [INFO] Kanal [8]: Destan 2 (serverType=4) — DESC (pahalı→ucuz)
2026-09-14 15:01:25,504 [INFO] Token alindi: eyJzaWQiOiJkM2VmMTQw...
2026-09-14 15:01:25,504 [INFO] [Destan 2] Baglanti testi...
2026-09-14 15:01:25,636 [WARNING] Sayfa 1: HTTP 429
2026-09-14 15:01:25,636 [INFO] 60sn bekleniyor...
2026-09-14 15:02:26,774 [INFO] Token yenilendi: eyJzaWQiOiJkM2VmMTQw...
2026-09-14 15:02:26,890 [WARNING] Sayfa 1: HTTP 429
2026-09-14 15:02:26,890 [INFO] 120sn bekleniyor...
2026-09-14 15:04:27,022 [INFO] Token yenilendi: eyJzaWQiOiJkM2VmMTQw...
2026-09-14 15:04:27,120 [WARNING] Sayfa 1: HTTP 429
2026-09-14 15:04:27,120 [WARNING] Site engelliyor — run atlaniyor
2026-09-14 15:07:24,683 [INFO] ============================================================
2026-09-14 15:07:24,683 [INFO] MSGKO Scraper v4 — 2026-09-14 15:07:24
2026-09-14 15:07:24,683 [INFO] Kanal [9]: Destan 3 (serverType=13) — ASC (ucuz→pahalı)
2026-09-14 15:07:25,136 [INFO] Token alindi: eyJzaWQiOiI4ZTliZjcw...
2026-09-14 15:07:25,136 [INFO] [Destan 3] Baglanti testi...
2026-09-14 15:07:25,390 [INFO] Baglanti OK!
2026-09-14 15:07:25,390 [INFO] [Destan 3] ASC (ucuz→pahalı)
2026-09-14 15:07:25,465 [INFO]   [Destan 3] ASC (ucuz→pahalı) p  1: 192 ilan (toplam=  192, 0s)
2026-09-14 15:07:26,189 [INFO]   [Destan 3] ASC (ucuz→pahalı) p  2: 192 ilan (toplam=  384, 1s)
2026-09-14 15:07:26,911 [INFO]   [Destan 3] ASC (ucuz→pahalı) p  3: 192 ilan (toplam=  576, 2s)
2026-09-14 15:07:28,625 [INFO]   [Destan 3] ASC (ucuz→pahalı) p  4: 192 ilan (toplam=  768, 3s)
2026-09-14 15:07:29,370 [INFO]   [Destan 3] ASC (ucuz→pahalı) p  5: 192 ilan (toplam=  960, 4s)
2026-09-14 15:07:30,096 [INFO]   [Destan 3] ASC (ucuz→pahalı) p  6: 192 ilan (toplam= 1152, 5s)
2026-09-14 15:07:30,816 [INFO]   [Destan 3] ASC (ucuz→pahalı) p  7: 192 ilan (toplam= 1344, 6s)
2026-09-14 15:07:31,559 [INFO]   [Destan 3] ASC (ucuz→pahalı) p  8: 192 ilan (toplam= 1536, 6s)
2026-09-14 15:07:32,354 [INFO]   [Destan 3] ASC (ucuz→pahalı) p  9: 192 ilan (toplam= 1728, 7s)
2026-09-14 15:07:33,130 [INFO]   [Destan 3] ASC (ucuz→pahalı) p 10: 192 ilan (toplam= 1920, 8s)
2026-09-14 15:07:33,848 [INFO]   [Destan 3] ASC (ucuz→pahalı) p 11: 192 ilan (toplam= 2112, 9s)
2026-09-14 15:07:35,509 [INFO]   [Destan 3] ASC (ucuz→pahalı) p 12: 192 ilan (toplam= 2304, 10s)
2026-09-14 15:07:36,226 [INFO]   [Destan 3] ASC (ucuz→pahalı) p 13: 192 ilan (toplam= 2496, 11s)
2026-09-14 15:07:36,969 [INFO]   [Destan 3] ASC (ucuz→pahalı) p 14: 192 ilan (toplam= 2688, 12s)
2026-09-14 15:07:38,237 [INFO]   [Destan 3] ASC (ucuz→pahalı) p 15: 192 ilan (toplam= 2880, 13s)
2026-09-14 15:07:38,966 [INFO]   [Destan 3] ASC (ucuz→pahalı) p 16: 192 ilan (toplam= 3072, 14s)
2026-09-14 15:07:39,702 [INFO]   [Destan 3] ASC (ucuz→pahalı) p 17: 192 ilan (toplam= 3264, 15s)
2026-09-14 15:07:40,457 [INFO]   [Destan 3] ASC (ucuz→pahalı) p 18: 192 ilan (toplam= 3456, 15s)
2026-09-14 15:07:41,195 [INFO]   [Destan 3] ASC (ucuz→pahalı) p 19: 192 ilan (toplam= 3648, 16s)
2026-09-14 15:07:41,931 [INFO]   [Destan 3] ASC (ucuz→pahalı) p 20: 192 ilan (toplam= 3840, 17s)
2026-09-14 15:07:42,680 [INFO]   [Destan 3] ASC (ucuz→pahalı) p 21: 192 ilan (toplam= 4032, 17s)
2026-09-14 15:07:43,408 [INFO]   [Destan 3] ASC (ucuz→pahalı) p 22: 192 ilan (toplam= 4224, 18s)
2026-09-14 15:07:44,134 [INFO]   [Destan 3] ASC (ucuz→pahalı) p 23: 192 ilan (toplam= 4416, 19s)
2026-09-14 15:07:44,931 [INFO]   [Destan 3] ASC (ucuz→pahalı) p 24: 192 ilan (toplam= 4608, 20s)
2026-09-14 15:07:45,659 [INFO]   [Destan 3] ASC (ucuz→pahalı) p 25: 192 ilan (toplam= 4800, 20s)
2026-09-14 15:07:46,467 [INFO]   [Destan 3] ASC (ucuz→pahalı) p 26: 192 ilan (toplam= 4992, 21s)
2026-09-14 15:07:47,182 [INFO]   [Destan 3] ASC (ucuz→pahalı) p 27: 192 ilan (toplam= 5184, 22s)
2026-09-14 15:07:48,798 [INFO]   [Destan 3] ASC (ucuz→pahalı) p 28: 192 ilan (toplam= 5376, 24s)
2026-09-14 15:07:49,509 [INFO]   [Destan 3] ASC (ucuz→pahalı) p 29: 192 ilan (toplam= 5568, 24s)
2026-09-14 15:07:51,233 [INFO]   [Destan 3] ASC (ucuz→pahalı) p 30: 192 ilan (toplam= 5760, 26s)
2026-09-14 15:07:51,837 [WARNING]   [Destan 3] ASC (ucuz→pahalı) p31 → 429, 60sn bekle
2026-09-14 15:08:52,718 [INFO] Token yenilendi: eyJzaWQiOiI4ZTliZjcw...
2026-09-14 15:08:52,829 [WARNING]   [Destan 3] p31 → 429 — 60sn bekleniyor
2026-09-14 15:09:53,049 [INFO] Token yenilendi: eyJzaWQiOiI4ZTliZjcw...
2026-09-14 15:09:53,160 [WARNING]   [Destan 3] p31 → 429 — 120sn bekleniyor
2026-09-14 15:11:53,274 [INFO] Token yenilendi: eyJzaWQiOiI4ZTliZjcw...
2026-09-14 15:11:53,388 [WARNING]   [Destan 3] p31 → 429 — 180sn bekleniyor
2026-09-14 15:14:53,980 [INFO] Token yenilendi: eyJzaWQiOiI4ZTliZjcw...
2026-09-14 15:14:53,980 [WARNING]   [Destan 3] ASC (ucuz→pahalı) sayfa 31 alinamadi — bitti
2026-09-14 15:14:53,980 [INFO]   [Destan 3] ASC (ucuz→pahalı) bitti: 5760 ilan
2026-09-14 15:14:53,980 [INFO] [Destan 3] TOPLAM: 5760 ilan
2026-09-14 15:15:05,307 [ERROR] INSERT hatasi: 504 {"message":"Gateway Timeout"}
2026-09-14 15:15:12,596 [INFO] [destan3] 5260 ilan yazildi (18342ms)
2026-09-14 15:15:12,596 [INFO] Tamamlandi — 467sn
2026-09-14 15:15:12,596 [INFO] ============================================================
2026-09-14 15:16:24,685 [INFO] ============================================================
2026-09-14 15:16:24,686 [INFO] MSGKO Scraper v4 — 2026-09-14 15:16:24
2026-09-14 15:16:24,686 [INFO] Kanal [9]: Destan 3 (serverType=13) — DESC (pahalı→ucuz)
2026-09-14 15:16:25,168 [INFO] Token alindi: eyJzaWQiOiJhMzkwNTQ5...
2026-09-14 15:16:25,169 [INFO] [Destan 3] Baglanti testi...
2026-09-14 15:16:25,285 [WARNING] Sayfa 1: HTTP 429
2026-09-14 15:16:25,285 [INFO] 60sn bekleniyor...
2026-09-14 15:17:25,395 [INFO] Token yenilendi: eyJzaWQiOiJhMzkwNTQ5...
2026-09-14 15:17:25,506 [WARNING] Sayfa 1: HTTP 429
2026-09-14 15:17:25,506 [INFO] 120sn bekleniyor...
2026-09-14 15:19:26,574 [INFO] Token yenilendi: eyJzaWQiOiJhMzkwNTQ5...
2026-09-14 15:19:26,701 [WARNING] Sayfa 1: HTTP 429
2026-09-14 15:19:26,701 [WARNING] Site engelliyor — run atlaniyor
2026-09-14 15:22:24,695 [INFO] ============================================================
2026-09-14 15:22:24,695 [INFO] MSGKO Scraper v4 — 2026-09-14 15:22:24
2026-09-14 15:22:24,695 [INFO] Kanal [0]: Zero 3 (serverType=0) — ASC (ucuz→pahalı)
2026-09-14 15:22:25,134 [INFO] Token alindi: eyJzaWQiOiI1MTMxNzU0...
2026-09-14 15:22:25,134 [INFO] [Zero 3] Baglanti testi...
2026-09-14 15:22:25,245 [WARNING] Sayfa 1: HTTP 429
2026-09-14 15:22:25,245 [INFO] 60sn bekleniyor...
2026-09-14 15:23:25,386 [INFO] Token yenilendi: eyJzaWQiOiI1MTMxNzU0...
2026-09-14 15:23:25,522 [WARNING] Sayfa 1: HTTP 429
2026-09-14 15:23:25,523 [INFO] 120sn bekleniyor...
2026-09-14 15:25:25,634 [INFO] Token yenilendi: eyJzaWQiOiI1MTMxNzU0...
2026-09-14 15:25:25,744 [WARNING] Sayfa 1: HTTP 429
2026-09-14 15:25:25,744 [WARNING] Site engelliyor — run atlaniyor
2026-09-14 15:28:24,686 [INFO] ============================================================
2026-09-14 15:28:24,687 [INFO] MSGKO Scraper v4 — 2026-09-14 15:28:24
2026-09-14 15:28:24,687 [INFO] Kanal [0]: Zero 3 (serverType=0) — DESC (pahalı→ucuz)
2026-09-14 15:28:25,141 [INFO] Token alindi: eyJzaWQiOiJkNTE3OGY4...
2026-09-14 15:28:25,141 [INFO] [Zero 3] Baglanti testi...
2026-09-14 15:28:25,242 [WARNING] Sayfa 1: HTTP 429
2026-09-14 15:28:25,242 [INFO] 60sn bekleniyor...
2026-09-14 15:29:25,401 [INFO] Token yenilendi: eyJzaWQiOiJkNTE3OGY4...
2026-09-14 15:29:25,507 [WARNING] Sayfa 1: HTTP 429
2026-09-14 15:29:25,507 [INFO] 120sn bekleniyor...
2026-09-14 15:31:25,641 [INFO] Token yenilendi: eyJzaWQiOiJkNTE3OGY4...
2026-09-14 15:31:25,757 [WARNING] Sayfa 1: HTTP 429
2026-09-14 15:31:25,757 [WARNING] Site engelliyor — run atlaniyor
2026-09-14 15:34:24,687 [INFO] ============================================================
2026-09-14 15:34:24,687 [INFO] MSGKO Scraper v4 — 2026-09-14 15:34:24
2026-09-14 15:34:24,688 [INFO] Kanal [1]: Zero 4 (serverType=5) — ASC (ucuz→pahalı)
2026-09-14 15:34:25,232 [INFO] Token alindi: eyJzaWQiOiI5ZmI1MjNm...
2026-09-14 15:34:25,232 [INFO] [Zero 4] Baglanti testi...
2026-09-14 15:34:25,389 [WARNING] Sayfa 1: HTTP 429
2026-09-14 15:34:25,389 [INFO] 60sn bekleniyor...
2026-09-14 15:35:25,597 [INFO] Token yenilendi: eyJzaWQiOiI5ZmI1MjNm...
2026-09-14 15:35:25,711 [WARNING] Sayfa 1: HTTP 429
2026-09-14 15:35:25,711 [INFO] 120sn bekleniyor...
2026-09-14 15:37:25,861 [INFO] Token yenilendi: eyJzaWQiOiI5ZmI1MjNm...
2026-09-14 15:37:25,980 [WARNING] Sayfa 1: HTTP 429
2026-09-14 15:37:25,980 [WARNING] Site engelliyor — run atlaniyor
2026-09-14 15:40:24,689 [INFO] ============================================================
2026-09-14 15:40:24,689 [INFO] MSGKO Scraper v4 — 2026-09-14 15:40:24
2026-09-14 15:40:24,689 [INFO] Kanal [1]: Zero 4 (serverType=5) — DESC (pahalı→ucuz)
2026-09-14 15:40:26,005 [INFO] Token alindi: eyJzaWQiOiI5OWU4YWQz...
2026-09-14 15:40:26,006 [INFO] [Zero 4] Baglanti testi...
2026-09-14 15:40:26,459 [INFO] Baglanti OK!
2026-09-14 15:40:26,459 [INFO] [Zero 4] DESC (pahalı→ucuz)
2026-09-14 15:40:27,716 [INFO]   [Zero 4] DESC (pahalı→ucuz) p  1: 192 ilan (toplam=  192, 3s)
2026-09-14 15:40:28,518 [INFO]   [Zero 4] DESC (pahalı→ucuz) p  2: 192 ilan (toplam=  384, 3s)
2026-09-14 15:40:29,339 [INFO]   [Zero 4] DESC (pahalı→ucuz) p  3: 192 ilan (toplam=  576, 4s)
2026-09-14 15:40:31,011 [INFO]   [Zero 4] DESC (pahalı→ucuz) p  4: 192 ilan (toplam=  768, 6s)
2026-09-14 15:40:31,794 [INFO]   [Zero 4] DESC (pahalı→ucuz) p  5: 192 ilan (toplam=  960, 7s)
2026-09-14 15:40:32,540 [INFO]   [Zero 4] DESC (pahalı→ucuz) p  6: 192 ilan (toplam= 1152, 7s)
2026-09-14 15:40:33,307 [INFO]   [Zero 4] DESC (pahalı→ucuz) p  7: 192 ilan (toplam= 1344, 8s)
2026-09-14 15:40:34,145 [INFO]   [Zero 4] DESC (pahalı→ucuz) p  8: 192 ilan (toplam= 1536, 9s)
2026-09-14 15:40:34,900 [INFO]   [Zero 4] DESC (pahalı→ucuz) p  9: 192 ilan (toplam= 1728, 10s)
2026-09-14 15:40:35,646 [INFO]   [Zero 4] DESC (pahalı→ucuz) p 10: 192 ilan (toplam= 1920, 10s)
2026-09-14 15:40:36,443 [INFO]   [Zero 4] DESC (pahalı→ucuz) p 11: 192 ilan (toplam= 2112, 11s)
2026-09-14 15:40:37,221 [INFO]   [Zero 4] DESC (pahalı→ucuz) p 12: 192 ilan (toplam= 2304, 12s)
2026-09-14 15:40:38,777 [INFO]   [Zero 4] DESC (pahalı→ucuz) p 13: 192 ilan (toplam= 2496, 14s)
2026-09-14 15:40:40,503 [INFO]   [Zero 4] DESC (pahalı→ucuz) p 14: 192 ilan (toplam= 2688, 15s)
2026-09-14 15:40:41,438 [INFO]   [Zero 4] DESC (pahalı→ucuz) p 15: 192 ilan (toplam= 2880, 16s)
2026-09-14 15:40:42,215 [INFO]   [Zero 4] DESC (pahalı→ucuz) p 16: 192 ilan (toplam= 3072, 17s)
2026-09-14 15:40:43,016 [INFO]   [Zero 4] DESC (pahalı→ucuz) p 17: 192 ilan (toplam= 3264, 18s)
2026-09-14 15:40:44,244 [INFO]   [Zero 4] DESC (pahalı→ucuz) p 18: 192 ilan (toplam= 3456, 19s)
2026-09-14 15:40:45,580 [INFO]   [Zero 4] DESC (pahalı→ucuz) p 19: 192 ilan (toplam= 3648, 20s)
2026-09-14 15:40:46,364 [INFO]   [Zero 4] DESC (pahalı→ucuz) p 20: 192 ilan (toplam= 3840, 21s)
2026-09-14 15:40:47,845 [INFO]   [Zero 4] DESC (pahalı→ucuz) p 21: 192 ilan (toplam= 4032, 23s)
2026-09-14 15:40:49,222 [INFO]   [Zero 4] DESC (pahalı→ucuz) p 22: 192 ilan (toplam= 4224, 24s)
2026-09-14 15:40:50,820 [INFO]   [Zero 4] DESC (pahalı→ucuz) p 23: 192 ilan (toplam= 4416, 26s)
2026-09-14 15:40:51,656 [INFO]   [Zero 4] DESC (pahalı→ucuz) p 24: 192 ilan (toplam= 4608, 26s)
2026-09-14 15:40:52,457 [INFO]   [Zero 4] DESC (pahalı→ucuz) p 25: 192 ilan (toplam= 4800, 27s)
2026-09-14 15:40:53,216 [INFO]   [Zero 4] DESC (pahalı→ucuz) p 26: 192 ilan (toplam= 4992, 28s)
2026-09-14 15:40:54,002 [INFO]   [Zero 4] DESC (pahalı→ucuz) p 27: 192 ilan (toplam= 5184, 29s)
2026-09-14 15:40:55,059 [INFO]   [Zero 4] DESC (pahalı→ucuz) p 28: 192 ilan (toplam= 5376, 30s)
2026-09-14 15:40:55,879 [INFO]   [Zero 4] DESC (pahalı→ucuz) p 29: 192 ilan (toplam= 5568, 31s)
2026-09-14 15:40:57,313 [WARNING]   [Zero 4] DESC (pahalı→ucuz) p30 → 429, 60sn bekle
2026-09-14 15:41:57,438 [INFO] Token yenilendi: eyJzaWQiOiI5OWU4YWQz...
2026-09-14 15:41:57,562 [WARNING]   [Zero 4] p30 → 429 — 60sn bekleniyor
2026-09-14 15:42:57,715 [INFO] Token yenilendi: eyJzaWQiOiI5OWU4YWQz...
2026-09-14 15:42:57,827 [WARNING]   [Zero 4] p30 → 429 — 120sn bekleniyor
2026-09-14 15:44:58,200 [INFO] Token yenilendi: eyJzaWQiOiI5OWU4YWQz...
2026-09-14 15:44:58,319 [WARNING]   [Zero 4] p30 → 429 — 180sn bekleniyor
2026-09-14 15:47:59,245 [INFO] Token yenilendi: eyJzaWQiOiI5OWU4YWQz...
2026-09-14 15:47:59,245 [WARNING]   [Zero 4] DESC (pahalı→ucuz) sayfa 30 alinamadi — bitti
2026-09-14 15:47:59,245 [INFO]   [Zero 4] DESC (pahalı→ucuz) bitti: 5568 ilan
2026-09-14 15:47:59,245 [INFO] [Zero 4] TOPLAM: 5568 ilan
2026-09-14 15:48:09,863 [INFO] [zero4] 5568 ilan yazildi (10352ms)
2026-09-14 15:48:09,863 [INFO] Tamamlandi — 465sn
2026-09-14 15:48:09,863 [INFO] ============================================================
2026-09-14 15:49:24,693 [INFO] ============================================================
2026-09-14 15:49:24,693 [INFO] MSGKO Scraper v4 — 2026-09-14 15:49:24
2026-09-14 15:49:24,693 [INFO] Kanal [2]: Zero 5 (serverType=8) — ASC (ucuz→pahalı)
2026-09-14 15:49:25,150 [INFO] Token alindi: eyJzaWQiOiIzZDg1MzQ1...
2026-09-14 15:49:25,151 [INFO] [Zero 5] Baglanti testi...
2026-09-14 15:49:25,278 [WARNING] Sayfa 1: HTTP 429
2026-09-14 15:49:25,278 [INFO] 60sn bekleniyor...
2026-09-14 15:50:25,387 [INFO] Token yenilendi: eyJzaWQiOiIzZDg1MzQ1...
2026-09-14 15:50:26,546 [WARNING] Sayfa 1: HTTP 429
2026-09-14 15:50:26,546 [INFO] 120sn bekleniyor...
2026-09-14 15:52:27,321 [INFO] Token yenilendi: eyJzaWQiOiIzZDg1MzQ1...
2026-09-14 15:52:27,428 [WARNING] Sayfa 1: HTTP 429
2026-09-14 15:52:27,428 [WARNING] Site engelliyor — run atlaniyor
2026-09-14 15:55:24,692 [INFO] ============================================================
2026-09-14 15:55:24,692 [INFO] MSGKO Scraper v4 — 2026-09-14 15:55:24
2026-09-14 15:55:24,692 [INFO] Kanal [2]: Zero 5 (serverType=8) — DESC (pahalı→ucuz)
2026-09-14 15:55:25,706 [INFO] Token alindi: eyJzaWQiOiJkNGJjMDAy...
2026-09-14 15:55:25,707 [INFO] [Zero 5] Baglanti testi...
2026-09-14 15:55:25,866 [WARNING] Sayfa 1: HTTP 429
2026-09-14 15:55:25,866 [INFO] 60sn bekleniyor...
2026-09-14 15:56:25,983 [INFO] Token yenilendi: eyJzaWQiOiJkNGJjMDAy...
2026-09-14 15:56:26,098 [WARNING] Sayfa 1: HTTP 429
2026-09-14 15:56:26,098 [INFO] 120sn bekleniyor...
2026-09-14 15:58:26,206 [INFO] Token yenilendi: eyJzaWQiOiJkNGJjMDAy...
2026-09-14 15:58:26,315 [WARNING] Sayfa 1: HTTP 429
2026-09-14 15:58:26,315 [WARNING] Site engelliyor — run atlaniyor
2026-09-14 16:01:24,694 [INFO] ============================================================
2026-09-14 16:01:24,694 [INFO] MSGKO Scraper v4 — 2026-09-14 16:01:24
2026-09-14 16:01:24,694 [INFO] Kanal [3]: Zero 8 (serverType=15) — ASC (ucuz→pahalı)
2026-09-14 16:01:25,115 [INFO] Token alindi: eyJzaWQiOiI5OTA0ZWFh...
2026-09-14 16:01:25,115 [INFO] [Zero 8] Baglanti testi...
2026-09-14 16:01:25,241 [WARNING] Sayfa 1: HTTP 429
2026-09-14 16:01:25,241 [INFO] 60sn bekleniyor...
2026-09-14 16:02:25,389 [INFO] Token yenilendi: eyJzaWQiOiI5OTA0ZWFh...
2026-09-14 16:02:25,494 [WARNING] Sayfa 1: HTTP 429
2026-09-14 16:02:25,494 [INFO] 120sn bekleniyor...
2026-09-14 16:04:25,603 [INFO] Token yenilendi: eyJzaWQiOiI5OTA0ZWFh...
2026-09-14 16:04:25,703 [WARNING] Sayfa 1: HTTP 429
2026-09-14 16:04:25,703 [WARNING] Site engelliyor — run atlaniyor
2026-09-14 16:07:26,204 [INFO] ============================================================
2026-09-14 16:07:26,216 [INFO] MSGKO Scraper v4 — 2026-09-14 16:07:26
2026-09-14 16:07:26,216 [INFO] Kanal [3]: Zero 8 (serverType=15) — DESC (pahalı→ucuz)
2026-09-14 16:07:26,820 [INFO] Token alindi: eyJzaWQiOiI5OTU4MWFk...
2026-09-14 16:07:26,820 [INFO] [Zero 8] Baglanti testi...
2026-09-14 16:07:26,930 [WARNING] Sayfa 1: HTTP 429
2026-09-14 16:07:26,930 [INFO] 60sn bekleniyor...
2026-09-14 16:08:28,371 [INFO] Token yenilendi: eyJzaWQiOiI5OTU4MWFk...
2026-09-14 16:08:28,507 [WARNING] Sayfa 1: HTTP 429
2026-09-14 16:08:28,507 [INFO] 120sn bekleniyor...
2026-09-14 16:10:28,633 [INFO] Token yenilendi: eyJzaWQiOiI5OTU4MWFk...
2026-09-14 16:10:28,744 [WARNING] Sayfa 1: HTTP 429
2026-09-14 16:10:28,744 [WARNING] Site engelliyor — run atlaniyor
2026-09-14 16:13:24,741 [INFO] ============================================================
2026-09-14 16:13:24,741 [INFO] MSGKO Scraper v4 — 2026-09-14 16:13:24
2026-09-14 16:13:24,742 [INFO] Kanal [4]: Agartha 3 (serverType=1) — ASC (ucuz→pahalı)
2026-09-14 16:13:25,214 [INFO] Token alindi: eyJzaWQiOiJlYzJjNjFl...
2026-09-14 16:13:25,214 [INFO] [Agartha 3] Baglanti testi...
2026-09-14 16:13:25,522 [INFO] Baglanti OK!
2026-09-14 16:13:25,522 [INFO] [Agartha 3] ASC (ucuz→pahalı)
2026-09-14 16:13:25,598 [INFO]   [Agartha 3] ASC (ucuz→pahalı) p  1: 192 ilan (toplam=  192, 0s)
2026-09-14 16:13:27,311 [INFO]   [Agartha 3] ASC (ucuz→pahalı) p  2: 192 ilan (toplam=  384, 2s)
2026-09-14 16:13:28,065 [INFO]   [Agartha 3] ASC (ucuz→pahalı) p  3: 192 ilan (toplam=  576, 3s)
2026-09-14 16:13:28,796 [INFO]   [Agartha 3] ASC (ucuz→pahalı) p  4: 192 ilan (toplam=  768, 4s)
2026-09-14 16:13:29,558 [INFO]   [Agartha 3] ASC (ucuz→pahalı) p  5: 192 ilan (toplam=  960, 4s)
2026-09-14 16:13:30,885 [INFO]   [Agartha 3] ASC (ucuz→pahalı) p  6: 192 ilan (toplam= 1152, 6s)
2026-09-14 16:13:31,627 [INFO]   [Agartha 3] ASC (ucuz→pahalı) p  7: 192 ilan (toplam= 1344, 6s)
2026-09-14 16:13:32,395 [INFO]   [Agartha 3] ASC (ucuz→pahalı) p  8: 192 ilan (toplam= 1536, 7s)
2026-09-14 16:13:33,916 [INFO]   [Agartha 3] ASC (ucuz→pahalı) p  9: 192 ilan (toplam= 1728, 9s)
2026-09-14 16:13:34,660 [INFO]   [Agartha 3] ASC (ucuz→pahalı) p 10: 192 ilan (toplam= 1920, 9s)
2026-09-14 16:13:35,390 [INFO]   [Agartha 3] ASC (ucuz→pahalı) p 11: 192 ilan (toplam= 2112, 10s)
2026-09-14 16:13:37,073 [INFO]   [Agartha 3] ASC (ucuz→pahalı) p 12: 192 ilan (toplam= 2304, 12s)
2026-09-14 16:13:37,861 [INFO]   [Agartha 3] ASC (ucuz→pahalı) p 13: 192 ilan (toplam= 2496, 13s)
2026-09-14 16:13:38,598 [INFO]   [Agartha 3] ASC (ucuz→pahalı) p 14: 192 ilan (toplam= 2688, 13s)
2026-09-14 16:13:39,348 [INFO]   [Agartha 3] ASC (ucuz→pahalı) p 15: 192 ilan (toplam= 2880, 14s)
2026-09-14 16:13:41,064 [INFO]   [Agartha 3] ASC (ucuz→pahalı) p 16: 192 ilan (toplam= 3072, 16s)
2026-09-14 16:13:42,633 [INFO]   [Agartha 3] ASC (ucuz→pahalı) p 17: 192 ilan (toplam= 3264, 17s)
2026-09-14 16:13:43,445 [INFO]   [Agartha 3] ASC (ucuz→pahalı) p 18: 192 ilan (toplam= 3456, 18s)
2026-09-14 16:13:44,165 [INFO]   [Agartha 3] ASC (ucuz→pahalı) p 19: 192 ilan (toplam= 3648, 19s)
2026-09-14 16:13:44,917 [INFO]   [Agartha 3] ASC (ucuz→pahalı) p 20: 192 ilan (toplam= 3840, 20s)
2026-09-14 16:13:46,278 [INFO]   [Agartha 3] ASC (ucuz→pahalı) p 21: 192 ilan (toplam= 4032, 21s)
2026-09-14 16:13:47,562 [INFO]   [Agartha 3] ASC (ucuz→pahalı) p 22: 192 ilan (toplam= 4224, 22s)
2026-09-14 16:13:48,313 [INFO]   [Agartha 3] ASC (ucuz→pahalı) p 23: 192 ilan (toplam= 4416, 23s)
2026-09-14 16:13:49,850 [INFO]   [Agartha 3] ASC (ucuz→pahalı) p 24: 192 ilan (toplam= 4608, 25s)
2026-09-14 16:13:51,234 [INFO]   [Agartha 3] ASC (ucuz→pahalı) p 25: 192 ilan (toplam= 4800, 26s)
2026-09-14 16:13:52,029 [INFO]   [Agartha 3] ASC (ucuz→pahalı) p 26: 192 ilan (toplam= 4992, 27s)
2026-09-14 16:13:52,789 [INFO]   [Agartha 3] ASC (ucuz→pahalı) p 27: 192 ilan (toplam= 5184, 28s)
2026-09-14 16:13:53,515 [INFO]   [Agartha 3] ASC (ucuz→pahalı) p 28: 192 ilan (toplam= 5376, 28s)
2026-09-14 16:13:54,251 [INFO]   [Agartha 3] ASC (ucuz→pahalı) p 29: 192 ilan (toplam= 5568, 29s)
2026-09-14 16:13:54,987 [INFO]   [Agartha 3] ASC (ucuz→pahalı) p 30: 192 ilan (toplam= 5760, 30s)
2026-09-14 16:13:55,590 [WARNING]   [Agartha 3] ASC (ucuz→pahalı) p31 → 429, 60sn bekle
2026-09-14 16:14:55,777 [INFO] Token yenilendi: eyJzaWQiOiJlYzJjNjFl...
2026-09-14 16:14:55,882 [WARNING]   [Agartha 3] p31 → 429 — 60sn bekleniyor
2026-09-14 16:15:55,987 [INFO] Token yenilendi: eyJzaWQiOiJlYzJjNjFl...
2026-09-14 16:15:56,088 [WARNING]   [Agartha 3] p31 → 429 — 120sn bekleniyor
2026-09-14 16:17:56,205 [INFO] Token yenilendi: eyJzaWQiOiJlYzJjNjFl...
2026-09-14 16:17:56,302 [WARNING]   [Agartha 3] p31 → 429 — 180sn bekleniyor
2026-09-14 16:20:56,442 [INFO] Token yenilendi: eyJzaWQiOiJlYzJjNjFl...
2026-09-14 16:20:56,442 [WARNING]   [Agartha 3] ASC (ucuz→pahalı) sayfa 31 alinamadi — bitti
2026-09-14 16:20:56,442 [INFO]   [Agartha 3] ASC (ucuz→pahalı) bitti: 5760 ilan
2026-09-14 16:20:56,442 [INFO] [Agartha 3] TOPLAM: 5760 ilan
2026-09-14 16:21:07,849 [INFO] [agartha3] 5760 ilan yazildi (11143ms)
2026-09-14 16:21:07,849 [INFO] Tamamlandi — 463sn
2026-09-14 16:21:07,850 [INFO] ============================================================
2026-09-14 16:22:24,705 [INFO] ============================================================
2026-09-14 16:22:24,705 [INFO] MSGKO Scraper v4 — 2026-09-14 16:22:24
2026-09-14 16:22:24,705 [INFO] Kanal [4]: Agartha 3 (serverType=1) — DESC (pahalı→ucuz)
2026-09-14 16:22:25,121 [INFO] Token alindi: eyJzaWQiOiIzZDk1OGZk...
2026-09-14 16:22:25,121 [INFO] [Agartha 3] Baglanti testi...
2026-09-14 16:22:25,230 [WARNING] Sayfa 1: HTTP 429
2026-09-14 16:22:25,230 [INFO] 60sn bekleniyor...
2026-09-14 16:23:25,340 [INFO] Token yenilendi: eyJzaWQiOiIzZDk1OGZk...
2026-09-14 16:23:25,450 [WARNING] Sayfa 1: HTTP 429
2026-09-14 16:23:25,450 [INFO] 120sn bekleniyor...
2026-09-14 16:25:25,554 [INFO] Token yenilendi: eyJzaWQiOiIzZDk1OGZk...
2026-09-14 16:25:25,665 [WARNING] Sayfa 1: HTTP 429
2026-09-14 16:25:25,665 [WARNING] Site engelliyor — run atlaniyor
2026-09-14 16:28:24,698 [INFO] ============================================================
2026-09-14 16:28:24,698 [INFO] MSGKO Scraper v4 — 2026-09-14 16:28:24
2026-09-14 16:28:24,699 [INFO] Kanal [5]: Agartha 4 (serverType=12) — ASC (ucuz→pahalı)
2026-09-14 16:28:25,182 [INFO] Token alindi: eyJzaWQiOiIxOTA0OGFl...
2026-09-14 16:28:25,182 [INFO] [Agartha 4] Baglanti testi...
2026-09-14 16:28:25,306 [WARNING] Sayfa 1: HTTP 429
2026-09-14 16:28:25,306 [INFO] 60sn bekleniyor...
2026-09-14 16:29:25,516 [INFO] Token yenilendi: eyJzaWQiOiIxOTA0OGFl...
2026-09-14 16:29:25,639 [WARNING] Sayfa 1: HTTP 429
2026-09-14 16:29:25,639 [INFO] 120sn bekleniyor...
2026-09-14 16:31:25,772 [INFO] Token yenilendi: eyJzaWQiOiIxOTA0OGFl...
2026-09-14 16:31:25,891 [WARNING] Sayfa 1: HTTP 429
2026-09-14 16:31:25,891 [WARNING] Site engelliyor — run atlaniyor
2026-09-14 16:34:24,703 [INFO] ============================================================
2026-09-14 16:34:24,704 [INFO] MSGKO Scraper v4 — 2026-09-14 16:34:24
2026-09-14 16:34:24,704 [INFO] Kanal [5]: Agartha 4 (serverType=12) — DESC (pahalı→ucuz)
2026-09-14 16:34:25,203 [INFO] Token alindi: eyJzaWQiOiJjY2ZhNTBm...
2026-09-14 16:34:25,203 [INFO] [Agartha 4] Baglanti testi...
2026-09-14 16:34:25,343 [WARNING] Sayfa 1: HTTP 429
2026-09-14 16:34:25,343 [INFO] 60sn bekleniyor...
2026-09-14 16:35:26,526 [INFO] Token yenilendi: eyJzaWQiOiJjY2ZhNTBm...
2026-09-14 16:35:26,638 [WARNING] Sayfa 1: HTTP 429
2026-09-14 16:35:26,638 [INFO] 120sn bekleniyor...
2026-09-14 16:37:27,287 [INFO] Token yenilendi: eyJzaWQiOiJjY2ZhNTBm...
2026-09-14 16:37:27,415 [WARNING] Sayfa 1: HTTP 429
2026-09-14 16:37:27,415 [WARNING] Site engelliyor — run atlaniyor
2026-09-14 16:40:24,703 [INFO] ============================================================
2026-09-14 16:40:24,703 [INFO] MSGKO Scraper v4 — 2026-09-14 16:40:24
2026-09-14 16:40:24,703 [INFO] Kanal [6]: Pandora 3 (serverType=2) — ASC (ucuz→pahalı)
2026-09-14 16:40:25,162 [INFO] Token alindi: eyJzaWQiOiJmOGRiYjNh...
2026-09-14 16:40:25,162 [INFO] [Pandora 3] Baglanti testi...
2026-09-14 16:40:25,298 [WARNING] Sayfa 1: HTTP 429
2026-09-14 16:40:25,298 [INFO] 60sn bekleniyor...
2026-09-14 16:41:25,431 [INFO] Token yenilendi: eyJzaWQiOiJmOGRiYjNh...
2026-09-14 16:41:25,542 [WARNING] Sayfa 1: HTTP 429
2026-09-14 16:41:25,542 [INFO] 120sn bekleniyor...
2026-09-14 16:43:25,682 [INFO] Token yenilendi: eyJzaWQiOiJmOGRiYjNh...
2026-09-14 16:43:25,804 [WARNING] Sayfa 1: HTTP 429
2026-09-14 16:43:25,804 [WARNING] Site engelliyor — run atlaniyor
2026-09-14 16:46:24,703 [INFO] ============================================================
2026-09-14 16:46:24,703 [INFO] MSGKO Scraper v4 — 2026-09-14 16:46:24
2026-09-14 16:46:24,704 [INFO] Kanal [6]: Pandora 3 (serverType=2) — DESC (pahalı→ucuz)
2026-09-14 16:46:25,184 [INFO] Token alindi: eyJzaWQiOiI2ZmRmZDcx...
2026-09-14 16:46:25,184 [INFO] [Pandora 3] Baglanti testi...
2026-09-14 16:46:25,524 [INFO] Baglanti OK!
2026-09-14 16:46:25,524 [INFO] [Pandora 3] DESC (pahalı→ucuz)
2026-09-14 16:46:26,248 [INFO]   [Pandora 3] DESC (pahalı→ucuz) p  1: 192 ilan (toplam=  192, 1s)
2026-09-14 16:46:27,024 [INFO]   [Pandora 3] DESC (pahalı→ucuz) p  2: 192 ilan (toplam=  384, 2s)
2026-09-14 16:46:27,814 [INFO]   [Pandora 3] DESC (pahalı→ucuz) p  3: 192 ilan (toplam=  576, 3s)
2026-09-14 16:46:28,604 [INFO]   [Pandora 3] DESC (pahalı→ucuz) p  4: 192 ilan (toplam=  768, 3s)
2026-09-14 16:46:29,403 [INFO]   [Pandora 3] DESC (pahalı→ucuz) p  5: 192 ilan (toplam=  960, 4s)
2026-09-14 16:46:30,251 [INFO]   [Pandora 3] DESC (pahalı→ucuz) p  6: 192 ilan (toplam= 1152, 5s)
2026-09-14 16:46:32,164 [INFO]   [Pandora 3] DESC (pahalı→ucuz) p  7: 192 ilan (toplam= 1344, 7s)
2026-09-14 16:46:33,136 [INFO]   [Pandora 3] DESC (pahalı→ucuz) p  8: 192 ilan (toplam= 1536, 8s)
2026-09-14 16:46:33,973 [INFO]   [Pandora 3] DESC (pahalı→ucuz) p  9: 192 ilan (toplam= 1728, 9s)
2026-09-14 16:46:35,578 [INFO]   [Pandora 3] DESC (pahalı→ucuz) p 10: 192 ilan (toplam= 1920, 10s)
2026-09-14 16:46:36,422 [INFO]   [Pandora 3] DESC (pahalı→ucuz) p 11: 192 ilan (toplam= 2112, 11s)
2026-09-14 16:46:37,191 [INFO]   [Pandora 3] DESC (pahalı→ucuz) p 12: 192 ilan (toplam= 2304, 12s)
2026-09-14 16:46:37,948 [INFO]   [Pandora 3] DESC (pahalı→ucuz) p 13: 192 ilan (toplam= 2496, 13s)
2026-09-14 16:46:39,157 [INFO]   [Pandora 3] DESC (pahalı→ucuz) p 14: 192 ilan (toplam= 2688, 14s)
2026-09-14 16:46:40,753 [INFO]   [Pandora 3] DESC (pahalı→ucuz) p 15: 192 ilan (toplam= 2880, 16s)
2026-09-14 16:46:41,510 [INFO]   [Pandora 3] DESC (pahalı→ucuz) p 16: 192 ilan (toplam= 3072, 16s)
2026-09-14 16:46:42,271 [INFO]   [Pandora 3] DESC (pahalı→ucuz) p 17: 192 ilan (toplam= 3264, 17s)
2026-09-14 16:46:44,024 [INFO]   [Pandora 3] DESC (pahalı→ucuz) p 18: 192 ilan (toplam= 3456, 19s)
2026-09-14 16:46:44,827 [INFO]   [Pandora 3] DESC (pahalı→ucuz) p 19: 192 ilan (toplam= 3648, 20s)
2026-09-14 16:46:46,552 [INFO]   [Pandora 3] DESC (pahalı→ucuz) p 20: 192 ilan (toplam= 3840, 21s)
2026-09-14 16:46:47,325 [INFO]   [Pandora 3] DESC (pahalı→ucuz) p 21: 192 ilan (toplam= 4032, 22s)
2026-09-14 16:46:48,095 [INFO]   [Pandora 3] DESC (pahalı→ucuz) p 22: 192 ilan (toplam= 4224, 23s)
2026-09-14 16:46:48,876 [INFO]   [Pandora 3] DESC (pahalı→ucuz) p 23: 192 ilan (toplam= 4416, 24s)
2026-09-14 16:46:49,681 [INFO]   [Pandora 3] DESC (pahalı→ucuz) p 24: 192 ilan (toplam= 4608, 24s)
2026-09-14 16:46:50,480 [INFO]   [Pandora 3] DESC (pahalı→ucuz) p 25: 192 ilan (toplam= 4800, 25s)
2026-09-14 16:46:51,251 [INFO]   [Pandora 3] DESC (pahalı→ucuz) p 26: 192 ilan (toplam= 4992, 26s)
2026-09-14 16:46:52,054 [INFO]   [Pandora 3] DESC (pahalı→ucuz) p 27: 192 ilan (toplam= 5184, 27s)
2026-09-14 16:46:53,229 [INFO]   [Pandora 3] DESC (pahalı→ucuz) p 28: 192 ilan (toplam= 5376, 28s)
2026-09-14 16:46:54,004 [INFO]   [Pandora 3] DESC (pahalı→ucuz) p 29: 192 ilan (toplam= 5568, 29s)
2026-09-14 16:46:54,614 [WARNING]   [Pandora 3] DESC (pahalı→ucuz) p30 → 429, 60sn bekle
2026-09-14 16:47:54,741 [INFO] Token yenilendi: eyJzaWQiOiI2ZmRmZDcx...
2026-09-14 16:47:54,873 [WARNING]   [Pandora 3] p30 → 429 — 60sn bekleniyor
2026-09-14 16:48:55,011 [INFO] Token yenilendi: eyJzaWQiOiI2ZmRmZDcx...
2026-09-14 16:48:55,130 [WARNING]   [Pandora 3] p30 → 429 — 120sn bekleniyor
2026-09-14 16:50:56,068 [INFO] Token yenilendi: eyJzaWQiOiI2ZmRmZDcx...
2026-09-14 16:50:56,268 [WARNING]   [Pandora 3] p30 → 429 — 180sn bekleniyor
2026-09-14 16:53:56,403 [INFO] Token yenilendi: eyJzaWQiOiI2ZmRmZDcx...
2026-09-14 16:53:56,404 [WARNING]   [Pandora 3] DESC (pahalı→ucuz) sayfa 30 alinamadi — bitti
2026-09-14 16:53:56,404 [INFO]   [Pandora 3] DESC (pahalı→ucuz) bitti: 5568 ilan
2026-09-14 16:53:56,404 [INFO] [Pandora 3] TOPLAM: 5568 ilan
2026-09-14 16:54:06,561 [INFO] [pandora3] 5568 ilan yazildi (9889ms)
2026-09-14 16:54:06,561 [INFO] Tamamlandi — 461sn
2026-09-14 16:54:06,561 [INFO] ============================================================
2026-09-14 16:55:24,703 [INFO] ============================================================
2026-09-14 16:55:24,704 [INFO] MSGKO Scraper v4 — 2026-09-14 16:55:24
2026-09-14 16:55:24,704 [INFO] Kanal [7]: Pandora 4 (serverType=11) — ASC (ucuz→pahalı)
2026-09-14 16:55:25,188 [INFO] Token alindi: eyJzaWQiOiIxYTY0OGMw...
2026-09-14 16:55:25,188 [INFO] [Pandora 4] Baglanti testi...
2026-09-14 16:55:25,309 [WARNING] Sayfa 1: HTTP 429
2026-09-14 16:55:25,309 [INFO] 60sn bekleniyor...
2026-09-14 16:56:25,437 [INFO] Token yenilendi: eyJzaWQiOiIxYTY0OGMw...
2026-09-14 16:56:25,555 [WARNING] Sayfa 1: HTTP 429
2026-09-14 16:56:25,555 [INFO] 120sn bekleniyor...
2026-09-14 16:58:25,685 [INFO] Token yenilendi: eyJzaWQiOiIxYTY0OGMw...
2026-09-14 16:58:25,798 [WARNING] Sayfa 1: HTTP 429
2026-09-14 16:58:25,798 [WARNING] Site engelliyor — run atlaniyor
2026-09-14 17:01:24,706 [INFO] ============================================================
2026-09-14 17:01:24,707 [INFO] MSGKO Scraper v4 — 2026-09-14 17:01:24
2026-09-14 17:01:24,707 [INFO] Kanal [7]: Pandora 4 (serverType=11) — DESC (pahalı→ucuz)
2026-09-14 17:01:25,187 [INFO] Token alindi: eyJzaWQiOiIxNmNjMzAy...
2026-09-14 17:01:25,187 [INFO] [Pandora 4] Baglanti testi...
2026-09-14 17:01:25,295 [WARNING] Sayfa 1: HTTP 429
2026-09-14 17:01:25,295 [INFO] 60sn bekleniyor...
2026-09-14 17:02:25,411 [INFO] Token yenilendi: eyJzaWQiOiIxNmNjMzAy...
2026-09-14 17:02:25,521 [WARNING] Sayfa 1: HTTP 429
2026-09-14 17:02:25,521 [INFO] 120sn bekleniyor...
2026-09-14 17:04:25,666 [INFO] Token yenilendi: eyJzaWQiOiIxNmNjMzAy...
2026-09-14 17:04:25,786 [WARNING] Sayfa 1: HTTP 429
2026-09-14 17:04:25,786 [WARNING] Site engelliyor — run atlaniyor
2026-09-14 17:07:24,709 [INFO] ============================================================
2026-09-14 17:07:24,709 [INFO] MSGKO Scraper v4 — 2026-09-14 17:07:24
2026-09-14 17:07:24,710 [INFO] Kanal [8]: Destan 2 (serverType=4) — ASC (ucuz→pahalı)
2026-09-14 17:07:25,861 [INFO] Token alindi: eyJzaWQiOiJjZDE2ODVh...
2026-09-14 17:07:25,862 [INFO] [Destan 2] Baglanti testi...
2026-09-14 17:07:25,986 [WARNING] Sayfa 1: HTTP 429
2026-09-14 17:07:25,986 [INFO] 60sn bekleniyor...
2026-09-14 17:08:26,098 [INFO] Token yenilendi: eyJzaWQiOiJjZDE2ODVh...
2026-09-14 17:08:26,222 [WARNING] Sayfa 1: HTTP 429
2026-09-14 17:08:26,222 [INFO] 120sn bekleniyor...
2026-09-14 17:10:26,366 [INFO] Token yenilendi: eyJzaWQiOiJjZDE2ODVh...
2026-09-14 17:10:26,501 [WARNING] Sayfa 1: HTTP 429
2026-09-14 17:10:26,501 [WARNING] Site engelliyor — run atlaniyor
2026-09-14 17:13:24,708 [INFO] ============================================================
2026-09-14 17:13:24,708 [INFO] MSGKO Scraper v4 — 2026-09-14 17:13:24
2026-09-14 17:13:24,708 [INFO] Kanal [8]: Destan 2 (serverType=4) — DESC (pahalı→ucuz)
2026-09-14 17:13:25,129 [INFO] Token alindi: eyJzaWQiOiI1ZmU4ZTcz...
2026-09-14 17:13:25,129 [INFO] [Destan 2] Baglanti testi...
2026-09-14 17:13:25,239 [WARNING] Sayfa 1: HTTP 429
2026-09-14 17:13:25,239 [INFO] 60sn bekleniyor...
2026-09-14 17:14:25,358 [INFO] Token yenilendi: eyJzaWQiOiI1ZmU4ZTcz...
2026-09-14 17:14:25,464 [WARNING] Sayfa 1: HTTP 429
2026-09-14 17:14:25,464 [INFO] 120sn bekleniyor...
2026-09-14 17:16:25,877 [INFO] Token yenilendi: eyJzaWQiOiI1ZmU4ZTcz...
2026-09-14 17:16:25,973 [WARNING] Sayfa 1: HTTP 429
2026-09-14 17:16:25,973 [WARNING] Site engelliyor — run atlaniyor
2026-09-14 17:19:24,707 [INFO] ============================================================
2026-09-14 17:19:24,707 [INFO] MSGKO Scraper v4 — 2026-09-14 17:19:24
2026-09-14 17:19:24,707 [INFO] Kanal [9]: Destan 3 (serverType=13) — ASC (ucuz→pahalı)
2026-09-14 17:19:26,236 [INFO] Token alindi: eyJzaWQiOiJiYzM1MGVj...
2026-09-14 17:19:26,236 [INFO] [Destan 3] Baglanti testi...
2026-09-14 17:19:26,736 [INFO] Baglanti OK!
2026-09-14 17:19:26,737 [INFO] [Destan 3] ASC (ucuz→pahalı)
2026-09-14 17:19:26,815 [INFO]   [Destan 3] ASC (ucuz→pahalı) p  1: 192 ilan (toplam=  192, 2s)
2026-09-14 17:19:27,565 [INFO]   [Destan 3] ASC (ucuz→pahalı) p  2: 192 ilan (toplam=  384, 2s)
2026-09-14 17:19:28,305 [INFO]   [Destan 3] ASC (ucuz→pahalı) p  3: 192 ilan (toplam=  576, 3s)
2026-09-14 17:19:29,054 [INFO]   [Destan 3] ASC (ucuz→pahalı) p  4: 192 ilan (toplam=  768, 4s)
2026-09-14 17:19:29,818 [INFO]   [Destan 3] ASC (ucuz→pahalı) p  5: 192 ilan (toplam=  960, 5s)
2026-09-14 17:19:30,568 [INFO]   [Destan 3] ASC (ucuz→pahalı) p  6: 192 ilan (toplam= 1152, 5s)
2026-09-14 17:19:32,006 [INFO]   [Destan 3] ASC (ucuz→pahalı) p  7: 192 ilan (toplam= 1344, 7s)
2026-09-14 17:19:33,727 [INFO]   [Destan 3] ASC (ucuz→pahalı) p  8: 192 ilan (toplam= 1536, 9s)
2026-09-14 17:19:35,472 [INFO]   [Destan 3] ASC (ucuz→pahalı) p  9: 192 ilan (toplam= 1728, 10s)
2026-09-14 17:19:36,214 [INFO]   [Destan 3] ASC (ucuz→pahalı) p 10: 192 ilan (toplam= 1920, 11s)
2026-09-14 17:19:37,616 [INFO]   [Destan 3] ASC (ucuz→pahalı) p 11: 192 ilan (toplam= 2112, 12s)
2026-09-14 17:19:38,639 [INFO]   [Destan 3] ASC (ucuz→pahalı) p 12: 192 ilan (toplam= 2304, 13s)
2026-09-14 17:19:39,411 [INFO]   [Destan 3] ASC (ucuz→pahalı) p 13: 192 ilan (toplam= 2496, 14s)
2026-09-14 17:19:40,946 [INFO]   [Destan 3] ASC (ucuz→pahalı) p 14: 192 ilan (toplam= 2688, 16s)
2026-09-14 17:19:41,768 [INFO]   [Destan 3] ASC (ucuz→pahalı) p 15: 192 ilan (toplam= 2880, 17s)
2026-09-14 17:19:42,521 [INFO]   [Destan 3] ASC (ucuz→pahalı) p 16: 192 ilan (toplam= 3072, 17s)
2026-09-14 17:19:43,253 [INFO]   [Destan 3] ASC (ucuz→pahalı) p 17: 192 ilan (toplam= 3264, 18s)
2026-09-14 17:19:44,027 [INFO]   [Destan 3] ASC (ucuz→pahalı) p 18: 192 ilan (toplam= 3456, 19s)
2026-09-14 17:19:44,757 [INFO]   [Destan 3] ASC (ucuz→pahalı) p 19: 192 ilan (toplam= 3648, 20s)
2026-09-14 17:19:45,503 [INFO]   [Destan 3] ASC (ucuz→pahalı) p 20: 192 ilan (toplam= 3840, 20s)
2026-09-14 17:19:46,366 [INFO]   [Destan 3] ASC (ucuz→pahalı) p 21: 192 ilan (toplam= 4032, 21s)
2026-09-14 17:19:47,117 [INFO]   [Destan 3] ASC (ucuz→pahalı) p 22: 192 ilan (toplam= 4224, 22s)
2026-09-14 17:19:48,656 [INFO]   [Destan 3] ASC (ucuz→pahalı) p 23: 192 ilan (toplam= 4416, 23s)
2026-09-14 17:19:49,436 [INFO]   [Destan 3] ASC (ucuz→pahalı) p 24: 192 ilan (toplam= 4608, 24s)
2026-09-14 17:19:51,163 [INFO]   [Destan 3] ASC (ucuz→pahalı) p 25: 192 ilan (toplam= 4800, 26s)
2026-09-14 17:19:51,942 [INFO]   [Destan 3] ASC (ucuz→pahalı) p 26: 192 ilan (toplam= 4992, 27s)
2026-09-14 17:19:52,770 [INFO]   [Destan 3] ASC (ucuz→pahalı) p 27: 192 ilan (toplam= 5184, 28s)
2026-09-14 17:19:53,562 [INFO]   [Destan 3] ASC (ucuz→pahalı) p 28: 192 ilan (toplam= 5376, 28s)
2026-09-14 17:19:54,319 [INFO]   [Destan 3] ASC (ucuz→pahalı) p 29: 192 ilan (toplam= 5568, 29s)
2026-09-14 17:19:55,056 [INFO]   [Destan 3] ASC (ucuz→pahalı) p 30: 192 ilan (toplam= 5760, 30s)
2026-09-14 17:19:55,669 [WARNING]   [Destan 3] ASC (ucuz→pahalı) p31 → 429, 60sn bekle
2026-09-14 17:20:55,789 [INFO] Token yenilendi: eyJzaWQiOiJiYzM1MGVj...
2026-09-14 17:20:55,905 [WARNING]   [Destan 3] p31 → 429 — 60sn bekleniyor
2026-09-14 17:21:56,027 [INFO] Token yenilendi: eyJzaWQiOiJiYzM1MGVj...
2026-09-14 17:21:56,145 [WARNING]   [Destan 3] p31 → 429 — 120sn bekleniyor
2026-09-14 17:23:56,723 [INFO] Token yenilendi: eyJzaWQiOiJiYzM1MGVj...
2026-09-14 17:23:56,838 [WARNING]   [Destan 3] p31 → 429 — 180sn bekleniyor
2026-09-14 17:26:56,971 [INFO] Token yenilendi: eyJzaWQiOiJiYzM1MGVj...
2026-09-14 17:26:56,972 [WARNING]   [Destan 3] ASC (ucuz→pahalı) sayfa 31 alinamadi — bitti
2026-09-14 17:26:56,972 [INFO]   [Destan 3] ASC (ucuz→pahalı) bitti: 5760 ilan
2026-09-14 17:26:56,972 [INFO] [Destan 3] TOPLAM: 5760 ilan
2026-09-14 17:27:07,471 [INFO] [destan3] 5760 ilan yazildi (10225ms)
2026-09-14 17:27:07,471 [INFO] Tamamlandi — 462sn
2026-09-14 17:27:07,471 [INFO] ============================================================
2026-09-14 17:28:24,715 [INFO] ============================================================
2026-09-14 17:28:24,715 [INFO] MSGKO Scraper v4 — 2026-09-14 17:28:24
2026-09-14 17:28:24,715 [INFO] Kanal [9]: Destan 3 (serverType=13) — DESC (pahalı→ucuz)
2026-09-14 17:28:25,154 [INFO] Token alindi: eyJzaWQiOiIyYjczYzE3...
2026-09-14 17:28:25,154 [INFO] [Destan 3] Baglanti testi...
2026-09-14 17:28:25,320 [WARNING] Sayfa 1: HTTP 429
2026-09-14 17:28:25,320 [INFO] 60sn bekleniyor...
2026-09-14 17:29:25,440 [INFO] Token yenilendi: eyJzaWQiOiIyYjczYzE3...
2026-09-14 17:29:25,541 [WARNING] Sayfa 1: HTTP 429
2026-09-14 17:29:25,542 [INFO] 120sn bekleniyor...
2026-09-14 17:31:25,647 [INFO] Token yenilendi: eyJzaWQiOiIyYjczYzE3...
2026-09-14 17:31:25,758 [WARNING] Sayfa 1: HTTP 429
2026-09-14 17:31:25,758 [WARNING] Site engelliyor — run atlaniyor
2026-09-14 17:34:24,710 [INFO] ============================================================
2026-09-14 17:34:24,710 [INFO] MSGKO Scraper v4 — 2026-09-14 17:34:24
2026-09-14 17:34:24,710 [INFO] Kanal [0]: Zero 3 (serverType=0) — ASC (ucuz→pahalı)
2026-09-14 17:34:25,582 [INFO] Token alindi: eyJzaWQiOiI0ODhkMmIy...
2026-09-14 17:34:25,583 [INFO] [Zero 3] Baglanti testi...
2026-09-14 17:34:25,727 [WARNING] Sayfa 1: HTTP 429
2026-09-14 17:34:25,727 [INFO] 60sn bekleniyor...
2026-09-14 17:35:25,849 [INFO] Token yenilendi: eyJzaWQiOiI0ODhkMmIy...
2026-09-14 17:35:25,965 [WARNING] Sayfa 1: HTTP 429
2026-09-14 17:35:25,965 [INFO] 120sn bekleniyor...
2026-09-14 17:37:26,088 [INFO] Token yenilendi: eyJzaWQiOiI0ODhkMmIy...
2026-09-14 17:37:26,204 [WARNING] Sayfa 1: HTTP 429
2026-09-14 17:37:26,204 [WARNING] Site engelliyor — run atlaniyor
2026-09-14 17:40:24,709 [INFO] ============================================================
2026-09-14 17:40:24,709 [INFO] MSGKO Scraper v4 — 2026-09-14 17:40:24
2026-09-14 17:40:24,709 [INFO] Kanal [0]: Zero 3 (serverType=0) — DESC (pahalı→ucuz)
2026-09-14 17:40:25,154 [INFO] Token alindi: eyJzaWQiOiJlNzlhNDIy...
2026-09-14 17:40:25,155 [INFO] [Zero 3] Baglanti testi...
2026-09-14 17:40:25,265 [WARNING] Sayfa 1: HTTP 429
2026-09-14 17:40:25,265 [INFO] 60sn bekleniyor...
2026-09-14 17:41:25,383 [INFO] Token yenilendi: eyJzaWQiOiJlNzlhNDIy...
2026-09-14 17:41:25,521 [WARNING] Sayfa 1: HTTP 429
2026-09-14 17:41:25,522 [INFO] 120sn bekleniyor...
2026-09-14 17:43:25,641 [INFO] Token yenilendi: eyJzaWQiOiJlNzlhNDIy...
2026-09-14 17:43:25,769 [WARNING] Sayfa 1: HTTP 429
2026-09-14 17:43:25,769 [WARNING] Site engelliyor — run atlaniyor
2026-09-14 17:46:24,713 [INFO] ============================================================
2026-09-14 17:46:24,713 [INFO] MSGKO Scraper v4 — 2026-09-14 17:46:24
2026-09-14 17:46:24,713 [INFO] Kanal [1]: Zero 4 (serverType=5) — ASC (ucuz→pahalı)
2026-09-14 17:46:25,693 [INFO] Token alindi: eyJzaWQiOiI5ODc0MzVi...
2026-09-14 17:46:25,693 [INFO] [Zero 4] Baglanti testi...
2026-09-14 17:46:25,812 [WARNING] Sayfa 1: HTTP 429
2026-09-14 17:46:25,812 [INFO] 60sn bekleniyor...
2026-09-14 17:47:25,946 [INFO] Token yenilendi: eyJzaWQiOiI5ODc0MzVi...
2026-09-14 17:47:26,066 [WARNING] Sayfa 1: HTTP 429
2026-09-14 17:47:26,066 [INFO] 120sn bekleniyor...
2026-09-14 17:49:26,249 [INFO] Token yenilendi: eyJzaWQiOiI5ODc0MzVi...
2026-09-14 17:49:26,380 [WARNING] Sayfa 1: HTTP 429
2026-09-14 17:49:26,380 [WARNING] Site engelliyor — run atlaniyor
2026-09-14 17:52:24,714 [INFO] ============================================================
2026-09-14 17:52:24,714 [INFO] MSGKO Scraper v4 — 2026-09-14 17:52:24
2026-09-14 17:52:24,715 [INFO] Kanal [1]: Zero 4 (serverType=5) — DESC (pahalı→ucuz)
2026-09-14 17:52:25,215 [INFO] Token alindi: eyJzaWQiOiIwMjBiZTJl...
2026-09-14 17:52:25,215 [INFO] [Zero 4] Baglanti testi...
2026-09-14 17:52:25,843 [INFO] Baglanti OK!
2026-09-14 17:52:25,843 [INFO] [Zero 4] DESC (pahalı→ucuz)
2026-09-14 17:52:26,646 [INFO]   [Zero 4] DESC (pahalı→ucuz) p  1: 192 ilan (toplam=  192, 1s)
2026-09-14 17:52:27,404 [INFO]   [Zero 4] DESC (pahalı→ucuz) p  2: 192 ilan (toplam=  384, 2s)
2026-09-14 17:52:28,188 [INFO]   [Zero 4] DESC (pahalı→ucuz) p  3: 192 ilan (toplam=  576, 3s)
2026-09-14 17:52:28,954 [INFO]   [Zero 4] DESC (pahalı→ucuz) p  4: 192 ilan (toplam=  768, 4s)
2026-09-14 17:52:29,734 [INFO]   [Zero 4] DESC (pahalı→ucuz) p  5: 192 ilan (toplam=  960, 5s)
2026-09-14 17:52:30,471 [INFO]   [Zero 4] DESC (pahalı→ucuz) p  6: 192 ilan (toplam= 1152, 5s)
2026-09-14 17:52:31,222 [INFO]   [Zero 4] DESC (pahalı→ucuz) p  7: 192 ilan (toplam= 1344, 6s)
2026-09-14 17:52:31,992 [INFO]   [Zero 4] DESC (pahalı→ucuz) p  8: 192 ilan (toplam= 1536, 7s)
2026-09-14 17:52:32,745 [INFO]   [Zero 4] DESC (pahalı→ucuz) p  9: 192 ilan (toplam= 1728, 8s)
2026-09-14 17:52:33,490 [INFO]   [Zero 4] DESC (pahalı→ucuz) p 10: 192 ilan (toplam= 1920, 8s)
2026-09-14 17:52:34,288 [INFO]   [Zero 4] DESC (pahalı→ucuz) p 11: 192 ilan (toplam= 2112, 9s)
2026-09-14 17:52:35,035 [INFO]   [Zero 4] DESC (pahalı→ucuz) p 12: 192 ilan (toplam= 2304, 10s)
2026-09-14 17:52:36,413 [INFO]   [Zero 4] DESC (pahalı→ucuz) p 13: 192 ilan (toplam= 2496, 11s)
2026-09-14 17:52:37,161 [INFO]   [Zero 4] DESC (pahalı→ucuz) p 14: 192 ilan (toplam= 2688, 12s)
2026-09-14 17:52:37,939 [INFO]   [Zero 4] DESC (pahalı→ucuz) p 15: 192 ilan (toplam= 2880, 13s)
2026-09-14 17:52:38,681 [INFO]   [Zero 4] DESC (pahalı→ucuz) p 16: 192 ilan (toplam= 3072, 13s)
2026-09-14 17:52:39,462 [INFO]   [Zero 4] DESC (pahalı→ucuz) p 17: 192 ilan (toplam= 3264, 14s)
2026-09-14 17:52:41,268 [INFO]   [Zero 4] DESC (pahalı→ucuz) p 18: 192 ilan (toplam= 3456, 16s)
2026-09-14 17:52:42,011 [INFO]   [Zero 4] DESC (pahalı→ucuz) p 19: 192 ilan (toplam= 3648, 17s)
2026-09-14 17:52:42,776 [INFO]   [Zero 4] DESC (pahalı→ucuz) p 20: 192 ilan (toplam= 3840, 18s)
2026-09-14 17:52:44,383 [INFO]   [Zero 4] DESC (pahalı→ucuz) p 21: 192 ilan (toplam= 4032, 19s)
2026-09-14 17:52:45,137 [INFO]   [Zero 4] DESC (pahalı→ucuz) p 22: 192 ilan (toplam= 4224, 20s)
2026-09-14 17:52:45,875 [INFO]   [Zero 4] DESC (pahalı→ucuz) p 23: 192 ilan (toplam= 4416, 21s)
2026-09-14 17:52:46,652 [INFO]   [Zero 4] DESC (pahalı→ucuz) p 24: 192 ilan (toplam= 4608, 21s)
2026-09-14 17:52:47,905 [INFO]   [Zero 4] DESC (pahalı→ucuz) p 25: 192 ilan (toplam= 4800, 23s)
2026-09-14 17:52:49,726 [INFO]   [Zero 4] DESC (pahalı→ucuz) p 26: 192 ilan (toplam= 4992, 25s)
2026-09-14 17:52:51,200 [INFO]   [Zero 4] DESC (pahalı→ucuz) p 27: 192 ilan (toplam= 5184, 26s)
2026-09-14 17:52:51,935 [INFO]   [Zero 4] DESC (pahalı→ucuz) p 28: 192 ilan (toplam= 5376, 27s)
2026-09-14 17:52:53,673 [INFO]   [Zero 4] DESC (pahalı→ucuz) p 29: 192 ilan (toplam= 5568, 28s)
2026-09-14 17:52:54,286 [WARNING]   [Zero 4] DESC (pahalı→ucuz) p30 → 429, 60sn bekle
2026-09-14 17:53:54,496 [INFO] Token yenilendi: eyJzaWQiOiIwMjBiZTJl...
2026-09-14 17:53:54,625 [WARNING]   [Zero 4] p30 → 429 — 60sn bekleniyor
2026-09-14 17:54:54,755 [INFO] Token yenilendi: eyJzaWQiOiIwMjBiZTJl...
2026-09-14 17:54:54,883 [WARNING]   [Zero 4] p30 → 429 — 120sn bekleniyor
2026-09-14 17:56:55,883 [INFO] Token yenilendi: eyJzaWQiOiIwMjBiZTJl...
2026-09-14 17:56:55,990 [WARNING]   [Zero 4] p30 → 429 — 180sn bekleniyor
2026-09-14 17:59:56,448 [INFO] Token yenilendi: eyJzaWQiOiIwMjBiZTJl...
2026-09-14 17:59:56,448 [WARNING]   [Zero 4] DESC (pahalı→ucuz) sayfa 30 alinamadi — bitti
2026-09-14 17:59:56,448 [INFO]   [Zero 4] DESC (pahalı→ucuz) bitti: 5568 ilan
2026-09-14 17:59:56,448 [INFO] [Zero 4] TOPLAM: 5568 ilan
2026-09-14 18:00:06,930 [INFO] [zero4] 5568 ilan yazildi (10202ms)
2026-09-14 18:00:06,930 [INFO] Tamamlandi — 462sn
2026-09-14 18:00:06,930 [INFO] ============================================================
2026-09-14 18:01:24,714 [INFO] ============================================================
2026-09-14 18:01:24,714 [INFO] MSGKO Scraper v4 — 2026-09-14 18:01:24
2026-09-14 18:01:24,715 [INFO] Kanal [2]: Zero 5 (serverType=8) — ASC (ucuz→pahalı)
2026-09-14 18:01:25,287 [INFO] Token alindi: eyJzaWQiOiJmYjM0ZjNi...
2026-09-14 18:01:25,288 [INFO] [Zero 5] Baglanti testi...
2026-09-14 18:01:26,494 [WARNING] Sayfa 1: HTTP 429
2026-09-14 18:01:26,494 [INFO] 60sn bekleniyor...
2026-09-14 18:02:27,386 [INFO] Token yenilendi: eyJzaWQiOiJmYjM0ZjNi...
2026-09-14 18:02:27,567 [WARNING] Sayfa 1: HTTP 429
2026-09-14 18:02:27,568 [INFO] 120sn bekleniyor...
2026-09-14 18:04:28,123 [INFO] Token yenilendi: eyJzaWQiOiJmYjM0ZjNi...
2026-09-14 18:04:28,311 [WARNING] Sayfa 1: HTTP 429
2026-09-14 18:04:28,311 [WARNING] Site engelliyor — run atlaniyor
2026-09-14 18:07:24,768 [INFO] ============================================================
2026-09-14 18:07:24,768 [INFO] MSGKO Scraper v4 — 2026-09-14 18:07:24
2026-09-14 18:07:24,768 [INFO] Kanal [2]: Zero 5 (serverType=8) — DESC (pahalı→ucuz)
2026-09-14 18:07:26,736 [INFO] Token alindi: eyJzaWQiOiJlY2VkOWIy...
2026-09-14 18:07:26,736 [INFO] [Zero 5] Baglanti testi...
2026-09-14 18:07:26,941 [WARNING] Sayfa 1: HTTP 429
2026-09-14 18:07:26,941 [INFO] 60sn bekleniyor...
2026-09-14 18:08:27,145 [INFO] Token yenilendi: eyJzaWQiOiJlY2VkOWIy...
2026-09-14 18:08:27,347 [WARNING] Sayfa 1: HTTP 429
2026-09-14 18:08:27,347 [INFO] 120sn bekleniyor...
2026-09-14 18:10:27,529 [INFO] Token yenilendi: eyJzaWQiOiJlY2VkOWIy...
2026-09-14 18:10:27,730 [WARNING] Sayfa 1: HTTP 429
2026-09-14 18:10:27,730 [WARNING] Site engelliyor — run atlaniyor
2026-09-14 18:13:24,721 [INFO] ============================================================
2026-09-14 18:13:24,721 [INFO] MSGKO Scraper v4 — 2026-09-14 18:13:24
2026-09-14 18:13:24,721 [INFO] Kanal [3]: Zero 8 (serverType=15) — ASC (ucuz→pahalı)
2026-09-14 18:13:25,156 [INFO] Token alindi: eyJzaWQiOiJkOGUxZWFj...
2026-09-14 18:13:25,156 [INFO] [Zero 8] Baglanti testi...
2026-09-14 18:13:25,268 [WARNING] Sayfa 1: HTTP 429
2026-09-14 18:13:25,268 [INFO] 60sn bekleniyor...
2026-09-14 18:14:26,433 [INFO] Token yenilendi: eyJzaWQiOiJkOGUxZWFj...
2026-09-14 18:14:26,566 [WARNING] Sayfa 1: HTTP 429
2026-09-14 18:14:26,566 [INFO] 120sn bekleniyor...
2026-09-14 18:16:26,728 [INFO] Token yenilendi: eyJzaWQiOiJkOGUxZWFj...
2026-09-14 18:16:26,838 [WARNING] Sayfa 1: HTTP 429
2026-09-14 18:16:26,838 [WARNING] Site engelliyor — run atlaniyor
2026-09-14 18:19:24,718 [INFO] ============================================================
2026-09-14 18:19:24,718 [INFO] MSGKO Scraper v4 — 2026-09-14 18:19:24
2026-09-14 18:19:24,718 [INFO] Kanal [3]: Zero 8 (serverType=15) — DESC (pahalı→ucuz)
2026-09-14 18:19:25,730 [INFO] Token alindi: eyJzaWQiOiI3ZGY5ZWEz...
2026-09-14 18:19:25,730 [INFO] [Zero 8] Baglanti testi...
2026-09-14 18:19:25,830 [WARNING] Sayfa 1: HTTP 429
2026-09-14 18:19:25,831 [INFO] 60sn bekleniyor...
2026-09-14 18:20:25,970 [INFO] Token yenilendi: eyJzaWQiOiI3ZGY5ZWEz...
2026-09-14 18:20:26,069 [WARNING] Sayfa 1: HTTP 429
2026-09-14 18:20:26,069 [INFO] 120sn bekleniyor...
2026-09-14 18:22:26,242 [INFO] Token yenilendi: eyJzaWQiOiI3ZGY5ZWEz...
2026-09-14 18:22:26,356 [WARNING] Sayfa 1: HTTP 429
2026-09-14 18:22:26,356 [WARNING] Site engelliyor — run atlaniyor
2026-09-14 18:25:24,719 [INFO] ============================================================
2026-09-14 18:25:24,719 [INFO] MSGKO Scraper v4 — 2026-09-14 18:25:24
2026-09-14 18:25:24,720 [INFO] Kanal [4]: Agartha 3 (serverType=1) — ASC (ucuz→pahalı)
2026-09-14 18:25:25,181 [INFO] Token alindi: eyJzaWQiOiJmZmY5YjZi...
2026-09-14 18:25:25,181 [INFO] [Agartha 3] Baglanti testi...
2026-09-14 18:25:25,456 [INFO] Baglanti OK!
2026-09-14 18:25:25,456 [INFO] [Agartha 3] ASC (ucuz→pahalı)
2026-09-14 18:25:25,538 [INFO]   [Agartha 3] ASC (ucuz→pahalı) p  1: 192 ilan (toplam=  192, 0s)
2026-09-14 18:25:26,299 [INFO]   [Agartha 3] ASC (ucuz→pahalı) p  2: 192 ilan (toplam=  384, 1s)
2026-09-14 18:25:27,043 [INFO]   [Agartha 3] ASC (ucuz→pahalı) p  3: 192 ilan (toplam=  576, 2s)
2026-09-14 18:25:27,826 [INFO]   [Agartha 3] ASC (ucuz→pahalı) p  4: 192 ilan (toplam=  768, 3s)
2026-09-14 18:25:28,595 [INFO]   [Agartha 3] ASC (ucuz→pahalı) p  5: 192 ilan (toplam=  960, 3s)
2026-09-14 18:25:29,332 [INFO]   [Agartha 3] ASC (ucuz→pahalı) p  6: 192 ilan (toplam= 1152, 4s)
2026-09-14 18:25:30,743 [INFO]   [Agartha 3] ASC (ucuz→pahalı) p  7: 192 ilan (toplam= 1344, 6s)
2026-09-14 18:25:31,680 [INFO]   [Agartha 3] ASC (ucuz→pahalı) p  8: 192 ilan (toplam= 1536, 6s)
2026-09-14 18:25:32,495 [INFO]   [Agartha 3] ASC (ucuz→pahalı) p  9: 192 ilan (toplam= 1728, 7s)
2026-09-14 18:25:33,707 [INFO]   [Agartha 3] ASC (ucuz→pahalı) p 10: 192 ilan (toplam= 1920, 8s)
2026-09-14 18:25:34,454 [INFO]   [Agartha 3] ASC (ucuz→pahalı) p 11: 192 ilan (toplam= 2112, 9s)
2026-09-14 18:25:35,267 [INFO]   [Agartha 3] ASC (ucuz→pahalı) p 12: 192 ilan (toplam= 2304, 10s)
2026-09-14 18:25:36,377 [INFO]   [Agartha 3] ASC (ucuz→pahalı) p 13: 192 ilan (toplam= 2496, 11s)
2026-09-14 18:25:37,141 [INFO]   [Agartha 3] ASC (ucuz→pahalı) p 14: 192 ilan (toplam= 2688, 12s)
2026-09-14 18:25:38,713 [INFO]   [Agartha 3] ASC (ucuz→pahalı) p 15: 192 ilan (toplam= 2880, 13s)
2026-09-14 18:25:40,084 [INFO]   [Agartha 3] ASC (ucuz→pahalı) p 16: 192 ilan (toplam= 3072, 15s)
2026-09-14 18:25:40,936 [INFO]   [Agartha 3] ASC (ucuz→pahalı) p 17: 192 ilan (toplam= 3264, 16s)
2026-09-14 18:25:41,713 [INFO]   [Agartha 3] ASC (ucuz→pahalı) p 18: 192 ilan (toplam= 3456, 16s)
2026-09-14 18:25:42,469 [INFO]   [Agartha 3] ASC (ucuz→pahalı) p 19: 192 ilan (toplam= 3648, 17s)
2026-09-14 18:25:43,210 [INFO]   [Agartha 3] ASC (ucuz→pahalı) p 20: 192 ilan (toplam= 3840, 18s)
2026-09-14 18:25:44,743 [INFO]   [Agartha 3] ASC (ucuz→pahalı) p 21: 192 ilan (toplam= 4032, 20s)
2026-09-14 18:25:45,550 [INFO]   [Agartha 3] ASC (ucuz→pahalı) p 22: 192 ilan (toplam= 4224, 20s)
2026-09-14 18:25:46,350 [INFO]   [Agartha 3] ASC (ucuz→pahalı) p 23: 192 ilan (toplam= 4416, 21s)
2026-09-14 18:25:47,157 [INFO]   [Agartha 3] ASC (ucuz→pahalı) p 24: 192 ilan (toplam= 4608, 22s)
2026-09-14 18:25:47,924 [INFO]   [Agartha 3] ASC (ucuz→pahalı) p 25: 192 ilan (toplam= 4800, 23s)
2026-09-14 18:25:49,529 [INFO]   [Agartha 3] ASC (ucuz→pahalı) p 26: 192 ilan (toplam= 4992, 24s)
2026-09-14 18:25:51,306 [INFO]   [Agartha 3] ASC (ucuz→pahalı) p 27: 192 ilan (toplam= 5184, 26s)
2026-09-14 18:25:52,737 [INFO]   [Agartha 3] ASC (ucuz→pahalı) p 28: 192 ilan (toplam= 5376, 28s)
2026-09-14 18:25:53,506 [INFO]   [Agartha 3] ASC (ucuz→pahalı) p 29: 192 ilan (toplam= 5568, 28s)
2026-09-14 18:25:55,145 [INFO]   [Agartha 3] ASC (ucuz→pahalı) p 30: 192 ilan (toplam= 5760, 30s)
2026-09-14 18:25:55,763 [WARNING]   [Agartha 3] ASC (ucuz→pahalı) p31 → 429, 60sn bekle
2026-09-14 18:26:55,884 [INFO] Token yenilendi: eyJzaWQiOiJmZmY5YjZi...
2026-09-14 18:26:56,001 [WARNING]   [Agartha 3] p31 → 429 — 60sn bekleniyor
2026-09-14 18:27:56,169 [INFO] Token yenilendi: eyJzaWQiOiJmZmY5YjZi...
2026-09-14 18:27:56,292 [WARNING]   [Agartha 3] p31 → 429 — 120sn bekleniyor
2026-09-14 18:29:56,414 [INFO] Token yenilendi: eyJzaWQiOiJmZmY5YjZi...
2026-09-14 18:29:56,534 [WARNING]   [Agartha 3] p31 → 429 — 180sn bekleniyor
2026-09-14 18:32:57,116 [INFO] Token yenilendi: eyJzaWQiOiJmZmY5YjZi...
2026-09-14 18:32:57,116 [WARNING]   [Agartha 3] ASC (ucuz→pahalı) sayfa 31 alinamadi — bitti
2026-09-14 18:32:57,116 [INFO]   [Agartha 3] ASC (ucuz→pahalı) bitti: 5760 ilan
2026-09-14 18:32:57,116 [INFO] [Agartha 3] TOPLAM: 5760 ilan
2026-09-14 18:33:07,617 [INFO] [agartha3] 5760 ilan yazildi (10239ms)
2026-09-14 18:33:07,617 [INFO] Tamamlandi — 462sn
2026-09-14 18:33:07,617 [INFO] ============================================================
2026-09-14 18:34:24,726 [INFO] ============================================================
2026-09-14 18:34:24,726 [INFO] MSGKO Scraper v4 — 2026-09-14 18:34:24
2026-09-14 18:34:24,726 [INFO] Kanal [4]: Agartha 3 (serverType=1) — DESC (pahalı→ucuz)
2026-09-14 18:34:25,221 [INFO] Token alindi: eyJzaWQiOiJmMmZjMDE1...
2026-09-14 18:34:25,221 [INFO] [Agartha 3] Baglanti testi...
2026-09-14 18:34:25,329 [WARNING] Sayfa 1: HTTP 429
2026-09-14 18:34:25,329 [INFO] 60sn bekleniyor...
2026-09-14 18:35:25,478 [INFO] Token yenilendi: eyJzaWQiOiJmMmZjMDE1...
2026-09-14 18:35:26,574 [WARNING] Sayfa 1: HTTP 429
2026-09-14 18:35:26,574 [INFO] 120sn bekleniyor...
2026-09-14 18:37:26,705 [INFO] Token yenilendi: eyJzaWQiOiJmMmZjMDE1...
2026-09-14 18:37:26,816 [WARNING] Sayfa 1: HTTP 429
2026-09-14 18:37:26,817 [WARNING] Site engelliyor — run atlaniyor
2026-09-14 18:40:24,801 [INFO] ============================================================
2026-09-14 18:40:24,801 [INFO] MSGKO Scraper v4 — 2026-09-14 18:40:24
2026-09-14 18:40:24,802 [INFO] Kanal [5]: Agartha 4 (serverType=12) — ASC (ucuz→pahalı)
2026-09-14 18:40:25,309 [INFO] Token alindi: eyJzaWQiOiJlNGUxNGU0...
2026-09-14 18:40:25,309 [INFO] [Agartha 4] Baglanti testi...
2026-09-14 18:40:25,426 [WARNING] Sayfa 1: HTTP 429
2026-09-14 18:40:25,427 [INFO] 60sn bekleniyor...
2026-09-14 18:41:25,562 [INFO] Token yenilendi: eyJzaWQiOiJlNGUxNGU0...
2026-09-14 18:41:25,677 [WARNING] Sayfa 1: HTTP 429
2026-09-14 18:41:25,677 [INFO] 120sn bekleniyor...
2026-09-14 18:43:25,832 [INFO] Token yenilendi: eyJzaWQiOiJlNGUxNGU0...
2026-09-14 18:43:25,932 [WARNING] Sayfa 1: HTTP 429
2026-09-14 18:43:25,932 [WARNING] Site engelliyor — run atlaniyor
2026-09-14 18:46:24,783 [INFO] ============================================================
2026-09-14 18:46:24,783 [INFO] MSGKO Scraper v4 — 2026-09-14 18:46:24
2026-09-14 18:46:24,784 [INFO] Kanal [5]: Agartha 4 (serverType=12) — DESC (pahalı→ucuz)
2026-09-14 18:46:25,312 [INFO] Token alindi: eyJzaWQiOiI4MmY4ZWQx...
2026-09-14 18:46:25,312 [INFO] [Agartha 4] Baglanti testi...
2026-09-14 18:46:25,469 [WARNING] Sayfa 1: HTTP 429
2026-09-14 18:46:25,469 [INFO] 60sn bekleniyor...
2026-09-14 18:47:26,444 [INFO] Token yenilendi: eyJzaWQiOiI4MmY4ZWQx...
2026-09-14 18:47:26,568 [WARNING] Sayfa 1: HTTP 429
2026-09-14 18:47:26,568 [INFO] 120sn bekleniyor...
2026-09-14 18:49:26,699 [INFO] Token yenilendi: eyJzaWQiOiI4MmY4ZWQx...
2026-09-14 18:49:26,818 [WARNING] Sayfa 1: HTTP 429
2026-09-14 18:49:26,818 [WARNING] Site engelliyor — run atlaniyor
2026-09-14 18:52:24,742 [INFO] ============================================================
2026-09-14 18:52:24,743 [INFO] MSGKO Scraper v4 — 2026-09-14 18:52:24
2026-09-14 18:52:24,743 [INFO] Kanal [6]: Pandora 3 (serverType=2) — ASC (ucuz→pahalı)
2026-09-14 18:52:26,196 [INFO] Token alindi: eyJzaWQiOiIzMDE1Njcw...
2026-09-14 18:52:26,197 [INFO] [Pandora 3] Baglanti testi...
2026-09-14 18:52:26,337 [WARNING] Sayfa 1: HTTP 429
2026-09-14 18:52:26,337 [INFO] 60sn bekleniyor...
2026-09-14 18:53:26,571 [INFO] Token yenilendi: eyJzaWQiOiIzMDE1Njcw...
2026-09-14 18:53:26,673 [WARNING] Sayfa 1: HTTP 429
2026-09-14 18:53:26,673 [INFO] 120sn bekleniyor...
2026-09-14 18:55:27,085 [INFO] Token yenilendi: eyJzaWQiOiIzMDE1Njcw...
2026-09-14 18:55:27,188 [WARNING] Sayfa 1: HTTP 429
2026-09-14 18:55:27,188 [WARNING] Site engelliyor — run atlaniyor
2026-09-14 18:58:24,767 [INFO] ============================================================
2026-09-14 18:58:24,767 [INFO] MSGKO Scraper v4 — 2026-09-14 18:58:24
2026-09-14 18:58:24,768 [INFO] Kanal [6]: Pandora 3 (serverType=2) — DESC (pahalı→ucuz)
2026-09-14 18:58:25,705 [INFO] Token alindi: eyJzaWQiOiJjNDE4YzIx...
2026-09-14 18:58:25,705 [INFO] [Pandora 3] Baglanti testi...
2026-09-14 18:58:26,033 [INFO] Baglanti OK!
2026-09-14 18:58:26,033 [INFO] [Pandora 3] DESC (pahalı→ucuz)
2026-09-14 18:58:26,359 [INFO]   [Pandora 3] DESC (pahalı→ucuz) p  1: 192 ilan (toplam=  192, 1s)
2026-09-14 18:58:27,465 [INFO]   [Pandora 3] DESC (pahalı→ucuz) p  2: 192 ilan (toplam=  384, 2s)
2026-09-14 18:58:29,060 [INFO]   [Pandora 3] DESC (pahalı→ucuz) p  3: 192 ilan (toplam=  576, 4s)
2026-09-14 18:58:29,812 [INFO]   [Pandora 3] DESC (pahalı→ucuz) p  4: 192 ilan (toplam=  768, 5s)
2026-09-14 18:58:31,317 [INFO]   [Pandora 3] DESC (pahalı→ucuz) p  5: 192 ilan (toplam=  960, 6s)
2026-09-14 18:58:33,057 [INFO]   [Pandora 3] DESC (pahalı→ucuz) p  6: 192 ilan (toplam= 1152, 8s)
2026-09-14 18:58:33,817 [INFO]   [Pandora 3] DESC (pahalı→ucuz) p  7: 192 ilan (toplam= 1344, 9s)
2026-09-14 18:58:35,424 [INFO]   [Pandora 3] DESC (pahalı→ucuz) p  8: 192 ilan (toplam= 1536, 10s)
2026-09-14 18:58:36,171 [INFO]   [Pandora 3] DESC (pahalı→ucuz) p  9: 192 ilan (toplam= 1728, 11s)
2026-09-14 18:58:36,947 [INFO]   [Pandora 3] DESC (pahalı→ucuz) p 10: 192 ilan (toplam= 1920, 12s)
2026-09-14 18:58:37,744 [INFO]   [Pandora 3] DESC (pahalı→ucuz) p 11: 192 ilan (toplam= 2112, 12s)
2026-09-14 18:58:38,504 [INFO]   [Pandora 3] DESC (pahalı→ucuz) p 12: 192 ilan (toplam= 2304, 13s)
2026-09-14 18:58:39,300 [INFO]   [Pandora 3] DESC (pahalı→ucuz) p 13: 192 ilan (toplam= 2496, 14s)
2026-09-14 18:58:40,533 [INFO]   [Pandora 3] DESC (pahalı→ucuz) p 14: 192 ilan (toplam= 2688, 15s)
2026-09-14 18:58:41,416 [INFO]   [Pandora 3] DESC (pahalı→ucuz) p 15: 192 ilan (toplam= 2880, 16s)
2026-09-14 18:58:42,245 [INFO]   [Pandora 3] DESC (pahalı→ucuz) p 16: 192 ilan (toplam= 3072, 17s)
2026-09-14 18:58:43,060 [INFO]   [Pandora 3] DESC (pahalı→ucuz) p 17: 192 ilan (toplam= 3264, 18s)
2026-09-14 18:58:43,887 [INFO]   [Pandora 3] DESC (pahalı→ucuz) p 18: 192 ilan (toplam= 3456, 19s)
2026-09-14 18:58:45,190 [INFO]   [Pandora 3] DESC (pahalı→ucuz) p 19: 192 ilan (toplam= 3648, 20s)
2026-09-14 18:58:45,959 [INFO]   [Pandora 3] DESC (pahalı→ucuz) p 20: 192 ilan (toplam= 3840, 21s)
2026-09-14 18:58:46,822 [INFO]   [Pandora 3] DESC (pahalı→ucuz) p 21: 192 ilan (toplam= 4032, 22s)
2026-09-14 18:58:48,335 [INFO]   [Pandora 3] DESC (pahalı→ucuz) p 22: 192 ilan (toplam= 4224, 23s)
2026-09-14 18:58:49,160 [INFO]   [Pandora 3] DESC (pahalı→ucuz) p 23: 192 ilan (toplam= 4416, 24s)
2026-09-14 18:58:50,636 [INFO]   [Pandora 3] DESC (pahalı→ucuz) p 24: 192 ilan (toplam= 4608, 25s)
2026-09-14 18:58:51,397 [INFO]   [Pandora 3] DESC (pahalı→ucuz) p 25: 192 ilan (toplam= 4800, 26s)
2026-09-14 18:58:52,160 [INFO]   [Pandora 3] DESC (pahalı→ucuz) p 26: 192 ilan (toplam= 4992, 27s)
2026-09-14 18:58:53,050 [INFO]   [Pandora 3] DESC (pahalı→ucuz) p 27: 192 ilan (toplam= 5184, 28s)
2026-09-14 18:58:53,825 [INFO]   [Pandora 3] DESC (pahalı→ucuz) p 28: 192 ilan (toplam= 5376, 29s)
2026-09-14 18:58:55,169 [INFO]   [Pandora 3] DESC (pahalı→ucuz) p 29: 192 ilan (toplam= 5568, 30s)
2026-09-14 18:58:55,793 [WARNING]   [Pandora 3] DESC (pahalı→ucuz) p30 → 429, 60sn bekle
2026-09-14 18:59:56,046 [INFO] Token yenilendi: eyJzaWQiOiJjNDE4YzIx...
2026-09-14 18:59:56,162 [WARNING]   [Pandora 3] p30 → 429 — 60sn bekleniyor
2026-09-14 19:00:56,614 [INFO] Token yenilendi: eyJzaWQiOiJjNDE4YzIx...
2026-09-14 19:00:56,724 [WARNING]   [Pandora 3] p30 → 429 — 120sn bekleniyor
2026-09-14 19:02:56,879 [INFO] Token yenilendi: eyJzaWQiOiJjNDE4YzIx...
2026-09-14 19:02:57,014 [WARNING]   [Pandora 3] p30 → 429 — 180sn bekleniyor
2026-09-14 19:05:57,171 [INFO] Token yenilendi: eyJzaWQiOiJjNDE4YzIx...
2026-09-14 19:05:57,171 [WARNING]   [Pandora 3] DESC (pahalı→ucuz) sayfa 30 alinamadi — bitti
2026-09-14 19:05:57,171 [INFO]   [Pandora 3] DESC (pahalı→ucuz) bitti: 5568 ilan
2026-09-14 19:05:57,172 [INFO] [Pandora 3] TOPLAM: 5568 ilan
2026-09-14 19:06:06,782 [INFO] [pandora3] 5568 ilan yazildi (9340ms)
2026-09-14 19:06:06,782 [INFO] Tamamlandi — 462sn
2026-09-14 19:06:06,782 [INFO] ============================================================
2026-09-14 19:07:24,845 [INFO] ============================================================
2026-09-14 19:07:24,845 [INFO] MSGKO Scraper v4 — 2026-09-14 19:07:24
2026-09-14 19:07:24,846 [INFO] Kanal [7]: Pandora 4 (serverType=11) — ASC (ucuz→pahalı)
2026-09-14 19:07:26,152 [INFO] Token alindi: eyJzaWQiOiJjM2EwMzZk...
2026-09-14 19:07:26,152 [INFO] [Pandora 4] Baglanti testi...
2026-09-14 19:07:26,277 [WARNING] Sayfa 1: HTTP 429
2026-09-14 19:07:26,277 [INFO] 60sn bekleniyor...
2026-09-14 19:08:26,394 [INFO] Token yenilendi: eyJzaWQiOiJjM2EwMzZk...
2026-09-14 19:08:26,491 [WARNING] Sayfa 1: HTTP 429
2026-09-14 19:08:26,491 [INFO] 120sn bekleniyor...
2026-09-14 19:10:26,625 [INFO] Token yenilendi: eyJzaWQiOiJjM2EwMzZk...
2026-09-14 19:10:26,722 [WARNING] Sayfa 1: HTTP 429
2026-09-14 19:10:26,722 [WARNING] Site engelliyor — run atlaniyor
2026-09-14 19:13:24,791 [INFO] ============================================================
2026-09-14 19:13:24,791 [INFO] MSGKO Scraper v4 — 2026-09-14 19:13:24
2026-09-14 19:13:24,791 [INFO] Kanal [7]: Pandora 4 (serverType=11) — DESC (pahalı→ucuz)
2026-09-14 19:13:25,556 [INFO] Token alindi: eyJzaWQiOiJiZDgzZjIw...
2026-09-14 19:13:25,556 [INFO] [Pandora 4] Baglanti testi...
2026-09-14 19:13:25,675 [WARNING] Sayfa 1: HTTP 429
2026-09-14 19:13:25,675 [INFO] 60sn bekleniyor...
2026-09-14 19:14:25,810 [INFO] Token yenilendi: eyJzaWQiOiJiZDgzZjIw...
2026-09-14 19:14:25,912 [WARNING] Sayfa 1: HTTP 429
2026-09-14 19:14:25,912 [INFO] 120sn bekleniyor...
2026-09-14 19:16:26,020 [INFO] Token yenilendi: eyJzaWQiOiJiZDgzZjIw...
2026-09-14 19:16:26,124 [WARNING] Sayfa 1: HTTP 429
2026-09-14 19:16:26,124 [WARNING] Site engelliyor — run atlaniyor
2026-09-14 19:19:24,747 [INFO] ============================================================
2026-09-14 19:19:24,747 [INFO] MSGKO Scraper v4 — 2026-09-14 19:19:24
2026-09-14 19:19:24,747 [INFO] Kanal [8]: Destan 2 (serverType=4) — ASC (ucuz→pahalı)
2026-09-14 19:19:25,170 [INFO] Token alindi: eyJzaWQiOiJhM2RhOTI1...
2026-09-14 19:19:25,170 [INFO] [Destan 2] Baglanti testi...
2026-09-14 19:19:25,278 [WARNING] Sayfa 1: HTTP 429
2026-09-14 19:19:25,279 [INFO] 60sn bekleniyor...
2026-09-14 19:20:25,395 [INFO] Token yenilendi: eyJzaWQiOiJhM2RhOTI1...
2026-09-14 19:20:25,506 [WARNING] Sayfa 1: HTTP 429
2026-09-14 19:20:25,507 [INFO] 120sn bekleniyor...
2026-09-14 19:22:25,621 [INFO] Token yenilendi: eyJzaWQiOiJhM2RhOTI1...
2026-09-14 19:22:25,730 [WARNING] Sayfa 1: HTTP 429
2026-09-14 19:22:25,730 [WARNING] Site engelliyor — run atlaniyor
2026-09-14 19:25:24,871 [INFO] ============================================================
2026-09-14 19:25:24,871 [INFO] MSGKO Scraper v4 — 2026-09-14 19:25:24
2026-09-14 19:25:24,871 [INFO] Kanal [8]: Destan 2 (serverType=4) — DESC (pahalı→ucuz)
2026-09-14 19:25:25,410 [INFO] Token alindi: eyJzaWQiOiIwOGVhMDRj...
2026-09-14 19:25:25,410 [INFO] [Destan 2] Baglanti testi...
2026-09-14 19:25:25,538 [WARNING] Sayfa 1: HTTP 429
2026-09-14 19:25:25,538 [INFO] 60sn bekleniyor...
2026-09-14 19:26:25,746 [INFO] Token yenilendi: eyJzaWQiOiIwOGVhMDRj...
2026-09-14 19:26:25,856 [WARNING] Sayfa 1: HTTP 429
2026-09-14 19:26:25,856 [INFO] 120sn bekleniyor...
2026-09-14 19:28:25,963 [INFO] Token yenilendi: eyJzaWQiOiIwOGVhMDRj...
2026-09-14 19:28:26,075 [WARNING] Sayfa 1: HTTP 429
2026-09-14 19:28:26,075 [WARNING] Site engelliyor — run atlaniyor
2026-09-14 19:31:24,779 [INFO] ============================================================
2026-09-14 19:31:24,779 [INFO] MSGKO Scraper v4 — 2026-09-14 19:31:24
2026-09-14 19:31:24,779 [INFO] Kanal [9]: Destan 3 (serverType=13) — ASC (ucuz→pahalı)
2026-09-14 19:31:25,269 [INFO] Token alindi: eyJzaWQiOiI5MDAwODkw...
2026-09-14 19:31:25,269 [INFO] [Destan 3] Baglanti testi...
2026-09-14 19:31:25,675 [INFO] Baglanti OK!
2026-09-14 19:31:25,675 [INFO] [Destan 3] ASC (ucuz→pahalı)
2026-09-14 19:31:25,753 [INFO]   [Destan 3] ASC (ucuz→pahalı) p  1: 192 ilan (toplam=  192, 0s)
2026-09-14 19:31:26,896 [INFO]   [Destan 3] ASC (ucuz→pahalı) p  2: 192 ilan (toplam=  384, 2s)
2026-09-14 19:31:27,689 [INFO]   [Destan 3] ASC (ucuz→pahalı) p  3: 192 ilan (toplam=  576, 2s)
2026-09-14 19:31:28,445 [INFO]   [Destan 3] ASC (ucuz→pahalı) p  4: 192 ilan (toplam=  768, 3s)
2026-09-14 19:31:30,207 [INFO]   [Destan 3] ASC (ucuz→pahalı) p  5: 192 ilan (toplam=  960, 5s)
2026-09-14 19:31:30,946 [INFO]   [Destan 3] ASC (ucuz→pahalı) p  6: 192 ilan (toplam= 1152, 6s)
2026-09-14 19:31:31,690 [INFO]   [Destan 3] ASC (ucuz→pahalı) p  7: 192 ilan (toplam= 1344, 6s)
2026-09-14 19:31:32,442 [INFO]   [Destan 3] ASC (ucuz→pahalı) p  8: 192 ilan (toplam= 1536, 7s)
2026-09-14 19:31:33,210 [INFO]   [Destan 3] ASC (ucuz→pahalı) p  9: 192 ilan (toplam= 1728, 8s)
2026-09-14 19:31:35,001 [INFO]   [Destan 3] ASC (ucuz→pahalı) p 10: 192 ilan (toplam= 1920, 10s)
2026-09-14 19:31:35,748 [INFO]   [Destan 3] ASC (ucuz→pahalı) p 11: 192 ilan (toplam= 2112, 10s)
2026-09-14 19:31:36,542 [INFO]   [Destan 3] ASC (ucuz→pahalı) p 12: 192 ilan (toplam= 2304, 11s)
2026-09-14 19:31:37,288 [INFO]   [Destan 3] ASC (ucuz→pahalı) p 13: 192 ilan (toplam= 2496, 12s)
2026-09-14 19:31:38,021 [INFO]   [Destan 3] ASC (ucuz→pahalı) p 14: 192 ilan (toplam= 2688, 13s)
2026-09-14 19:31:38,791 [INFO]   [Destan 3] ASC (ucuz→pahalı) p 15: 192 ilan (toplam= 2880, 14s)
2026-09-14 19:31:39,558 [INFO]   [Destan 3] ASC (ucuz→pahalı) p 16: 192 ilan (toplam= 3072, 14s)
2026-09-14 19:31:40,296 [INFO]   [Destan 3] ASC (ucuz→pahalı) p 17: 192 ilan (toplam= 3264, 15s)
2026-09-14 19:31:42,121 [INFO]   [Destan 3] ASC (ucuz→pahalı) p 18: 192 ilan (toplam= 3456, 17s)
2026-09-14 19:31:43,929 [INFO]   [Destan 3] ASC (ucuz→pahalı) p 19: 192 ilan (toplam= 3648, 19s)
2026-09-14 19:31:44,671 [INFO]   [Destan 3] ASC (ucuz→pahalı) p 20: 192 ilan (toplam= 3840, 19s)
2026-09-14 19:31:46,161 [INFO]   [Destan 3] ASC (ucuz→pahalı) p 21: 192 ilan (toplam= 4032, 21s)
2026-09-14 19:31:47,094 [INFO]   [Destan 3] ASC (ucuz→pahalı) p 22: 192 ilan (toplam= 4224, 22s)
2026-09-14 19:31:47,908 [INFO]   [Destan 3] ASC (ucuz→pahalı) p 23: 192 ilan (toplam= 4416, 23s)
2026-09-14 19:31:48,724 [INFO]   [Destan 3] ASC (ucuz→pahalı) p 24: 192 ilan (toplam= 4608, 23s)
2026-09-14 19:31:49,506 [INFO]   [Destan 3] ASC (ucuz→pahalı) p 25: 192 ilan (toplam= 4800, 24s)
2026-09-14 19:31:50,269 [INFO]   [Destan 3] ASC (ucuz→pahalı) p 26: 192 ilan (toplam= 4992, 25s)
2026-09-14 19:31:51,009 [INFO]   [Destan 3] ASC (ucuz→pahalı) p 27: 192 ilan (toplam= 5184, 26s)
2026-09-14 19:31:51,803 [INFO]   [Destan 3] ASC (ucuz→pahalı) p 28: 192 ilan (toplam= 5376, 27s)
2026-09-14 19:31:52,548 [INFO]   [Destan 3] ASC (ucuz→pahalı) p 29: 192 ilan (toplam= 5568, 27s)
2026-09-14 19:31:54,443 [INFO]   [Destan 3] ASC (ucuz→pahalı) p 30: 192 ilan (toplam= 5760, 29s)
2026-09-14 19:31:55,061 [WARNING]   [Destan 3] ASC (ucuz→pahalı) p31 → 429, 60sn bekle
2026-09-14 19:32:55,202 [INFO] Token yenilendi: eyJzaWQiOiI5MDAwODkw...
2026-09-14 19:32:55,661 [WARNING]   [Destan 3] p31 → 429 — 60sn bekleniyor
2026-09-14 19:33:55,817 [INFO] Token yenilendi: eyJzaWQiOiI5MDAwODkw...
2026-09-14 19:33:55,936 [WARNING]   [Destan 3] p31 → 429 — 120sn bekleniyor
2026-09-14 19:35:56,086 [INFO] Token yenilendi: eyJzaWQiOiI5MDAwODkw...
2026-09-14 19:35:56,211 [WARNING]   [Destan 3] p31 → 429 — 180sn bekleniyor
2026-09-14 19:38:56,344 [INFO] Token yenilendi: eyJzaWQiOiI5MDAwODkw...
2026-09-14 19:38:56,344 [WARNING]   [Destan 3] ASC (ucuz→pahalı) sayfa 31 alinamadi — bitti
2026-09-14 19:38:56,344 [INFO]   [Destan 3] ASC (ucuz→pahalı) bitti: 5760 ilan
2026-09-14 19:38:56,344 [INFO] [Destan 3] TOPLAM: 5760 ilan
2026-09-14 19:39:07,535 [INFO] [destan3] 5760 ilan yazildi (10920ms)
2026-09-14 19:39:07,535 [INFO] Tamamlandi — 462sn
2026-09-14 19:39:07,535 [INFO] ============================================================
2026-09-14 19:40:24,826 [INFO] ============================================================
2026-09-14 19:40:24,826 [INFO] MSGKO Scraper v4 — 2026-09-14 19:40:24
2026-09-14 19:40:24,827 [INFO] Kanal [9]: Destan 3 (serverType=13) — DESC (pahalı→ucuz)
2026-09-14 19:40:25,306 [INFO] Token alindi: eyJzaWQiOiIwMzcxYzkz...
2026-09-14 19:40:25,306 [INFO] [Destan 3] Baglanti testi...
2026-09-14 19:40:25,422 [WARNING] Sayfa 1: HTTP 429
2026-09-14 19:40:25,422 [INFO] 60sn bekleniyor...
2026-09-14 19:41:25,587 [INFO] Token yenilendi: eyJzaWQiOiIwMzcxYzkz...
2026-09-14 19:41:25,706 [WARNING] Sayfa 1: HTTP 429
2026-09-14 19:41:25,706 [INFO] 120sn bekleniyor...
2026-09-14 19:43:26,942 [INFO] Token yenilendi: eyJzaWQiOiIwMzcxYzkz...
2026-09-14 19:43:27,070 [WARNING] Sayfa 1: HTTP 429
2026-09-14 19:43:27,070 [WARNING] Site engelliyor — run atlaniyor
2026-09-14 19:46:24,786 [INFO] ============================================================
2026-09-14 19:46:24,786 [INFO] MSGKO Scraper v4 — 2026-09-14 19:46:24
2026-09-14 19:46:24,787 [INFO] Kanal [0]: Zero 3 (serverType=0) — ASC (ucuz→pahalı)
2026-09-14 19:46:25,237 [INFO] Token alindi: eyJzaWQiOiI1OTExNmVl...
2026-09-14 19:46:25,237 [INFO] [Zero 3] Baglanti testi...
2026-09-14 19:46:25,339 [WARNING] Sayfa 1: HTTP 429
2026-09-14 19:46:25,339 [INFO] 60sn bekleniyor...
2026-09-14 19:47:25,472 [INFO] Token yenilendi: eyJzaWQiOiI1OTExNmVl...
2026-09-14 19:47:25,574 [WARNING] Sayfa 1: HTTP 429
2026-09-14 19:47:25,574 [INFO] 120sn bekleniyor...
2026-09-14 19:49:26,371 [INFO] Token yenilendi: eyJzaWQiOiI1OTExNmVl...
2026-09-14 19:49:26,477 [WARNING] Sayfa 1: HTTP 429
2026-09-14 19:49:26,478 [WARNING] Site engelliyor — run atlaniyor
2026-09-14 19:52:24,772 [INFO] ============================================================
2026-09-14 19:52:24,773 [INFO] MSGKO Scraper v4 — 2026-09-14 19:52:24
2026-09-14 19:52:24,773 [INFO] Kanal [0]: Zero 3 (serverType=0) — DESC (pahalı→ucuz)
2026-09-14 19:52:25,355 [INFO] Token alindi: eyJzaWQiOiIzMzQyZTE5...
2026-09-14 19:52:25,355 [INFO] [Zero 3] Baglanti testi...
2026-09-14 19:52:25,485 [WARNING] Sayfa 1: HTTP 429
2026-09-14 19:52:25,485 [INFO] 60sn bekleniyor...
2026-09-14 19:53:25,642 [INFO] Token yenilendi: eyJzaWQiOiIzMzQyZTE5...
2026-09-14 19:53:25,755 [WARNING] Sayfa 1: HTTP 429
2026-09-14 19:53:25,755 [INFO] 120sn bekleniyor...
2026-09-14 19:55:26,108 [INFO] Token yenilendi: eyJzaWQiOiIzMzQyZTE5...
2026-09-14 19:55:26,354 [WARNING] Sayfa 1: HTTP 429
2026-09-14 19:55:26,354 [WARNING] Site engelliyor — run atlaniyor
2026-09-14 19:58:24,860 [INFO] ============================================================
2026-09-14 19:58:24,860 [INFO] MSGKO Scraper v4 — 2026-09-14 19:58:24
2026-09-14 19:58:24,860 [INFO] Kanal [1]: Zero 4 (serverType=5) — ASC (ucuz→pahalı)
2026-09-14 19:58:25,867 [INFO] Token alindi: eyJzaWQiOiI3MzFlYjli...
2026-09-14 19:58:25,867 [INFO] [Zero 4] Baglanti testi...
2026-09-14 19:58:26,014 [WARNING] Sayfa 1: HTTP 429
2026-09-14 19:58:26,014 [INFO] 60sn bekleniyor...
2026-09-14 19:59:26,491 [INFO] Token yenilendi: eyJzaWQiOiI3MzFlYjli...
2026-09-14 19:59:26,664 [WARNING] Sayfa 1: HTTP 429
2026-09-14 19:59:26,664 [INFO] 120sn bekleniyor...
2026-09-14 20:01:26,832 [INFO] Token yenilendi: eyJzaWQiOiI3MzFlYjli...
2026-09-14 20:01:26,974 [WARNING] Sayfa 1: HTTP 429
2026-09-14 20:01:26,975 [WARNING] Site engelliyor — run atlaniyor
2026-09-14 20:04:24,876 [INFO] ============================================================
2026-09-14 20:04:24,877 [INFO] MSGKO Scraper v4 — 2026-09-14 20:04:24
2026-09-14 20:04:24,877 [INFO] Kanal [1]: Zero 4 (serverType=5) — DESC (pahalı→ucuz)
2026-09-14 20:04:25,452 [INFO] Token alindi: eyJzaWQiOiI3YTY3NGJi...
2026-09-14 20:04:25,452 [INFO] [Zero 4] Baglanti testi...
2026-09-14 20:04:25,738 [INFO] Baglanti OK!
2026-09-14 20:04:25,738 [INFO] [Zero 4] DESC (pahalı→ucuz)
2026-09-14 20:04:27,847 [INFO]   [Zero 4] DESC (pahalı→ucuz) p  1: 192 ilan (toplam=  192, 2s)
2026-09-14 20:04:28,644 [INFO]   [Zero 4] DESC (pahalı→ucuz) p  2: 192 ilan (toplam=  384, 3s)
2026-09-14 20:04:29,413 [INFO]   [Zero 4] DESC (pahalı→ucuz) p  3: 192 ilan (toplam=  576, 4s)
2026-09-14 20:04:30,169 [INFO]   [Zero 4] DESC (pahalı→ucuz) p  4: 192 ilan (toplam=  768, 5s)
2026-09-14 20:04:31,034 [INFO]   [Zero 4] DESC (pahalı→ucuz) p  5: 192 ilan (toplam=  960, 6s)
2026-09-14 20:04:31,850 [INFO]   [Zero 4] DESC (pahalı→ucuz) p  6: 192 ilan (toplam= 1152, 6s)
2026-09-14 20:04:32,638 [INFO]   [Zero 4] DESC (pahalı→ucuz) p  7: 192 ilan (toplam= 1344, 7s)
2026-09-14 20:04:33,442 [INFO]   [Zero 4] DESC (pahalı→ucuz) p  8: 192 ilan (toplam= 1536, 8s)
2026-09-14 20:04:34,249 [INFO]   [Zero 4] DESC (pahalı→ucuz) p  9: 192 ilan (toplam= 1728, 9s)
2026-09-14 20:04:35,038 [INFO]   [Zero 4] DESC (pahalı→ucuz) p 10: 192 ilan (toplam= 1920, 10s)
2026-09-14 20:04:35,843 [INFO]   [Zero 4] DESC (pahalı→ucuz) p 11: 192 ilan (toplam= 2112, 10s)
2026-09-14 20:04:37,167 [INFO]   [Zero 4] DESC (pahalı→ucuz) p 12: 192 ilan (toplam= 2304, 12s)
2026-09-14 20:04:37,962 [INFO]   [Zero 4] DESC (pahalı→ucuz) p 13: 192 ilan (toplam= 2496, 13s)
2026-09-14 20:04:38,975 [INFO]   [Zero 4] DESC (pahalı→ucuz) p 14: 192 ilan (toplam= 2688, 14s)
2026-09-14 20:04:40,832 [INFO]   [Zero 4] DESC (pahalı→ucuz) p 15: 192 ilan (toplam= 2880, 15s)
2026-09-14 20:04:41,700 [INFO]   [Zero 4] DESC (pahalı→ucuz) p 16: 192 ilan (toplam= 3072, 16s)
2026-09-14 20:04:42,495 [INFO]   [Zero 4] DESC (pahalı→ucuz) p 17: 192 ilan (toplam= 3264, 17s)
2026-09-14 20:04:43,295 [INFO]   [Zero 4] DESC (pahalı→ucuz) p 18: 192 ilan (toplam= 3456, 18s)
2026-09-14 20:04:44,054 [INFO]   [Zero 4] DESC (pahalı→ucuz) p 19: 192 ilan (toplam= 3648, 19s)
2026-09-14 20:04:44,830 [INFO]   [Zero 4] DESC (pahalı→ucuz) p 20: 192 ilan (toplam= 3840, 19s)
2026-09-14 20:04:45,630 [INFO]   [Zero 4] DESC (pahalı→ucuz) p 21: 192 ilan (toplam= 4032, 20s)
2026-09-14 20:04:47,301 [INFO]   [Zero 4] DESC (pahalı→ucuz) p 22: 192 ilan (toplam= 4224, 22s)
2026-09-14 20:04:48,105 [INFO]   [Zero 4] DESC (pahalı→ucuz) p 23: 192 ilan (toplam= 4416, 23s)
2026-09-14 20:04:48,934 [INFO]   [Zero 4] DESC (pahalı→ucuz) p 24: 192 ilan (toplam= 4608, 24s)
2026-09-14 20:04:50,206 [INFO]   [Zero 4] DESC (pahalı→ucuz) p 25: 192 ilan (toplam= 4800, 25s)
2026-09-14 20:04:51,041 [INFO]   [Zero 4] DESC (pahalı→ucuz) p 26: 192 ilan (toplam= 4992, 26s)
2026-09-14 20:04:51,872 [INFO]   [Zero 4] DESC (pahalı→ucuz) p 27: 192 ilan (toplam= 5184, 26s)
2026-09-14 20:04:52,721 [INFO]   [Zero 4] DESC (pahalı→ucuz) p 28: 192 ilan (toplam= 5376, 27s)
2026-09-14 20:04:53,544 [INFO]   [Zero 4] DESC (pahalı→ucuz) p 29: 192 ilan (toplam= 5568, 28s)
2026-09-14 20:04:54,215 [WARNING]   [Zero 4] DESC (pahalı→ucuz) p30 → 429, 60sn bekle
2026-09-14 20:05:54,400 [INFO] Token yenilendi: eyJzaWQiOiI3YTY3NGJi...
2026-09-14 20:05:54,539 [WARNING]   [Zero 4] p30 → 429 — 60sn bekleniyor
2026-09-14 20:06:54,756 [INFO] Token yenilendi: eyJzaWQiOiI3YTY3NGJi...
2026-09-14 20:06:54,914 [WARNING]   [Zero 4] p30 → 429 — 120sn bekleniyor
2026-09-14 20:08:55,075 [INFO] Token yenilendi: eyJzaWQiOiI3YTY3NGJi...
2026-09-14 20:08:55,204 [WARNING]   [Zero 4] p30 → 429 — 180sn bekleniyor
2026-09-14 20:11:55,376 [INFO] Token yenilendi: eyJzaWQiOiI3YTY3NGJi...
2026-09-14 20:11:55,377 [WARNING]   [Zero 4] DESC (pahalı→ucuz) sayfa 30 alinamadi — bitti
2026-09-14 20:11:55,377 [INFO]   [Zero 4] DESC (pahalı→ucuz) bitti: 5568 ilan
2026-09-14 20:11:55,377 [INFO] [Zero 4] TOPLAM: 5568 ilan
2026-09-14 20:12:11,126 [INFO] [zero4] 5568 ilan yazildi (15416ms)
2026-09-14 20:12:11,126 [INFO] Tamamlandi — 466sn
2026-09-14 20:12:11,126 [INFO] ============================================================
2026-09-14 20:13:24,874 [INFO] ============================================================
2026-09-14 20:13:24,874 [INFO] MSGKO Scraper v4 — 2026-09-14 20:13:24
2026-09-14 20:13:24,875 [INFO] Kanal [2]: Zero 5 (serverType=8) — ASC (ucuz→pahalı)
2026-09-14 20:13:25,748 [INFO] Token alindi: eyJzaWQiOiIzOGZhMmU5...
2026-09-14 20:13:25,748 [INFO] [Zero 5] Baglanti testi...
2026-09-14 20:13:25,894 [WARNING] Sayfa 1: HTTP 429
2026-09-14 20:13:25,894 [INFO] 60sn bekleniyor...
2026-09-14 20:14:26,024 [INFO] Token yenilendi: eyJzaWQiOiIzOGZhMmU5...
2026-09-14 20:14:26,159 [WARNING] Sayfa 1: HTTP 429
2026-09-14 20:14:26,159 [INFO] 120sn bekleniyor...
2026-09-14 20:16:27,194 [INFO] Token yenilendi: eyJzaWQiOiIzOGZhMmU5...
2026-09-14 20:16:27,323 [WARNING] Sayfa 1: HTTP 429
2026-09-14 20:16:27,323 [WARNING] Site engelliyor — run atlaniyor
2026-09-14 20:19:24,893 [INFO] ============================================================
2026-09-14 20:19:24,893 [INFO] MSGKO Scraper v4 — 2026-09-14 20:19:24
2026-09-14 20:19:24,893 [INFO] Kanal [2]: Zero 5 (serverType=8) — DESC (pahalı→ucuz)
2026-09-14 20:19:25,515 [INFO] Token alindi: eyJzaWQiOiI2ZWJjMGJk...
2026-09-14 20:19:25,516 [INFO] [Zero 5] Baglanti testi...
2026-09-14 20:19:25,671 [WARNING] Sayfa 1: HTTP 429
2026-09-14 20:19:25,671 [INFO] 60sn bekleniyor...
2026-09-14 20:20:25,879 [INFO] Token yenilendi: eyJzaWQiOiI2ZWJjMGJk...
2026-09-14 20:20:26,031 [WARNING] Sayfa 1: HTTP 429
2026-09-14 20:20:26,031 [INFO] 120sn bekleniyor...
2026-09-14 20:22:26,594 [INFO] Token yenilendi: eyJzaWQiOiI2ZWJjMGJk...
2026-09-14 20:22:26,758 [WARNING] Sayfa 1: HTTP 429
2026-09-14 20:22:26,759 [WARNING] Site engelliyor — run atlaniyor
2026-09-14 20:25:24,862 [INFO] ============================================================
2026-09-14 20:25:24,863 [INFO] MSGKO Scraper v4 — 2026-09-14 20:25:24
2026-09-14 20:25:24,863 [INFO] Kanal [3]: Zero 8 (serverType=15) — ASC (ucuz→pahalı)
2026-09-14 20:25:25,450 [INFO] Token alindi: eyJzaWQiOiJlZjJkNDZm...
2026-09-14 20:25:25,450 [INFO] [Zero 8] Baglanti testi...
2026-09-14 20:25:25,599 [WARNING] Sayfa 1: HTTP 429
2026-09-14 20:25:25,599 [INFO] 60sn bekleniyor...
2026-09-14 20:26:25,777 [INFO] Token yenilendi: eyJzaWQiOiJlZjJkNDZm...
2026-09-14 20:26:25,936 [WARNING] Sayfa 1: HTTP 429
2026-09-14 20:26:25,936 [INFO] 120sn bekleniyor...
2026-09-14 20:28:26,754 [INFO] Token yenilendi: eyJzaWQiOiJlZjJkNDZm...
2026-09-14 20:28:26,894 [WARNING] Sayfa 1: HTTP 429
2026-09-14 20:28:26,894 [WARNING] Site engelliyor — run atlaniyor
2026-09-14 20:31:24,838 [INFO] ============================================================
2026-09-14 20:31:24,838 [INFO] MSGKO Scraper v4 — 2026-09-14 20:31:24
2026-09-14 20:31:24,838 [INFO] Kanal [3]: Zero 8 (serverType=15) — DESC (pahalı→ucuz)
2026-09-14 20:31:25,423 [INFO] Token alindi: eyJzaWQiOiJmYWIyZGE5...
2026-09-14 20:31:25,423 [INFO] [Zero 8] Baglanti testi...
2026-09-14 20:31:25,568 [WARNING] Sayfa 1: HTTP 429
2026-09-14 20:31:25,568 [INFO] 60sn bekleniyor...
2026-09-14 20:32:26,536 [INFO] Token yenilendi: eyJzaWQiOiJmYWIyZGE5...
2026-09-14 20:32:26,701 [WARNING] Sayfa 1: HTTP 429
2026-09-14 20:32:26,701 [INFO] 120sn bekleniyor...
2026-09-14 20:34:27,729 [INFO] Token yenilendi: eyJzaWQiOiJmYWIyZGE5...
2026-09-14 20:34:27,867 [WARNING] Sayfa 1: HTTP 429
2026-09-14 20:34:27,867 [WARNING] Site engelliyor — run atlaniyor
2026-09-14 20:37:25,387 [INFO] ============================================================
2026-09-14 20:37:25,388 [INFO] MSGKO Scraper v4 — 2026-09-14 20:37:25
2026-09-14 20:37:25,388 [INFO] Kanal [4]: Agartha 3 (serverType=1) — ASC (ucuz→pahalı)
2026-09-14 20:37:26,785 [INFO] Token alindi: eyJzaWQiOiI1ZTAzNjU3...
2026-09-14 20:37:26,785 [INFO] [Agartha 3] Baglanti testi...
2026-09-14 20:37:27,057 [INFO] Baglanti OK!
2026-09-14 20:37:27,057 [INFO] [Agartha 3] ASC (ucuz→pahalı)
2026-09-14 20:37:27,156 [INFO]   [Agartha 3] ASC (ucuz→pahalı) p  1: 192 ilan (toplam=  192, 1s)
2026-09-14 20:37:27,961 [INFO]   [Agartha 3] ASC (ucuz→pahalı) p  2: 192 ilan (toplam=  384, 2s)
2026-09-14 20:37:28,784 [INFO]   [Agartha 3] ASC (ucuz→pahalı) p  3: 192 ilan (toplam=  576, 3s)
2026-09-14 20:37:29,606 [INFO]   [Agartha 3] ASC (ucuz→pahalı) p  4: 192 ilan (toplam=  768, 4s)
2026-09-14 20:37:31,471 [INFO]   [Agartha 3] ASC (ucuz→pahalı) p  5: 192 ilan (toplam=  960, 6s)
2026-09-14 20:37:32,352 [INFO]   [Agartha 3] ASC (ucuz→pahalı) p  6: 192 ilan (toplam= 1152, 6s)
2026-09-14 20:37:33,998 [INFO]   [Agartha 3] ASC (ucuz→pahalı) p  7: 192 ilan (toplam= 1344, 8s)
2026-09-14 20:37:34,814 [INFO]   [Agartha 3] ASC (ucuz→pahalı) p  8: 192 ilan (toplam= 1536, 9s)
2026-09-14 20:37:35,609 [INFO]   [Agartha 3] ASC (ucuz→pahalı) p  9: 192 ilan (toplam= 1728, 10s)
2026-09-14 20:37:37,145 [INFO]   [Agartha 3] ASC (ucuz→pahalı) p 10: 192 ilan (toplam= 1920, 11s)
2026-09-14 20:37:37,959 [INFO]   [Agartha 3] ASC (ucuz→pahalı) p 11: 192 ilan (toplam= 2112, 12s)
2026-09-14 20:37:38,760 [INFO]   [Agartha 3] ASC (ucuz→pahalı) p 12: 192 ilan (toplam= 2304, 13s)
2026-09-14 20:37:40,169 [INFO]   [Agartha 3] ASC (ucuz→pahalı) p 13: 192 ilan (toplam= 2496, 14s)
2026-09-14 20:37:41,012 [INFO]   [Agartha 3] ASC (ucuz→pahalı) p 14: 192 ilan (toplam= 2688, 15s)
2026-09-14 20:37:41,883 [INFO]   [Agartha 3] ASC (ucuz→pahalı) p 15: 192 ilan (toplam= 2880, 16s)
2026-09-14 20:37:43,586 [INFO]   [Agartha 3] ASC (ucuz→pahalı) p 16: 192 ilan (toplam= 3072, 18s)
2026-09-14 20:37:44,351 [INFO]   [Agartha 3] ASC (ucuz→pahalı) p 17: 192 ilan (toplam= 3264, 18s)
2026-09-14 20:37:45,178 [INFO]   [Agartha 3] ASC (ucuz→pahalı) p 18: 192 ilan (toplam= 3456, 19s)
2026-09-14 20:37:46,043 [INFO]   [Agartha 3] ASC (ucuz→pahalı) p 19: 192 ilan (toplam= 3648, 20s)
2026-09-14 20:37:46,870 [INFO]   [Agartha 3] ASC (ucuz→pahalı) p 20: 192 ilan (toplam= 3840, 21s)
2026-09-14 20:37:47,681 [INFO]   [Agartha 3] ASC (ucuz→pahalı) p 21: 192 ilan (toplam= 4032, 22s)
2026-09-14 20:37:48,448 [INFO]   [Agartha 3] ASC (ucuz→pahalı) p 22: 192 ilan (toplam= 4224, 23s)
2026-09-14 20:37:49,225 [INFO]   [Agartha 3] ASC (ucuz→pahalı) p 23: 192 ilan (toplam= 4416, 23s)
2026-09-14 20:37:50,854 [INFO]   [Agartha 3] ASC (ucuz→pahalı) p 24: 192 ilan (toplam= 4608, 25s)
2026-09-14 20:37:51,635 [INFO]   [Agartha 3] ASC (ucuz→pahalı) p 25: 192 ilan (toplam= 4800, 26s)
2026-09-14 20:37:53,227 [INFO]   [Agartha 3] ASC (ucuz→pahalı) p 26: 192 ilan (toplam= 4992, 27s)
2026-09-14 20:37:54,020 [INFO]   [Agartha 3] ASC (ucuz→pahalı) p 27: 192 ilan (toplam= 5184, 28s)
2026-09-14 20:37:54,797 [INFO]   [Agartha 3] ASC (ucuz→pahalı) p 28: 192 ilan (toplam= 5376, 29s)
2026-09-14 20:37:55,759 [INFO]   [Agartha 3] ASC (ucuz→pahalı) p 29: 192 ilan (toplam= 5568, 30s)
2026-09-14 20:37:56,775 [INFO]   [Agartha 3] ASC (ucuz→pahalı) p 30: 192 ilan (toplam= 5760, 31s)
2026-09-14 20:37:57,386 [WARNING]   [Agartha 3] ASC (ucuz→pahalı) p31 → 429, 60sn bekle
2026-09-14 20:38:57,653 [INFO] Token yenilendi: eyJzaWQiOiI1ZTAzNjU3...
2026-09-14 20:38:57,801 [WARNING]   [Agartha 3] p31 → 429 — 60sn bekleniyor
2026-09-14 20:39:58,007 [INFO] Token yenilendi: eyJzaWQiOiI1ZTAzNjU3...
2026-09-14 20:39:58,171 [WARNING]   [Agartha 3] p31 → 429 — 120sn bekleniyor
2026-09-14 20:41:58,695 [INFO] Token yenilendi: eyJzaWQiOiI1ZTAzNjU3...
2026-09-14 20:41:58,867 [WARNING]   [Agartha 3] p31 → 429 — 180sn bekleniyor
2026-09-14 20:44:59,016 [INFO] Token yenilendi: eyJzaWQiOiI1ZTAzNjU3...
2026-09-14 20:44:59,016 [WARNING]   [Agartha 3] ASC (ucuz→pahalı) sayfa 31 alinamadi — bitti
2026-09-14 20:44:59,016 [INFO]   [Agartha 3] ASC (ucuz→pahalı) bitti: 5760 ilan
2026-09-14 20:44:59,017 [INFO] [Agartha 3] TOPLAM: 5760 ilan
2026-09-14 20:45:12,283 [INFO] [agartha3] 5760 ilan yazildi (12897ms)
2026-09-14 20:45:12,284 [INFO] Tamamlandi — 466sn
2026-09-14 20:45:12,284 [INFO] ============================================================
2026-09-14 20:46:24,871 [INFO] ============================================================
2026-09-14 20:46:24,872 [INFO] MSGKO Scraper v4 — 2026-09-14 20:46:24
2026-09-14 20:46:24,872 [INFO] Kanal [4]: Agartha 3 (serverType=1) — DESC (pahalı→ucuz)
2026-09-14 20:46:25,574 [INFO] Token alindi: eyJzaWQiOiJkZGI1YmJj...
2026-09-14 20:46:25,574 [INFO] [Agartha 3] Baglanti testi...
2026-09-14 20:46:25,785 [WARNING] Sayfa 1: HTTP 429
2026-09-14 20:46:25,785 [INFO] 60sn bekleniyor...
2026-09-14 20:47:25,958 [INFO] Token yenilendi: eyJzaWQiOiJkZGI1YmJj...
2026-09-14 20:47:26,096 [WARNING] Sayfa 1: HTTP 429
2026-09-14 20:47:26,096 [INFO] 120sn bekleniyor...
2026-09-14 20:49:26,250 [INFO] Token yenilendi: eyJzaWQiOiJkZGI1YmJj...
2026-09-14 20:49:26,381 [WARNING] Sayfa 1: HTTP 429
2026-09-14 20:49:26,381 [WARNING] Site engelliyor — run atlaniyor
2026-09-14 20:52:25,177 [INFO] ============================================================
2026-09-14 20:52:25,177 [INFO] MSGKO Scraper v4 — 2026-09-14 20:52:25
2026-09-14 20:52:25,178 [INFO] Kanal [5]: Agartha 4 (serverType=12) — ASC (ucuz→pahalı)
2026-09-14 20:52:25,713 [INFO] Token alindi: eyJzaWQiOiIxYTI4OWUz...
2026-09-14 20:52:25,713 [INFO] [Agartha 4] Baglanti testi...
2026-09-14 20:52:25,830 [WARNING] Sayfa 1: HTTP 429
2026-09-14 20:52:25,830 [INFO] 60sn bekleniyor...
2026-09-14 20:53:25,946 [INFO] Token yenilendi: eyJzaWQiOiIxYTI4OWUz...
2026-09-14 20:53:26,058 [WARNING] Sayfa 1: HTTP 429
2026-09-14 20:53:26,058 [INFO] 120sn bekleniyor...
2026-09-14 20:55:26,196 [INFO] Token yenilendi: eyJzaWQiOiIxYTI4OWUz...
2026-09-14 20:55:26,307 [WARNING] Sayfa 1: HTTP 429
2026-09-14 20:55:26,307 [WARNING] Site engelliyor — run atlaniyor
2026-09-14 20:58:24,849 [INFO] ============================================================
2026-09-14 20:58:24,850 [INFO] MSGKO Scraper v4 — 2026-09-14 20:58:24
2026-09-14 20:58:24,850 [INFO] Kanal [5]: Agartha 4 (serverType=12) — DESC (pahalı→ucuz)
2026-09-14 20:58:25,322 [INFO] Token alindi: eyJzaWQiOiJkZmFhMWU3...
2026-09-14 20:58:25,322 [INFO] [Agartha 4] Baglanti testi...
2026-09-14 20:58:26,518 [WARNING] Sayfa 1: HTTP 429
2026-09-14 20:58:26,518 [INFO] 60sn bekleniyor...
2026-09-14 20:59:26,666 [INFO] Token yenilendi: eyJzaWQiOiJkZmFhMWU3...
2026-09-14 20:59:26,779 [WARNING] Sayfa 1: HTTP 429
2026-09-14 20:59:26,779 [INFO] 120sn bekleniyor...
2026-09-14 21:01:27,199 [INFO] Token yenilendi: eyJzaWQiOiJkZmFhMWU3...
2026-09-14 21:01:27,336 [WARNING] Sayfa 1: HTTP 429
2026-09-14 21:01:27,336 [WARNING] Site engelliyor — run atlaniyor
2026-09-14 21:04:24,738 [INFO] ============================================================
2026-09-14 21:04:24,739 [INFO] MSGKO Scraper v4 — 2026-09-14 21:04:24
2026-09-14 21:04:24,739 [INFO] Kanal [6]: Pandora 3 (serverType=2) — ASC (ucuz→pahalı)
2026-09-14 21:04:26,322 [INFO] Token alindi: eyJzaWQiOiI0N2E3ZTQz...
2026-09-14 21:04:26,322 [INFO] [Pandora 3] Baglanti testi...
2026-09-14 21:04:26,589 [WARNING] Sayfa 1: HTTP 429
2026-09-14 21:04:26,589 [INFO] 60sn bekleniyor...
2026-09-14 21:05:26,728 [INFO] Token yenilendi: eyJzaWQiOiI0N2E3ZTQz...
2026-09-14 21:05:26,859 [WARNING] Sayfa 1: HTTP 429
2026-09-14 21:05:26,859 [INFO] 120sn bekleniyor...
2026-09-14 21:07:26,993 [INFO] Token yenilendi: eyJzaWQiOiI0N2E3ZTQz...
2026-09-14 21:07:27,102 [WARNING] Sayfa 1: HTTP 429
2026-09-14 21:07:27,102 [WARNING] Site engelliyor — run atlaniyor
2026-09-14 21:10:24,856 [INFO] ============================================================
2026-09-14 21:10:24,856 [INFO] MSGKO Scraper v4 — 2026-09-14 21:10:24
2026-09-14 21:10:24,857 [INFO] Kanal [6]: Pandora 3 (serverType=2) — DESC (pahalı→ucuz)
2026-09-14 21:10:25,387 [INFO] Token alindi: eyJzaWQiOiI3MDNjNTk0...
2026-09-14 21:10:25,387 [INFO] [Pandora 3] Baglanti testi...
2026-09-14 21:10:25,783 [INFO] Baglanti OK!
2026-09-14 21:10:25,783 [INFO] [Pandora 3] DESC (pahalı→ucuz)
2026-09-14 21:10:27,177 [INFO]   [Pandora 3] DESC (pahalı→ucuz) p  1: 192 ilan (toplam=  192, 2s)
2026-09-14 21:10:28,952 [INFO]   [Pandora 3] DESC (pahalı→ucuz) p  2: 192 ilan (toplam=  384, 4s)
2026-09-14 21:10:29,712 [INFO]   [Pandora 3] DESC (pahalı→ucuz) p  3: 192 ilan (toplam=  576, 4s)
2026-09-14 21:10:31,307 [INFO]   [Pandora 3] DESC (pahalı→ucuz) p  4: 192 ilan (toplam=  768, 6s)
2026-09-14 21:10:33,054 [INFO]   [Pandora 3] DESC (pahalı→ucuz) p  5: 192 ilan (toplam=  960, 8s)
2026-09-14 21:10:34,987 [INFO]   [Pandora 3] DESC (pahalı→ucuz) p  6: 192 ilan (toplam= 1152, 10s)
2026-09-14 21:10:36,538 [INFO]   [Pandora 3] DESC (pahalı→ucuz) p  7: 192 ilan (toplam= 1344, 11s)
2026-09-14 21:10:37,342 [INFO]   [Pandora 3] DESC (pahalı→ucuz) p  8: 192 ilan (toplam= 1536, 12s)
2026-09-14 21:10:39,103 [INFO]   [Pandora 3] DESC (pahalı→ucuz) p  9: 192 ilan (toplam= 1728, 14s)
2026-09-14 21:10:39,859 [INFO]   [Pandora 3] DESC (pahalı→ucuz) p 10: 192 ilan (toplam= 1920, 15s)
2026-09-14 21:10:41,350 [INFO]   [Pandora 3] DESC (pahalı→ucuz) p 11: 192 ilan (toplam= 2112, 16s)
2026-09-14 21:10:42,102 [INFO]   [Pandora 3] DESC (pahalı→ucuz) p 12: 192 ilan (toplam= 2304, 17s)
2026-09-14 21:10:43,590 [INFO]   [Pandora 3] DESC (pahalı→ucuz) p 13: 192 ilan (toplam= 2496, 18s)
2026-09-14 21:10:44,326 [INFO]   [Pandora 3] DESC (pahalı→ucuz) p 14: 192 ilan (toplam= 2688, 19s)
2026-09-14 21:10:45,094 [INFO]   [Pandora 3] DESC (pahalı→ucuz) p 15: 192 ilan (toplam= 2880, 20s)
2026-09-14 21:10:45,840 [INFO]   [Pandora 3] DESC (pahalı→ucuz) p 16: 192 ilan (toplam= 3072, 20s)
2026-09-14 21:10:47,566 [INFO]   [Pandora 3] DESC (pahalı→ucuz) p 17: 192 ilan (toplam= 3264, 22s)
2026-09-14 21:10:48,356 [INFO]   [Pandora 3] DESC (pahalı→ucuz) p 18: 192 ilan (toplam= 3456, 23s)
2026-09-14 21:10:49,238 [INFO]   [Pandora 3] DESC (pahalı→ucuz) p 19: 192 ilan (toplam= 3648, 24s)
2026-09-14 21:10:50,090 [INFO]   [Pandora 3] DESC (pahalı→ucuz) p 20: 192 ilan (toplam= 3840, 25s)
2026-09-14 21:10:50,888 [INFO]   [Pandora 3] DESC (pahalı→ucuz) p 21: 192 ilan (toplam= 4032, 26s)
2026-09-14 21:10:52,268 [INFO]   [Pandora 3] DESC (pahalı→ucuz) p 22: 192 ilan (toplam= 4224, 27s)
2026-09-14 21:10:53,081 [INFO]   [Pandora 3] DESC (pahalı→ucuz) p 23: 192 ilan (toplam= 4416, 28s)
2026-09-14 21:10:53,855 [INFO]   [Pandora 3] DESC (pahalı→ucuz) p 24: 192 ilan (toplam= 4608, 28s)
2026-09-14 21:10:55,581 [INFO]   [Pandora 3] DESC (pahalı→ucuz) p 25: 192 ilan (toplam= 4800, 30s)
2026-09-14 21:10:56,396 [INFO]   [Pandora 3] DESC (pahalı→ucuz) p 26: 192 ilan (toplam= 4992, 31s)
2026-09-14 21:10:57,173 [INFO]   [Pandora 3] DESC (pahalı→ucuz) p 27: 192 ilan (toplam= 5184, 32s)
2026-09-14 21:10:57,957 [INFO]   [Pandora 3] DESC (pahalı→ucuz) p 28: 192 ilan (toplam= 5376, 33s)
2026-09-14 21:10:58,738 [INFO]   [Pandora 3] DESC (pahalı→ucuz) p 29: 192 ilan (toplam= 5568, 33s)
2026-09-14 21:10:59,410 [WARNING]   [Pandora 3] DESC (pahalı→ucuz) p30 → 429, 60sn bekle
2026-09-14 21:11:59,519 [INFO] Token yenilendi: eyJzaWQiOiI3MDNjNTk0...
2026-09-14 21:11:59,695 [WARNING]   [Pandora 3] p30 → 429 — 60sn bekleniyor
2026-09-14 21:12:59,841 [INFO] Token yenilendi: eyJzaWQiOiI3MDNjNTk0...
2026-09-14 21:12:59,964 [WARNING]   [Pandora 3] p30 → 429 — 120sn bekleniyor
2026-09-14 21:15:00,140 [INFO] Token yenilendi: eyJzaWQiOiI3MDNjNTk0...
2026-09-14 21:15:00,285 [WARNING]   [Pandora 3] p30 → 429 — 180sn bekleniyor
2026-09-14 21:18:01,304 [INFO] Token yenilendi: eyJzaWQiOiI3MDNjNTk0...
2026-09-14 21:18:01,304 [WARNING]   [Pandora 3] DESC (pahalı→ucuz) sayfa 30 alinamadi — bitti
2026-09-14 21:18:01,304 [INFO]   [Pandora 3] DESC (pahalı→ucuz) bitti: 5568 ilan
2026-09-14 21:18:01,304 [INFO] [Pandora 3] TOPLAM: 5568 ilan
2026-09-14 21:18:13,974 [INFO] [pandora3] 5568 ilan yazildi (12364ms)
2026-09-14 21:18:13,974 [INFO] Tamamlandi — 469sn
2026-09-14 21:18:13,974 [INFO] ============================================================
2026-09-14 21:19:24,784 [INFO] ============================================================
2026-09-14 21:19:24,784 [INFO] MSGKO Scraper v4 — 2026-09-14 21:19:24
2026-09-14 21:19:24,784 [INFO] Kanal [7]: Pandora 4 (serverType=11) — ASC (ucuz→pahalı)
2026-09-14 21:19:25,307 [INFO] Token alindi: eyJzaWQiOiI1NzA5MDNm...
2026-09-14 21:19:25,307 [INFO] [Pandora 4] Baglanti testi...
2026-09-14 21:19:25,502 [WARNING] Sayfa 1: HTTP 429
2026-09-14 21:19:25,502 [INFO] 60sn bekleniyor...
2026-09-14 21:20:26,557 [INFO] Token yenilendi: eyJzaWQiOiI1NzA5MDNm...
2026-09-14 21:20:26,738 [WARNING] Sayfa 1: HTTP 429
2026-09-14 21:20:26,738 [INFO] 120sn bekleniyor...
2026-09-14 21:22:26,937 [INFO] Token yenilendi: eyJzaWQiOiI1NzA5MDNm...
2026-09-14 21:22:27,133 [WARNING] Sayfa 1: HTTP 429
2026-09-14 21:22:27,133 [WARNING] Site engelliyor — run atlaniyor
2026-09-14 21:25:24,748 [INFO] ============================================================
2026-09-14 21:25:24,748 [INFO] MSGKO Scraper v4 — 2026-09-14 21:25:24
2026-09-14 21:25:24,749 [INFO] Kanal [7]: Pandora 4 (serverType=11) — DESC (pahalı→ucuz)
2026-09-14 21:25:25,614 [INFO] Token alindi: eyJzaWQiOiIwMDg1YTI1...
2026-09-14 21:25:25,615 [INFO] [Pandora 4] Baglanti testi...
2026-09-14 21:25:25,746 [WARNING] Sayfa 1: HTTP 429
2026-09-14 21:25:25,746 [INFO] 60sn bekleniyor...
2026-09-14 21:26:25,962 [INFO] Token yenilendi: eyJzaWQiOiIwMDg1YTI1...
2026-09-14 21:26:26,086 [WARNING] Sayfa 1: HTTP 429
2026-09-14 21:26:26,086 [INFO] 120sn bekleniyor...
2026-09-14 21:28:26,234 [INFO] Token yenilendi: eyJzaWQiOiIwMDg1YTI1...
2026-09-14 21:28:26,366 [WARNING] Sayfa 1: HTTP 429
2026-09-14 21:28:26,366 [WARNING] Site engelliyor — run atlaniyor
2026-09-14 21:31:24,745 [INFO] ============================================================
2026-09-14 21:31:24,745 [INFO] MSGKO Scraper v4 — 2026-09-14 21:31:24
2026-09-14 21:31:24,745 [INFO] Kanal [8]: Destan 2 (serverType=4) — ASC (ucuz→pahalı)
2026-09-14 21:31:25,274 [INFO] Token alindi: eyJzaWQiOiJhYzRiYmE4...
2026-09-14 21:31:25,274 [INFO] [Destan 2] Baglanti testi...
2026-09-14 21:31:25,409 [WARNING] Sayfa 1: HTTP 429
2026-09-14 21:31:25,409 [INFO] 60sn bekleniyor...
2026-09-14 21:32:25,580 [INFO] Token yenilendi: eyJzaWQiOiJhYzRiYmE4...
2026-09-14 21:32:25,713 [WARNING] Sayfa 1: HTTP 429
2026-09-14 21:32:25,713 [INFO] 120sn bekleniyor...
2026-09-14 21:34:25,888 [INFO] Token yenilendi: eyJzaWQiOiJhYzRiYmE4...
2026-09-14 21:34:26,045 [WARNING] Sayfa 1: HTTP 429
2026-09-14 21:34:26,045 [WARNING] Site engelliyor — run atlaniyor
2026-09-14 21:37:24,772 [INFO] ============================================================
2026-09-14 21:37:24,772 [INFO] MSGKO Scraper v4 — 2026-09-14 21:37:24
2026-09-14 21:37:24,772 [INFO] Kanal [8]: Destan 2 (serverType=4) — DESC (pahalı→ucuz)
2026-09-14 21:37:25,338 [INFO] Token alindi: eyJzaWQiOiIzMDk3Y2Jm...
2026-09-14 21:37:25,339 [INFO] [Destan 2] Baglanti testi...
2026-09-14 21:37:26,481 [WARNING] Sayfa 1: HTTP 429
2026-09-14 21:37:26,481 [INFO] 60sn bekleniyor...
2026-09-14 21:38:26,639 [INFO] Token yenilendi: eyJzaWQiOiIzMDk3Y2Jm...
2026-09-14 21:38:26,790 [WARNING] Sayfa 1: HTTP 429
2026-09-14 21:38:26,790 [INFO] 120sn bekleniyor...
2026-09-14 21:40:26,916 [INFO] Token yenilendi: eyJzaWQiOiIzMDk3Y2Jm...
2026-09-14 21:40:27,020 [WARNING] Sayfa 1: HTTP 429
2026-09-14 21:40:27,020 [WARNING] Site engelliyor — run atlaniyor
2026-09-14 21:43:24,816 [INFO] ============================================================
2026-09-14 21:43:24,816 [INFO] MSGKO Scraper v4 — 2026-09-14 21:43:24
2026-09-14 21:43:24,817 [INFO] Kanal [9]: Destan 3 (serverType=13) — ASC (ucuz→pahalı)
2026-09-14 21:43:25,261 [INFO] Token alindi: eyJzaWQiOiI5YzIxZWQw...
2026-09-14 21:43:25,261 [INFO] [Destan 3] Baglanti testi...
2026-09-14 21:43:25,614 [INFO] Baglanti OK!
2026-09-14 21:43:25,614 [INFO] [Destan 3] ASC (ucuz→pahalı)
2026-09-14 21:43:25,692 [INFO]   [Destan 3] ASC (ucuz→pahalı) p  1: 192 ilan (toplam=  192, 0s)
2026-09-14 21:43:27,080 [INFO]   [Destan 3] ASC (ucuz→pahalı) p  2: 192 ilan (toplam=  384, 2s)
2026-09-14 21:43:27,870 [INFO]   [Destan 3] ASC (ucuz→pahalı) p  3: 192 ilan (toplam=  576, 3s)
2026-09-14 21:43:28,719 [INFO]   [Destan 3] ASC (ucuz→pahalı) p  4: 192 ilan (toplam=  768, 3s)
2026-09-14 21:43:29,473 [INFO]   [Destan 3] ASC (ucuz→pahalı) p  5: 192 ilan (toplam=  960, 4s)
2026-09-14 21:43:30,200 [INFO]   [Destan 3] ASC (ucuz→pahalı) p  6: 192 ilan (toplam= 1152, 5s)
2026-09-14 21:43:30,940 [INFO]   [Destan 3] ASC (ucuz→pahalı) p  7: 192 ilan (toplam= 1344, 6s)
2026-09-14 21:43:31,715 [INFO]   [Destan 3] ASC (ucuz→pahalı) p  8: 192 ilan (toplam= 1536, 6s)
2026-09-14 21:43:32,464 [INFO]   [Destan 3] ASC (ucuz→pahalı) p  9: 192 ilan (toplam= 1728, 7s)
2026-09-14 21:43:33,195 [INFO]   [Destan 3] ASC (ucuz→pahalı) p 10: 192 ilan (toplam= 1920, 8s)
2026-09-14 21:43:33,917 [INFO]   [Destan 3] ASC (ucuz→pahalı) p 11: 192 ilan (toplam= 2112, 9s)
2026-09-14 21:43:34,677 [INFO]   [Destan 3] ASC (ucuz→pahalı) p 12: 192 ilan (toplam= 2304, 9s)
2026-09-14 21:43:35,583 [INFO]   [Destan 3] ASC (ucuz→pahalı) p 13: 192 ilan (toplam= 2496, 10s)
2026-09-14 21:43:36,336 [INFO]   [Destan 3] ASC (ucuz→pahalı) p 14: 192 ilan (toplam= 2688, 11s)
2026-09-14 21:43:37,091 [INFO]   [Destan 3] ASC (ucuz→pahalı) p 15: 192 ilan (toplam= 2880, 12s)
2026-09-14 21:43:37,842 [INFO]   [Destan 3] ASC (ucuz→pahalı) p 16: 192 ilan (toplam= 3072, 13s)
2026-09-14 21:43:39,090 [INFO]   [Destan 3] ASC (ucuz→pahalı) p 17: 192 ilan (toplam= 3264, 14s)
2026-09-14 21:43:39,848 [INFO]   [Destan 3] ASC (ucuz→pahalı) p 18: 192 ilan (toplam= 3456, 15s)
2026-09-14 21:43:41,264 [INFO]   [Destan 3] ASC (ucuz→pahalı) p 19: 192 ilan (toplam= 3648, 16s)
2026-09-14 21:43:42,056 [INFO]   [Destan 3] ASC (ucuz→pahalı) p 20: 192 ilan (toplam= 3840, 17s)
2026-09-14 21:43:42,834 [INFO]   [Destan 3] ASC (ucuz→pahalı) p 21: 192 ilan (toplam= 4032, 18s)
2026-09-14 21:43:43,743 [INFO]   [Destan 3] ASC (ucuz→pahalı) p 22: 192 ilan (toplam= 4224, 18s)
2026-09-14 21:43:44,482 [INFO]   [Destan 3] ASC (ucuz→pahalı) p 23: 192 ilan (toplam= 4416, 19s)
2026-09-14 21:43:46,210 [INFO]   [Destan 3] ASC (ucuz→pahalı) p 24: 192 ilan (toplam= 4608, 21s)
2026-09-14 21:43:46,978 [INFO]   [Destan 3] ASC (ucuz→pahalı) p 25: 192 ilan (toplam= 4800, 22s)
2026-09-14 21:43:47,708 [INFO]   [Destan 3] ASC (ucuz→pahalı) p 26: 192 ilan (toplam= 4992, 22s)
2026-09-14 21:43:49,503 [INFO]   [Destan 3] ASC (ucuz→pahalı) p 27: 192 ilan (toplam= 5184, 24s)
2026-09-14 21:43:50,261 [INFO]   [Destan 3] ASC (ucuz→pahalı) p 28: 192 ilan (toplam= 5376, 25s)
2026-09-14 21:43:52,156 [INFO]   [Destan 3] ASC (ucuz→pahalı) p 29: 192 ilan (toplam= 5568, 27s)
2026-09-14 21:43:52,961 [INFO]   [Destan 3] ASC (ucuz→pahalı) p 30: 192 ilan (toplam= 5760, 28s)
2026-09-14 21:43:53,882 [WARNING]   [Destan 3] ASC (ucuz→pahalı) p31 → 429, 60sn bekle
2026-09-14 21:44:54,605 [INFO] Token yenilendi: eyJzaWQiOiI5YzIxZWQw...
2026-09-14 21:44:54,750 [WARNING]   [Destan 3] p31 → 429 — 60sn bekleniyor
2026-09-14 21:45:54,866 [INFO] Token yenilendi: eyJzaWQiOiI5YzIxZWQw...
2026-09-14 21:45:54,972 [WARNING]   [Destan 3] p31 → 429 — 120sn bekleniyor
2026-09-14 21:47:55,540 [INFO] Token yenilendi: eyJzaWQiOiI5YzIxZWQw...
2026-09-14 21:47:56,418 [WARNING]   [Destan 3] p31 → 429 — 180sn bekleniyor
2026-09-14 21:50:56,535 [INFO] Token yenilendi: eyJzaWQiOiI5YzIxZWQw...
2026-09-14 21:50:56,535 [WARNING]   [Destan 3] ASC (ucuz→pahalı) sayfa 31 alinamadi — bitti
2026-09-14 21:50:56,535 [INFO]   [Destan 3] ASC (ucuz→pahalı) bitti: 5760 ilan
2026-09-14 21:50:56,535 [INFO] [Destan 3] TOPLAM: 5760 ilan
2026-09-14 21:51:08,944 [INFO] [destan3] 5760 ilan yazildi (12129ms)
2026-09-14 21:51:08,944 [INFO] Tamamlandi — 464sn
2026-09-14 21:51:08,944 [INFO] ============================================================
2026-09-14 21:52:24,767 [INFO] ============================================================
2026-09-14 21:52:24,768 [INFO] MSGKO Scraper v4 — 2026-09-14 21:52:24
2026-09-14 21:52:24,768 [INFO] Kanal [9]: Destan 3 (serverType=13) — DESC (pahalı→ucuz)
2026-09-14 21:52:25,232 [INFO] Token alindi: eyJzaWQiOiIyNmFiNWZk...
2026-09-14 21:52:25,232 [INFO] [Destan 3] Baglanti testi...
2026-09-14 21:52:25,373 [WARNING] Sayfa 1: HTTP 429
2026-09-14 21:52:25,373 [INFO] 60sn bekleniyor...
2026-09-14 21:53:25,541 [INFO] Token yenilendi: eyJzaWQiOiIyNmFiNWZk...
2026-09-14 21:53:25,669 [WARNING] Sayfa 1: HTTP 429
2026-09-14 21:53:25,670 [INFO] 120sn bekleniyor...
2026-09-14 21:55:26,234 [INFO] Token yenilendi: eyJzaWQiOiIyNmFiNWZk...
2026-09-14 21:55:26,369 [WARNING] Sayfa 1: HTTP 429
2026-09-14 21:55:26,369 [WARNING] Site engelliyor — run atlaniyor
2026-09-14 21:58:24,756 [INFO] ============================================================
2026-09-14 21:58:24,756 [INFO] MSGKO Scraper v4 — 2026-09-14 21:58:24
2026-09-14 21:58:24,757 [INFO] Kanal [0]: Zero 3 (serverType=0) — ASC (ucuz→pahalı)
2026-09-14 21:58:25,193 [INFO] Token alindi: eyJzaWQiOiI3YjQxOTIx...
2026-09-14 21:58:25,193 [INFO] [Zero 3] Baglanti testi...
2026-09-14 21:58:25,337 [WARNING] Sayfa 1: HTTP 429
2026-09-14 21:58:25,337 [INFO] 60sn bekleniyor...
2026-09-14 21:59:25,455 [INFO] Token yenilendi: eyJzaWQiOiI3YjQxOTIx...
2026-09-14 21:59:25,596 [WARNING] Sayfa 1: HTTP 429
2026-09-14 21:59:25,596 [INFO] 120sn bekleniyor...
2026-09-14 22:01:25,737 [INFO] Token yenilendi: eyJzaWQiOiI3YjQxOTIx...
2026-09-14 22:01:25,851 [WARNING] Sayfa 1: HTTP 429
2026-09-14 22:01:25,851 [WARNING] Site engelliyor — run atlaniyor
2026-09-14 22:04:24,804 [INFO] ============================================================
2026-09-14 22:04:24,804 [INFO] MSGKO Scraper v4 — 2026-09-14 22:04:24
2026-09-14 22:04:24,804 [INFO] Kanal [0]: Zero 3 (serverType=0) — DESC (pahalı→ucuz)
2026-09-14 22:04:25,295 [INFO] Token alindi: eyJzaWQiOiI5MzFmOTJj...
2026-09-14 22:04:25,295 [INFO] [Zero 3] Baglanti testi...
2026-09-14 22:04:25,450 [WARNING] Sayfa 1: HTTP 429
2026-09-14 22:04:25,450 [INFO] 60sn bekleniyor...
2026-09-14 22:05:25,560 [INFO] Token yenilendi: eyJzaWQiOiI5MzFmOTJj...
2026-09-14 22:05:25,680 [WARNING] Sayfa 1: HTTP 429
2026-09-14 22:05:25,680 [INFO] 120sn bekleniyor...
2026-09-14 22:07:25,809 [INFO] Token yenilendi: eyJzaWQiOiI5MzFmOTJj...
2026-09-14 22:07:26,943 [WARNING] Sayfa 1: HTTP 429
2026-09-14 22:07:26,943 [WARNING] Site engelliyor — run atlaniyor
2026-09-14 22:10:24,856 [INFO] ============================================================
2026-09-14 22:10:24,856 [INFO] MSGKO Scraper v4 — 2026-09-14 22:10:24
2026-09-14 22:10:24,857 [INFO] Kanal [1]: Zero 4 (serverType=5) — ASC (ucuz→pahalı)
2026-09-14 22:10:25,885 [INFO] Token alindi: eyJzaWQiOiIyMTVhMzU2...
2026-09-14 22:10:25,886 [INFO] [Zero 4] Baglanti testi...
2026-09-14 22:10:26,038 [WARNING] Sayfa 1: HTTP 429
2026-09-14 22:10:26,038 [INFO] 60sn bekleniyor...
2026-09-14 22:11:26,233 [INFO] Token yenilendi: eyJzaWQiOiIyMTVhMzU2...
2026-09-14 22:11:26,364 [WARNING] Sayfa 1: HTTP 429
2026-09-14 22:11:26,364 [INFO] 120sn bekleniyor...
2026-09-14 22:13:26,557 [INFO] Token yenilendi: eyJzaWQiOiIyMTVhMzU2...
2026-09-14 22:13:26,696 [WARNING] Sayfa 1: HTTP 429
2026-09-14 22:13:26,696 [WARNING] Site engelliyor — run atlaniyor
2026-09-14 22:16:24,797 [INFO] ============================================================
2026-09-14 22:16:24,798 [INFO] MSGKO Scraper v4 — 2026-09-14 22:16:24
2026-09-14 22:16:24,798 [INFO] Kanal [1]: Zero 4 (serverType=5) — DESC (pahalı→ucuz)
2026-09-14 22:16:25,749 [INFO] Token alindi: eyJzaWQiOiJkNzYzOTVh...
2026-09-14 22:16:25,749 [INFO] [Zero 4] Baglanti testi...
2026-09-14 22:16:26,008 [INFO] Baglanti OK!
2026-09-14 22:16:26,008 [INFO] [Zero 4] DESC (pahalı→ucuz)
2026-09-14 22:16:27,163 [INFO]   [Zero 4] DESC (pahalı→ucuz) p  1: 192 ilan (toplam=  192, 2s)
2026-09-14 22:16:27,996 [INFO]   [Zero 4] DESC (pahalı→ucuz) p  2: 192 ilan (toplam=  384, 3s)
2026-09-14 22:16:29,739 [INFO]   [Zero 4] DESC (pahalı→ucuz) p  3: 192 ilan (toplam=  576, 4s)
2026-09-14 22:16:30,492 [INFO]   [Zero 4] DESC (pahalı→ucuz) p  4: 192 ilan (toplam=  768, 5s)
2026-09-14 22:16:31,294 [INFO]   [Zero 4] DESC (pahalı→ucuz) p  5: 192 ilan (toplam=  960, 6s)
2026-09-14 22:16:32,038 [INFO]   [Zero 4] DESC (pahalı→ucuz) p  6: 192 ilan (toplam= 1152, 7s)
2026-09-14 22:16:32,790 [INFO]   [Zero 4] DESC (pahalı→ucuz) p  7: 192 ilan (toplam= 1344, 7s)
2026-09-14 22:16:33,558 [INFO]   [Zero 4] DESC (pahalı→ucuz) p  8: 192 ilan (toplam= 1536, 8s)
2026-09-14 22:16:34,336 [INFO]   [Zero 4] DESC (pahalı→ucuz) p  9: 192 ilan (toplam= 1728, 9s)
2026-09-14 22:16:35,098 [INFO]   [Zero 4] DESC (pahalı→ucuz) p 10: 192 ilan (toplam= 1920, 10s)
2026-09-14 22:16:35,891 [INFO]   [Zero 4] DESC (pahalı→ucuz) p 11: 192 ilan (toplam= 2112, 11s)
2026-09-14 22:16:36,655 [INFO]   [Zero 4] DESC (pahalı→ucuz) p 12: 192 ilan (toplam= 2304, 11s)
2026-09-14 22:16:38,296 [INFO]   [Zero 4] DESC (pahalı→ucuz) p 13: 192 ilan (toplam= 2496, 13s)
2026-09-14 22:16:39,030 [INFO]   [Zero 4] DESC (pahalı→ucuz) p 14: 192 ilan (toplam= 2688, 14s)
2026-09-14 22:16:39,901 [INFO]   [Zero 4] DESC (pahalı→ucuz) p 15: 192 ilan (toplam= 2880, 15s)
2026-09-14 22:16:40,734 [INFO]   [Zero 4] DESC (pahalı→ucuz) p 16: 192 ilan (toplam= 3072, 15s)
2026-09-14 22:16:41,980 [INFO]   [Zero 4] DESC (pahalı→ucuz) p 17: 192 ilan (toplam= 3264, 17s)
2026-09-14 22:16:42,737 [INFO]   [Zero 4] DESC (pahalı→ucuz) p 18: 192 ilan (toplam= 3456, 17s)
2026-09-14 22:16:43,476 [INFO]   [Zero 4] DESC (pahalı→ucuz) p 19: 192 ilan (toplam= 3648, 18s)
2026-09-14 22:16:44,239 [INFO]   [Zero 4] DESC (pahalı→ucuz) p 20: 192 ilan (toplam= 3840, 19s)
2026-09-14 22:16:45,930 [INFO]   [Zero 4] DESC (pahalı→ucuz) p 21: 192 ilan (toplam= 4032, 21s)
2026-09-14 22:16:46,707 [INFO]   [Zero 4] DESC (pahalı→ucuz) p 22: 192 ilan (toplam= 4224, 21s)
2026-09-14 22:16:48,114 [INFO]   [Zero 4] DESC (pahalı→ucuz) p 23: 192 ilan (toplam= 4416, 23s)
2026-09-14 22:16:48,914 [INFO]   [Zero 4] DESC (pahalı→ucuz) p 24: 192 ilan (toplam= 4608, 24s)
2026-09-14 22:16:49,651 [INFO]   [Zero 4] DESC (pahalı→ucuz) p 25: 192 ilan (toplam= 4800, 24s)
2026-09-14 22:16:50,397 [INFO]   [Zero 4] DESC (pahalı→ucuz) p 26: 192 ilan (toplam= 4992, 25s)
2026-09-14 22:16:51,170 [INFO]   [Zero 4] DESC (pahalı→ucuz) p 27: 192 ilan (toplam= 5184, 26s)
2026-09-14 22:16:51,996 [INFO]   [Zero 4] DESC (pahalı→ucuz) p 28: 192 ilan (toplam= 5376, 27s)
2026-09-14 22:16:52,760 [INFO]   [Zero 4] DESC (pahalı→ucuz) p 29: 192 ilan (toplam= 5568, 27s)
2026-09-14 22:16:53,369 [WARNING]   [Zero 4] DESC (pahalı→ucuz) p30 → 429, 60sn bekle
2026-09-14 22:17:54,550 [INFO] Token yenilendi: eyJzaWQiOiJkNzYzOTVh...
2026-09-14 22:17:54,699 [WARNING]   [Zero 4] p30 → 429 — 60sn bekleniyor
2026-09-14 22:18:54,971 [INFO] Token yenilendi: eyJzaWQiOiJkNzYzOTVh...
2026-09-14 22:18:55,089 [WARNING]   [Zero 4] p30 → 429 — 120sn bekleniyor
2026-09-14 22:20:55,232 [INFO] Token yenilendi: eyJzaWQiOiJkNzYzOTVh...
2026-09-14 22:20:55,363 [WARNING]   [Zero 4] p30 → 429 — 180sn bekleniyor
2026-09-14 22:23:55,518 [INFO] Token yenilendi: eyJzaWQiOiJkNzYzOTVh...
2026-09-14 22:23:55,519 [WARNING]   [Zero 4] DESC (pahalı→ucuz) sayfa 30 alinamadi — bitti
2026-09-14 22:23:55,519 [INFO]   [Zero 4] DESC (pahalı→ucuz) bitti: 5568 ilan
2026-09-14 22:23:55,519 [INFO] [Zero 4] TOPLAM: 5568 ilan
2026-09-14 22:24:06,796 [INFO] [zero4] 5568 ilan yazildi (10994ms)
2026-09-14 22:24:06,796 [INFO] Tamamlandi — 461sn
2026-09-14 22:24:06,796 [INFO] ============================================================
2026-09-14 22:25:24,868 [INFO] ============================================================
2026-09-14 22:25:24,868 [INFO] MSGKO Scraper v4 — 2026-09-14 22:25:24
2026-09-14 22:25:24,868 [INFO] Kanal [2]: Zero 5 (serverType=8) — ASC (ucuz→pahalı)
2026-09-14 22:25:25,448 [INFO] Token alindi: eyJzaWQiOiIwZDdkNjgx...
2026-09-14 22:25:25,449 [INFO] [Zero 5] Baglanti testi...
2026-09-14 22:25:25,585 [WARNING] Sayfa 1: HTTP 429
2026-09-14 22:25:25,585 [INFO] 60sn bekleniyor...
2026-09-14 22:26:26,255 [INFO] Token yenilendi: eyJzaWQiOiIwZDdkNjgx...
2026-09-14 22:26:26,373 [WARNING] Sayfa 1: HTTP 429
2026-09-14 22:26:26,373 [INFO] 120sn bekleniyor...
2026-09-14 22:28:26,527 [INFO] Token yenilendi: eyJzaWQiOiIwZDdkNjgx...
2026-09-14 22:28:26,640 [WARNING] Sayfa 1: HTTP 429
2026-09-14 22:28:26,640 [WARNING] Site engelliyor — run atlaniyor
2026-09-14 22:31:24,844 [INFO] ============================================================
2026-09-14 22:31:24,844 [INFO] MSGKO Scraper v4 — 2026-09-14 22:31:24
2026-09-14 22:31:24,845 [INFO] Kanal [2]: Zero 5 (serverType=8) — DESC (pahalı→ucuz)
2026-09-14 22:31:26,396 [INFO] Token alindi: eyJzaWQiOiI4MTNjMDYz...
2026-09-14 22:31:26,396 [INFO] [Zero 5] Baglanti testi...
2026-09-14 22:31:26,580 [WARNING] Sayfa 1: HTTP 429
2026-09-14 22:31:26,580 [INFO] 60sn bekleniyor...
2026-09-14 22:32:26,720 [INFO] Token yenilendi: eyJzaWQiOiI4MTNjMDYz...
2026-09-14 22:32:26,852 [WARNING] Sayfa 1: HTTP 429
2026-09-14 22:32:26,852 [INFO] 120sn bekleniyor...
2026-09-14 22:34:27,002 [INFO] Token yenilendi: eyJzaWQiOiI4MTNjMDYz...
2026-09-14 22:34:27,152 [WARNING] Sayfa 1: HTTP 429
2026-09-14 22:34:27,152 [WARNING] Site engelliyor — run atlaniyor
2026-09-14 22:37:24,855 [INFO] ============================================================
2026-09-14 22:37:24,855 [INFO] MSGKO Scraper v4 — 2026-09-14 22:37:24
2026-09-14 22:37:24,856 [INFO] Kanal [3]: Zero 8 (serverType=15) — ASC (ucuz→pahalı)
2026-09-14 22:37:25,347 [INFO] Token alindi: eyJzaWQiOiI0NTg0YzBm...
2026-09-14 22:37:25,347 [INFO] [Zero 8] Baglanti testi...
2026-09-14 22:37:25,465 [WARNING] Sayfa 1: HTTP 429
2026-09-14 22:37:25,465 [INFO] 60sn bekleniyor...
2026-09-14 22:38:25,631 [INFO] Token yenilendi: eyJzaWQiOiI0NTg0YzBm...
2026-09-14 22:38:25,775 [WARNING] Sayfa 1: HTTP 429
2026-09-14 22:38:25,775 [INFO] 120sn bekleniyor...
2026-09-14 22:40:26,414 [INFO] Token yenilendi: eyJzaWQiOiI0NTg0YzBm...
2026-09-14 22:40:26,524 [WARNING] Sayfa 1: HTTP 429
2026-09-14 22:40:26,524 [WARNING] Site engelliyor — run atlaniyor
2026-09-14 22:43:24,814 [INFO] ============================================================
2026-09-14 22:43:24,814 [INFO] MSGKO Scraper v4 — 2026-09-14 22:43:24
2026-09-14 22:43:24,814 [INFO] Kanal [3]: Zero 8 (serverType=15) — DESC (pahalı→ucuz)
2026-09-14 22:43:25,334 [INFO] Token alindi: eyJzaWQiOiJlNGU3Y2Q5...
2026-09-14 22:43:25,334 [INFO] [Zero 8] Baglanti testi...
2026-09-14 22:43:25,451 [WARNING] Sayfa 1: HTTP 429
2026-09-14 22:43:25,451 [INFO] 60sn bekleniyor...
2026-09-14 22:44:25,592 [INFO] Token yenilendi: eyJzaWQiOiJlNGU3Y2Q5...
2026-09-14 22:44:25,724 [WARNING] Sayfa 1: HTTP 429
2026-09-14 22:44:25,724 [INFO] 120sn bekleniyor...
2026-09-14 22:46:25,903 [INFO] Token yenilendi: eyJzaWQiOiJlNGU3Y2Q5...
2026-09-14 22:46:26,023 [WARNING] Sayfa 1: HTTP 429
2026-09-14 22:46:26,023 [WARNING] Site engelliyor — run atlaniyor
2026-09-14 22:49:24,760 [INFO] ============================================================
2026-09-14 22:49:24,760 [INFO] MSGKO Scraper v4 — 2026-09-14 22:49:24
2026-09-14 22:49:24,760 [INFO] Kanal [4]: Agartha 3 (serverType=1) — ASC (ucuz→pahalı)
2026-09-14 22:49:25,215 [INFO] Token alindi: eyJzaWQiOiJkYTMzNDY0...
2026-09-14 22:49:25,215 [INFO] [Agartha 3] Baglanti testi...
2026-09-14 22:49:25,516 [INFO] Baglanti OK!
2026-09-14 22:49:25,516 [INFO] [Agartha 3] ASC (ucuz→pahalı)
2026-09-14 22:49:25,596 [INFO]   [Agartha 3] ASC (ucuz→pahalı) p  1: 192 ilan (toplam=  192, 0s)
2026-09-14 22:49:26,453 [INFO]   [Agartha 3] ASC (ucuz→pahalı) p  2: 192 ilan (toplam=  384, 1s)
2026-09-14 22:49:27,187 [INFO]   [Agartha 3] ASC (ucuz→pahalı) p  3: 192 ilan (toplam=  576, 2s)
2026-09-14 22:49:28,614 [INFO]   [Agartha 3] ASC (ucuz→pahalı) p  4: 192 ilan (toplam=  768, 3s)
2026-09-14 22:49:29,444 [INFO]   [Agartha 3] ASC (ucuz→pahalı) p  5: 192 ilan (toplam=  960, 4s)
2026-09-14 22:49:30,193 [INFO]   [Agartha 3] ASC (ucuz→pahalı) p  6: 192 ilan (toplam= 1152, 5s)
2026-09-14 22:49:30,930 [INFO]   [Agartha 3] ASC (ucuz→pahalı) p  7: 192 ilan (toplam= 1344, 6s)
2026-09-14 22:49:31,709 [INFO]   [Agartha 3] ASC (ucuz→pahalı) p  8: 192 ilan (toplam= 1536, 6s)
2026-09-14 22:49:32,501 [INFO]   [Agartha 3] ASC (ucuz→pahalı) p  9: 192 ilan (toplam= 1728, 7s)
2026-09-14 22:49:33,260 [INFO]   [Agartha 3] ASC (ucuz→pahalı) p 10: 192 ilan (toplam= 1920, 8s)
2026-09-14 22:49:34,005 [INFO]   [Agartha 3] ASC (ucuz→pahalı) p 11: 192 ilan (toplam= 2112, 9s)
2026-09-14 22:49:34,898 [INFO]   [Agartha 3] ASC (ucuz→pahalı) p 12: 192 ilan (toplam= 2304, 10s)
2026-09-14 22:49:36,746 [INFO]   [Agartha 3] ASC (ucuz→pahalı) p 13: 192 ilan (toplam= 2496, 11s)
2026-09-14 22:49:38,468 [INFO]   [Agartha 3] ASC (ucuz→pahalı) p 14: 192 ilan (toplam= 2688, 13s)
2026-09-14 22:49:39,236 [INFO]   [Agartha 3] ASC (ucuz→pahalı) p 15: 192 ilan (toplam= 2880, 14s)
2026-09-14 22:49:39,969 [INFO]   [Agartha 3] ASC (ucuz→pahalı) p 16: 192 ilan (toplam= 3072, 15s)
2026-09-14 22:49:40,716 [INFO]   [Agartha 3] ASC (ucuz→pahalı) p 17: 192 ilan (toplam= 3264, 15s)
2026-09-14 22:49:41,488 [INFO]   [Agartha 3] ASC (ucuz→pahalı) p 18: 192 ilan (toplam= 3456, 16s)
2026-09-14 22:49:42,231 [INFO]   [Agartha 3] ASC (ucuz→pahalı) p 19: 192 ilan (toplam= 3648, 17s)
2026-09-14 22:49:42,965 [INFO]   [Agartha 3] ASC (ucuz→pahalı) p 20: 192 ilan (toplam= 3840, 18s)
2026-09-14 22:49:43,709 [INFO]   [Agartha 3] ASC (ucuz→pahalı) p 21: 192 ilan (toplam= 4032, 18s)
2026-09-14 22:49:44,457 [INFO]   [Agartha 3] ASC (ucuz→pahalı) p 22: 192 ilan (toplam= 4224, 19s)
2026-09-14 22:49:45,194 [INFO]   [Agartha 3] ASC (ucuz→pahalı) p 23: 192 ilan (toplam= 4416, 20s)
2026-09-14 22:49:45,986 [INFO]   [Agartha 3] ASC (ucuz→pahalı) p 24: 192 ilan (toplam= 4608, 21s)
2026-09-14 22:49:46,717 [INFO]   [Agartha 3] ASC (ucuz→pahalı) p 25: 192 ilan (toplam= 4800, 21s)
2026-09-14 22:49:47,450 [INFO]   [Agartha 3] ASC (ucuz→pahalı) p 26: 192 ilan (toplam= 4992, 22s)
2026-09-14 22:49:48,823 [INFO]   [Agartha 3] ASC (ucuz→pahalı) p 27: 192 ilan (toplam= 5184, 24s)
2026-09-14 22:49:49,586 [INFO]   [Agartha 3] ASC (ucuz→pahalı) p 28: 192 ilan (toplam= 5376, 24s)
2026-09-14 22:49:50,309 [INFO]   [Agartha 3] ASC (ucuz→pahalı) p 29: 192 ilan (toplam= 5568, 25s)
2026-09-14 22:49:51,541 [INFO]   [Agartha 3] ASC (ucuz→pahalı) p 30: 192 ilan (toplam= 5760, 26s)
2026-09-14 22:49:52,831 [WARNING]   [Agartha 3] ASC (ucuz→pahalı) p31 → 429, 60sn bekle
2026-09-14 22:50:53,538 [INFO] Token yenilendi: eyJzaWQiOiJkYTMzNDY0...
2026-09-14 22:50:53,683 [WARNING]   [Agartha 3] p31 → 429 — 60sn bekleniyor
2026-09-14 22:51:53,815 [INFO] Token yenilendi: eyJzaWQiOiJkYTMzNDY0...
2026-09-14 22:51:53,932 [WARNING]   [Agartha 3] p31 → 429 — 120sn bekleniyor
2026-09-14 22:53:54,065 [INFO] Token yenilendi: eyJzaWQiOiJkYTMzNDY0...
2026-09-14 22:53:54,176 [WARNING]   [Agartha 3] p31 → 429 — 180sn bekleniyor
2026-09-14 22:56:54,314 [INFO] Token yenilendi: eyJzaWQiOiJkYTMzNDY0...
2026-09-14 22:56:54,315 [WARNING]   [Agartha 3] ASC (ucuz→pahalı) sayfa 31 alinamadi — bitti
2026-09-14 22:56:54,315 [INFO]   [Agartha 3] ASC (ucuz→pahalı) bitti: 5760 ilan
2026-09-14 22:56:54,315 [INFO] [Agartha 3] TOPLAM: 5760 ilan
2026-09-14 22:57:07,842 [INFO] [agartha3] 5760 ilan yazildi (13237ms)
2026-09-14 22:57:07,842 [INFO] Tamamlandi — 463sn
2026-09-14 22:57:07,842 [INFO] ============================================================
2026-09-14 22:58:24,834 [INFO] ============================================================
2026-09-14 22:58:24,834 [INFO] MSGKO Scraper v4 — 2026-09-14 22:58:24
2026-09-14 22:58:24,835 [INFO] Kanal [4]: Agartha 3 (serverType=1) — DESC (pahalı→ucuz)
2026-09-14 22:58:25,307 [INFO] Token alindi: eyJzaWQiOiJhNWFmMzEy...
2026-09-14 22:58:25,307 [INFO] [Agartha 3] Baglanti testi...
2026-09-14 22:58:25,504 [WARNING] Sayfa 1: HTTP 429
2026-09-14 22:58:25,504 [INFO] 60sn bekleniyor...
2026-09-14 22:59:25,754 [INFO] Token yenilendi: eyJzaWQiOiJhNWFmMzEy...
2026-09-14 22:59:25,875 [WARNING] Sayfa 1: HTTP 429
2026-09-14 22:59:25,875 [INFO] 120sn bekleniyor...
2026-09-14 23:01:26,127 [INFO] Token yenilendi: eyJzaWQiOiJhNWFmMzEy...
2026-09-14 23:01:26,310 [WARNING] Sayfa 1: HTTP 429
2026-09-14 23:01:26,310 [WARNING] Site engelliyor — run atlaniyor
2026-09-14 23:04:24,770 [INFO] ============================================================
2026-09-14 23:04:24,771 [INFO] MSGKO Scraper v4 — 2026-09-14 23:04:24
2026-09-14 23:04:24,771 [INFO] Kanal [5]: Agartha 4 (serverType=12) — ASC (ucuz→pahalı)
2026-09-14 23:04:25,260 [INFO] Token alindi: eyJzaWQiOiJjNDMxYTdj...
2026-09-14 23:04:25,260 [INFO] [Agartha 4] Baglanti testi...
2026-09-14 23:04:25,394 [WARNING] Sayfa 1: HTTP 429
2026-09-14 23:04:25,394 [INFO] 60sn bekleniyor...
2026-09-14 23:05:26,513 [INFO] Token yenilendi: eyJzaWQiOiJjNDMxYTdj...
2026-09-14 23:05:26,666 [WARNING] Sayfa 1: HTTP 429
2026-09-14 23:05:26,666 [INFO] 120sn bekleniyor...
2026-09-14 23:07:27,254 [INFO] Token yenilendi: eyJzaWQiOiJjNDMxYTdj...
2026-09-14 23:07:27,529 [WARNING] Sayfa 1: HTTP 429
2026-09-14 23:07:27,529 [WARNING] Site engelliyor — run atlaniyor
2026-09-14 23:10:24,848 [INFO] ============================================================
2026-09-14 23:10:24,849 [INFO] MSGKO Scraper v4 — 2026-09-14 23:10:24
2026-09-14 23:10:24,849 [INFO] Kanal [5]: Agartha 4 (serverType=12) — DESC (pahalı→ucuz)
2026-09-14 23:10:25,293 [INFO] Token alindi: eyJzaWQiOiIyN2NmZmEz...
2026-09-14 23:10:25,294 [INFO] [Agartha 4] Baglanti testi...
2026-09-14 23:10:25,417 [WARNING] Sayfa 1: HTTP 429
2026-09-14 23:10:25,417 [INFO] 60sn bekleniyor...
2026-09-14 23:11:25,542 [INFO] Token yenilendi: eyJzaWQiOiIyN2NmZmEz...
2026-09-14 23:11:25,702 [WARNING] Sayfa 1: HTTP 429
2026-09-14 23:11:25,702 [INFO] 120sn bekleniyor...
2026-09-14 23:13:25,837 [INFO] Token yenilendi: eyJzaWQiOiIyN2NmZmEz...
2026-09-14 23:13:25,943 [WARNING] Sayfa 1: HTTP 429
2026-09-14 23:13:25,943 [WARNING] Site engelliyor — run atlaniyor
2026-09-14 23:16:24,845 [INFO] ============================================================
2026-09-14 23:16:24,845 [INFO] MSGKO Scraper v4 — 2026-09-14 23:16:24
2026-09-14 23:16:24,846 [INFO] Kanal [6]: Pandora 3 (serverType=2) — ASC (ucuz→pahalı)
2026-09-14 23:16:25,339 [INFO] Token alindi: eyJzaWQiOiI2OTk3MDA4...
2026-09-14 23:16:25,339 [INFO] [Pandora 3] Baglanti testi...
2026-09-14 23:16:25,460 [WARNING] Sayfa 1: HTTP 429
2026-09-14 23:16:25,460 [INFO] 60sn bekleniyor...
2026-09-14 23:17:25,584 [INFO] Token yenilendi: eyJzaWQiOiI2OTk3MDA4...
2026-09-14 23:17:25,696 [WARNING] Sayfa 1: HTTP 429
2026-09-14 23:17:25,696 [INFO] 120sn bekleniyor...
2026-09-14 23:19:25,814 [INFO] Token yenilendi: eyJzaWQiOiI2OTk3MDA4...
2026-09-14 23:19:25,935 [WARNING] Sayfa 1: HTTP 429
2026-09-14 23:19:25,935 [WARNING] Site engelliyor — run atlaniyor
2026-09-14 23:22:24,893 [INFO] ============================================================
2026-09-14 23:22:24,893 [INFO] MSGKO Scraper v4 — 2026-09-14 23:22:24
2026-09-14 23:22:24,894 [INFO] Kanal [6]: Pandora 3 (serverType=2) — DESC (pahalı→ucuz)
2026-09-14 23:22:25,508 [INFO] Token alindi: eyJzaWQiOiI1M2EwNWQ0...
2026-09-14 23:22:25,508 [INFO] [Pandora 3] Baglanti testi...
2026-09-14 23:22:25,751 [INFO] Baglanti OK!
2026-09-14 23:22:25,751 [INFO] [Pandora 3] DESC (pahalı→ucuz)
2026-09-14 23:22:26,719 [INFO]   [Pandora 3] DESC (pahalı→ucuz) p  1: 192 ilan (toplam=  192, 1s)
2026-09-14 23:22:27,563 [INFO]   [Pandora 3] DESC (pahalı→ucuz) p  2: 192 ilan (toplam=  384, 2s)
2026-09-14 23:22:28,930 [INFO]   [Pandora 3] DESC (pahalı→ucuz) p  3: 192 ilan (toplam=  576, 4s)
2026-09-14 23:22:29,755 [INFO]   [Pandora 3] DESC (pahalı→ucuz) p  4: 192 ilan (toplam=  768, 4s)
2026-09-14 23:22:30,584 [INFO]   [Pandora 3] DESC (pahalı→ucuz) p  5: 192 ilan (toplam=  960, 5s)
2026-09-14 23:22:31,388 [INFO]   [Pandora 3] DESC (pahalı→ucuz) p  6: 192 ilan (toplam= 1152, 6s)
2026-09-14 23:22:32,197 [INFO]   [Pandora 3] DESC (pahalı→ucuz) p  7: 192 ilan (toplam= 1344, 7s)
2026-09-14 23:22:33,065 [INFO]   [Pandora 3] DESC (pahalı→ucuz) p  8: 192 ilan (toplam= 1536, 8s)
2026-09-14 23:22:33,839 [INFO]   [Pandora 3] DESC (pahalı→ucuz) p  9: 192 ilan (toplam= 1728, 8s)
2026-09-14 23:22:34,614 [INFO]   [Pandora 3] DESC (pahalı→ucuz) p 10: 192 ilan (toplam= 1920, 9s)
2026-09-14 23:22:35,414 [INFO]   [Pandora 3] DESC (pahalı→ucuz) p 11: 192 ilan (toplam= 2112, 10s)
2026-09-14 23:22:36,201 [INFO]   [Pandora 3] DESC (pahalı→ucuz) p 12: 192 ilan (toplam= 2304, 11s)
2026-09-14 23:22:36,970 [INFO]   [Pandora 3] DESC (pahalı→ucuz) p 13: 192 ilan (toplam= 2496, 12s)
2026-09-14 23:22:38,734 [INFO]   [Pandora 3] DESC (pahalı→ucuz) p 14: 192 ilan (toplam= 2688, 13s)
2026-09-14 23:22:39,629 [INFO]   [Pandora 3] DESC (pahalı→ucuz) p 15: 192 ilan (toplam= 2880, 14s)
2026-09-14 23:22:40,470 [INFO]   [Pandora 3] DESC (pahalı→ucuz) p 16: 192 ilan (toplam= 3072, 15s)
2026-09-14 23:22:41,259 [INFO]   [Pandora 3] DESC (pahalı→ucuz) p 17: 192 ilan (toplam= 3264, 16s)
2026-09-14 23:22:42,968 [INFO]   [Pandora 3] DESC (pahalı→ucuz) p 18: 192 ilan (toplam= 3456, 18s)
2026-09-14 23:22:43,763 [INFO]   [Pandora 3] DESC (pahalı→ucuz) p 19: 192 ilan (toplam= 3648, 18s)
2026-09-14 23:22:44,538 [INFO]   [Pandora 3] DESC (pahalı→ucuz) p 20: 192 ilan (toplam= 3840, 19s)
2026-09-14 23:22:45,334 [INFO]   [Pandora 3] DESC (pahalı→ucuz) p 21: 192 ilan (toplam= 4032, 20s)
2026-09-14 23:22:46,100 [INFO]   [Pandora 3] DESC (pahalı→ucuz) p 22: 192 ilan (toplam= 4224, 21s)
2026-09-14 23:22:46,899 [INFO]   [Pandora 3] DESC (pahalı→ucuz) p 23: 192 ilan (toplam= 4416, 22s)
2026-09-14 23:22:47,688 [INFO]   [Pandora 3] DESC (pahalı→ucuz) p 24: 192 ilan (toplam= 4608, 22s)
2026-09-14 23:22:49,706 [INFO]   [Pandora 3] DESC (pahalı→ucuz) p 25: 192 ilan (toplam= 4800, 24s)
2026-09-14 23:22:50,478 [INFO]   [Pandora 3] DESC (pahalı→ucuz) p 26: 192 ilan (toplam= 4992, 25s)
2026-09-14 23:22:51,802 [INFO]   [Pandora 3] DESC (pahalı→ucuz) p 27: 192 ilan (toplam= 5184, 26s)
2026-09-14 23:22:52,609 [INFO]   [Pandora 3] DESC (pahalı→ucuz) p 28: 192 ilan (toplam= 5376, 27s)
2026-09-14 23:22:53,436 [INFO]   [Pandora 3] DESC (pahalı→ucuz) p 29: 192 ilan (toplam= 5568, 28s)
2026-09-14 23:22:54,457 [WARNING]   [Pandora 3] DESC (pahalı→ucuz) p30 → 429, 60sn bekle
2026-09-14 23:23:54,592 [INFO] Token yenilendi: eyJzaWQiOiI1M2EwNWQ0...
2026-09-14 23:23:54,747 [WARNING]   [Pandora 3] p30 → 429 — 60sn bekleniyor
2026-09-14 23:24:54,899 [INFO] Token yenilendi: eyJzaWQiOiI1M2EwNWQ0...
2026-09-14 23:24:55,020 [WARNING]   [Pandora 3] p30 → 429 — 120sn bekleniyor
2026-09-14 23:26:55,146 [INFO] Token yenilendi: eyJzaWQiOiI1M2EwNWQ0...
2026-09-14 23:26:55,264 [WARNING]   [Pandora 3] p30 → 429 — 180sn bekleniyor
2026-09-14 23:29:56,092 [INFO] Token yenilendi: eyJzaWQiOiI1M2EwNWQ0...
2026-09-14 23:29:56,092 [WARNING]   [Pandora 3] DESC (pahalı→ucuz) sayfa 30 alinamadi — bitti
2026-09-14 23:29:56,092 [INFO]   [Pandora 3] DESC (pahalı→ucuz) bitti: 5568 ilan
2026-09-14 23:29:56,092 [INFO] [Pandora 3] TOPLAM: 5568 ilan
2026-09-14 23:30:45,252 [INFO] [pandora3] 5568 ilan yazildi (47438ms)
2026-09-14 23:30:45,252 [INFO] Tamamlandi — 500sn
2026-09-14 23:30:45,252 [INFO] ============================================================
2026-09-14 23:31:24,827 [INFO] ============================================================
2026-09-14 23:31:24,828 [INFO] MSGKO Scraper v4 — 2026-09-14 23:31:24
2026-09-14 23:31:24,828 [INFO] Kanal [7]: Pandora 4 (serverType=11) — ASC (ucuz→pahalı)
2026-09-14 23:31:26,827 [INFO] Token alindi: eyJzaWQiOiI5ODk2MjA1...
2026-09-14 23:31:26,827 [INFO] [Pandora 4] Baglanti testi...
2026-09-14 23:31:27,330 [WARNING] Sayfa 1: HTTP 429
2026-09-14 23:31:27,330 [INFO] 60sn bekleniyor...
2026-09-14 23:32:27,920 [INFO] Token yenilendi: eyJzaWQiOiI5ODk2MjA1...
2026-09-14 23:32:28,469 [WARNING] Sayfa 1: HTTP 429
2026-09-14 23:32:28,469 [INFO] 120sn bekleniyor...
2026-09-14 23:34:29,117 [INFO] Token yenilendi: eyJzaWQiOiI5ODk2MjA1...
2026-09-14 23:34:29,860 [WARNING] Sayfa 1: HTTP 429
2026-09-14 23:34:29,860 [WARNING] Site engelliyor — run atlaniyor
2026-09-14 23:37:24,818 [INFO] ============================================================
2026-09-14 23:37:24,818 [INFO] MSGKO Scraper v4 — 2026-09-14 23:37:24
2026-09-14 23:37:24,819 [INFO] Kanal [7]: Pandora 4 (serverType=11) — DESC (pahalı→ucuz)
2026-09-14 23:37:27,543 [INFO] Token alindi: eyJzaWQiOiIyNTBkODA0...
2026-09-14 23:37:27,543 [INFO] [Pandora 4] Baglanti testi...
2026-09-14 23:37:28,202 [WARNING] Sayfa 1: HTTP 429
2026-09-14 23:37:28,202 [INFO] 60sn bekleniyor...
2026-09-14 23:38:28,528 [INFO] Token yenilendi: eyJzaWQiOiIyNTBkODA0...
2026-09-14 23:38:29,905 [WARNING] Sayfa 1: HTTP 429
2026-09-14 23:38:29,905 [INFO] 120sn bekleniyor...
2026-09-14 23:40:30,554 [INFO] Token yenilendi: eyJzaWQiOiIyNTBkODA0...
2026-09-14 23:40:30,681 [WARNING] Sayfa 1: HTTP 429
2026-09-14 23:40:30,681 [WARNING] Site engelliyor — run atlaniyor
2026-09-14 23:43:24,852 [INFO] ============================================================
2026-09-14 23:43:24,852 [INFO] MSGKO Scraper v4 — 2026-09-14 23:43:24
2026-09-14 23:43:24,852 [INFO] Kanal [8]: Destan 2 (serverType=4) — ASC (ucuz→pahalı)
2026-09-14 23:43:25,983 [INFO] Token alindi: eyJzaWQiOiJlNDEyNGNi...
2026-09-14 23:43:25,983 [INFO] [Destan 2] Baglanti testi...
2026-09-14 23:43:26,100 [WARNING] Sayfa 1: HTTP 429
2026-09-14 23:43:26,100 [INFO] 60sn bekleniyor...
2026-09-14 23:44:26,900 [INFO] Token yenilendi: eyJzaWQiOiJlNDEyNGNi...
2026-09-14 23:44:27,048 [WARNING] Sayfa 1: HTTP 429
2026-09-14 23:44:27,048 [INFO] 120sn bekleniyor...
2026-09-14 23:46:27,183 [INFO] Token yenilendi: eyJzaWQiOiJlNDEyNGNi...
2026-09-14 23:46:27,285 [WARNING] Sayfa 1: HTTP 429
2026-09-14 23:46:27,285 [WARNING] Site engelliyor — run atlaniyor
2026-09-14 23:49:24,891 [INFO] ============================================================
2026-09-14 23:49:24,891 [INFO] MSGKO Scraper v4 — 2026-09-14 23:49:24
2026-09-14 23:49:24,892 [INFO] Kanal [8]: Destan 2 (serverType=4) — DESC (pahalı→ucuz)
2026-09-14 23:49:25,554 [INFO] Token alindi: eyJzaWQiOiJlOGNkMzc1...
2026-09-14 23:49:25,554 [INFO] [Destan 2] Baglanti testi...
2026-09-14 23:49:25,749 [WARNING] Sayfa 1: HTTP 429
2026-09-14 23:49:25,749 [INFO] 60sn bekleniyor...
2026-09-14 23:50:26,025 [INFO] Token yenilendi: eyJzaWQiOiJlOGNkMzc1...
2026-09-14 23:50:26,220 [WARNING] Sayfa 1: HTTP 429
2026-09-14 23:50:26,220 [INFO] 120sn bekleniyor...
2026-09-14 23:52:26,415 [INFO] Token yenilendi: eyJzaWQiOiJlOGNkMzc1...
2026-09-14 23:52:26,625 [WARNING] Sayfa 1: HTTP 429
2026-09-14 23:52:26,625 [WARNING] Site engelliyor — run atlaniyor
2026-09-14 23:55:24,862 [INFO] ============================================================
2026-09-14 23:55:24,862 [INFO] MSGKO Scraper v4 — 2026-09-14 23:55:24
2026-09-14 23:55:24,863 [INFO] Kanal [9]: Destan 3 (serverType=13) — ASC (ucuz→pahalı)
2026-09-14 23:55:25,395 [INFO] Token alindi: eyJzaWQiOiI0NmY4MWY2...
2026-09-14 23:55:25,395 [INFO] [Destan 3] Baglanti testi...
2026-09-14 23:55:25,632 [INFO] Baglanti OK!
2026-09-14 23:55:25,632 [INFO] [Destan 3] ASC (ucuz→pahalı)
2026-09-14 23:55:25,730 [INFO]   [Destan 3] ASC (ucuz→pahalı) p  1: 192 ilan (toplam=  192, 0s)
2026-09-14 23:55:26,630 [INFO]   [Destan 3] ASC (ucuz→pahalı) p  2: 192 ilan (toplam=  384, 1s)
2026-09-14 23:55:27,390 [INFO]   [Destan 3] ASC (ucuz→pahalı) p  3: 192 ilan (toplam=  576, 2s)
2026-09-14 23:55:28,202 [INFO]   [Destan 3] ASC (ucuz→pahalı) p  4: 192 ilan (toplam=  768, 3s)
2026-09-14 23:55:29,000 [INFO]   [Destan 3] ASC (ucuz→pahalı) p  5: 192 ilan (toplam=  960, 4s)
2026-09-14 23:55:30,527 [INFO]   [Destan 3] ASC (ucuz→pahalı) p  6: 192 ilan (toplam= 1152, 5s)
2026-09-14 23:55:31,267 [INFO]   [Destan 3] ASC (ucuz→pahalı) p  7: 192 ilan (toplam= 1344, 6s)
2026-09-14 23:55:32,518 [INFO]   [Destan 3] ASC (ucuz→pahalı) p  8: 192 ilan (toplam= 1536, 7s)
2026-09-14 23:55:33,293 [INFO]   [Destan 3] ASC (ucuz→pahalı) p  9: 192 ilan (toplam= 1728, 8s)
2026-09-14 23:55:34,066 [INFO]   [Destan 3] ASC (ucuz→pahalı) p 10: 192 ilan (toplam= 1920, 9s)
2026-09-14 23:55:34,857 [INFO]   [Destan 3] ASC (ucuz→pahalı) p 11: 192 ilan (toplam= 2112, 9s)
2026-09-14 23:55:35,626 [INFO]   [Destan 3] ASC (ucuz→pahalı) p 12: 192 ilan (toplam= 2304, 10s)
2026-09-14 23:55:36,793 [INFO]   [Destan 3] ASC (ucuz→pahalı) p 13: 192 ilan (toplam= 2496, 11s)
2026-09-14 23:55:37,580 [INFO]   [Destan 3] ASC (ucuz→pahalı) p 14: 192 ilan (toplam= 2688, 12s)
2026-09-14 23:55:38,363 [INFO]   [Destan 3] ASC (ucuz→pahalı) p 15: 192 ilan (toplam= 2880, 13s)
2026-09-14 23:55:39,115 [INFO]   [Destan 3] ASC (ucuz→pahalı) p 16: 192 ilan (toplam= 3072, 14s)
2026-09-14 23:55:39,866 [INFO]   [Destan 3] ASC (ucuz→pahalı) p 17: 192 ilan (toplam= 3264, 15s)
2026-09-14 23:55:41,702 [INFO]   [Destan 3] ASC (ucuz→pahalı) p 18: 192 ilan (toplam= 3456, 16s)
2026-09-14 23:55:42,444 [INFO]   [Destan 3] ASC (ucuz→pahalı) p 19: 192 ilan (toplam= 3648, 17s)
2026-09-14 23:55:43,227 [INFO]   [Destan 3] ASC (ucuz→pahalı) p 20: 192 ilan (toplam= 3840, 18s)
2026-09-14 23:55:44,032 [INFO]   [Destan 3] ASC (ucuz→pahalı) p 21: 192 ilan (toplam= 4032, 19s)
2026-09-14 23:55:44,776 [INFO]   [Destan 3] ASC (ucuz→pahalı) p 22: 192 ilan (toplam= 4224, 19s)
2026-09-14 23:55:45,842 [INFO]   [Destan 3] ASC (ucuz→pahalı) p 23: 192 ilan (toplam= 4416, 20s)
2026-09-14 23:55:47,604 [INFO]   [Destan 3] ASC (ucuz→pahalı) p 24: 192 ilan (toplam= 4608, 22s)
2026-09-14 23:55:48,881 [INFO]   [Destan 3] ASC (ucuz→pahalı) p 25: 192 ilan (toplam= 4800, 24s)
2026-09-14 23:55:49,626 [INFO]   [Destan 3] ASC (ucuz→pahalı) p 26: 192 ilan (toplam= 4992, 24s)
2026-09-14 23:55:50,408 [INFO]   [Destan 3] ASC (ucuz→pahalı) p 27: 192 ilan (toplam= 5184, 25s)
2026-09-14 23:55:51,183 [INFO]   [Destan 3] ASC (ucuz→pahalı) p 28: 192 ilan (toplam= 5376, 26s)
2026-09-14 23:55:52,975 [INFO]   [Destan 3] ASC (ucuz→pahalı) p 29: 192 ilan (toplam= 5568, 28s)
2026-09-14 23:55:53,753 [INFO]   [Destan 3] ASC (ucuz→pahalı) p 30: 192 ilan (toplam= 5760, 28s)
2026-09-14 23:55:54,358 [WARNING]   [Destan 3] ASC (ucuz→pahalı) p31 → 429, 60sn bekle
2026-09-14 23:56:54,481 [INFO] Token yenilendi: eyJzaWQiOiI0NmY4MWY2...
2026-09-14 23:56:54,636 [WARNING]   [Destan 3] p31 → 429 — 60sn bekleniyor
2026-09-14 23:57:54,841 [INFO] Token yenilendi: eyJzaWQiOiI0NmY4MWY2...
2026-09-14 23:57:55,051 [WARNING]   [Destan 3] p31 → 429 — 120sn bekleniyor
2026-09-14 23:59:55,163 [INFO] Token yenilendi: eyJzaWQiOiI0NmY4MWY2...
2026-09-14 23:59:55,283 [WARNING]   [Destan 3] p31 → 429 — 180sn bekleniyor
2026-09-15 00:02:56,127 [INFO] Token yenilendi: eyJzaWQiOiI0NmY4MWY2...
2026-09-15 00:02:56,127 [WARNING]   [Destan 3] ASC (ucuz→pahalı) sayfa 31 alinamadi — bitti
2026-09-15 00:02:56,127 [INFO]   [Destan 3] ASC (ucuz→pahalı) bitti: 5760 ilan
2026-09-15 00:02:56,127 [INFO] [Destan 3] TOPLAM: 5760 ilan
2026-09-15 00:03:06,871 [INFO] [destan3] 5760 ilan yazildi (10399ms)
2026-09-15 00:03:06,871 [INFO] Tamamlandi — 462sn
2026-09-15 00:03:06,871 [INFO] ============================================================
2026-09-15 00:04:24,782 [INFO] ============================================================
2026-09-15 00:04:24,782 [INFO] MSGKO Scraper v4 — 2026-09-15 00:04:24
2026-09-15 00:04:24,783 [INFO] Kanal [9]: Destan 3 (serverType=13) — DESC (pahalı→ucuz)
2026-09-15 00:04:25,207 [INFO] Token alindi: eyJzaWQiOiI0ZDQ4Njky...
2026-09-15 00:04:25,207 [INFO] [Destan 3] Baglanti testi...
2026-09-15 00:04:25,310 [WARNING] Sayfa 1: HTTP 429
2026-09-15 00:04:25,310 [INFO] 60sn bekleniyor...
2026-09-15 00:05:26,376 [INFO] Token yenilendi: eyJzaWQiOiI0ZDQ4Njky...
2026-09-15 00:05:26,475 [WARNING] Sayfa 1: HTTP 429
2026-09-15 00:05:26,475 [INFO] 120sn bekleniyor...
2026-09-15 12:19:26,387 [INFO] ============================================================
2026-09-15 12:19:26,387 [INFO] MSGKO Scraper v4 — 2026-09-15 12:19:26
2026-09-15 12:19:26,388 [INFO] Kanal [0]: Zero 3 (serverType=0) — ASC (ucuz→pahalı)
2026-09-15 12:19:27,282 [INFO] Token alindi: eyJzaWQiOiJmNWQ1MzNj...
2026-09-15 12:19:27,283 [INFO] [Zero 3] Baglanti testi...
2026-09-15 12:19:27,464 [INFO] Baglanti OK!
2026-09-15 12:19:27,464 [INFO] [Zero 3] ASC (ucuz→pahalı)
2026-09-15 12:19:27,539 [INFO]   [Zero 3] ASC (ucuz→pahalı) p  1: 192 ilan (toplam=  192, 1s)
2026-09-15 12:19:28,297 [INFO]   [Zero 3] ASC (ucuz→pahalı) p  2: 192 ilan (toplam=  384, 1s)
2026-09-15 12:19:30,025 [INFO]   [Zero 3] ASC (ucuz→pahalı) p  3: 192 ilan (toplam=  576, 3s)
2026-09-15 12:19:30,841 [INFO]   [Zero 3] ASC (ucuz→pahalı) p  4: 192 ilan (toplam=  768, 4s)
2026-09-15 12:19:32,305 [INFO]   [Zero 3] ASC (ucuz→pahalı) p  5: 192 ilan (toplam=  960, 5s)
2026-09-15 12:19:33,058 [INFO]   [Zero 3] ASC (ucuz→pahalı) p  6: 192 ilan (toplam= 1152, 6s)
2026-09-15 12:19:33,825 [INFO]   [Zero 3] ASC (ucuz→pahalı) p  7: 192 ilan (toplam= 1344, 7s)
2026-09-15 12:19:34,590 [INFO]   [Zero 3] ASC (ucuz→pahalı) p  8: 192 ilan (toplam= 1536, 8s)
2026-09-15 12:19:36,355 [INFO]   [Zero 3] ASC (ucuz→pahalı) p  9: 192 ilan (toplam= 1728, 9s)
2026-09-15 12:19:37,178 [INFO]   [Zero 3] ASC (ucuz→pahalı) p 10: 192 ilan (toplam= 1920, 10s)
2026-09-15 12:19:38,975 [INFO]   [Zero 3] ASC (ucuz→pahalı) p 11: 192 ilan (toplam= 2112, 12s)
2026-09-15 12:19:40,282 [INFO]   [Zero 3] ASC (ucuz→pahalı) p 12: 192 ilan (toplam= 2304, 13s)
2026-09-15 12:19:42,351 [INFO]   [Zero 3] ASC (ucuz→pahalı) p 13: 192 ilan (toplam= 2496, 15s)
2026-09-15 12:19:43,200 [INFO]   [Zero 3] ASC (ucuz→pahalı) p 14: 192 ilan (toplam= 2688, 16s)
2026-09-15 12:19:43,991 [INFO]   [Zero 3] ASC (ucuz→pahalı) p 15: 192 ilan (toplam= 2880, 17s)
2026-09-15 12:19:45,726 [INFO]   [Zero 3] ASC (ucuz→pahalı) p 16: 192 ilan (toplam= 3072, 19s)
2026-09-15 12:19:46,529 [INFO]   [Zero 3] ASC (ucuz→pahalı) p 17: 192 ilan (toplam= 3264, 20s)
2026-09-15 12:19:47,293 [INFO]   [Zero 3] ASC (ucuz→pahalı) p 18: 192 ilan (toplam= 3456, 20s)
2026-09-15 12:19:48,038 [INFO]   [Zero 3] ASC (ucuz→pahalı) p 19: 192 ilan (toplam= 3648, 21s)
2026-09-15 12:19:48,848 [INFO]   [Zero 3] ASC (ucuz→pahalı) p 20: 192 ilan (toplam= 3840, 22s)
2026-09-15 12:19:49,620 [INFO]   [Zero 3] ASC (ucuz→pahalı) p 21: 192 ilan (toplam= 4032, 23s)
2026-09-15 12:19:50,393 [INFO]   [Zero 3] ASC (ucuz→pahalı) p 22: 192 ilan (toplam= 4224, 24s)
2026-09-15 12:19:51,176 [INFO]   [Zero 3] ASC (ucuz→pahalı) p 23: 192 ilan (toplam= 4416, 24s)
2026-09-15 12:19:51,990 [INFO]   [Zero 3] ASC (ucuz→pahalı) p 24: 192 ilan (toplam= 4608, 25s)
2026-09-15 12:19:52,753 [INFO]   [Zero 3] ASC (ucuz→pahalı) p 25: 192 ilan (toplam= 4800, 26s)
2026-09-15 12:19:53,555 [INFO]   [Zero 3] ASC (ucuz→pahalı) p 26: 192 ilan (toplam= 4992, 27s)
2026-09-15 12:19:54,304 [INFO]   [Zero 3] ASC (ucuz→pahalı) p 27: 192 ilan (toplam= 5184, 27s)
2026-09-15 12:19:55,903 [INFO]   [Zero 3] ASC (ucuz→pahalı) p 28: 192 ilan (toplam= 5376, 29s)
2026-09-15 12:19:57,350 [INFO]   [Zero 3] ASC (ucuz→pahalı) p 29: 192 ilan (toplam= 5568, 30s)
2026-09-15 12:19:57,963 [WARNING]   [Zero 3] ASC (ucuz→pahalı) p30 → 429, 60sn bekle
2026-09-15 12:20:58,085 [INFO] Token yenilendi: eyJzaWQiOiJmNWQ1MzNj...
2026-09-15 12:20:58,389 [INFO]   [Zero 3] ASC (ucuz→pahalı) p 30: 192 ilan (toplam= 5760, 92s)
2026-09-15 12:20:59,210 [INFO]   [Zero 3] ASC (ucuz→pahalı) p 31: 192 ilan (toplam= 5952, 92s)
2026-09-15 12:20:59,961 [INFO]   [Zero 3] ASC (ucuz→pahalı) p 32: 192 ilan (toplam= 6144, 93s)
2026-09-15 12:21:00,710 [INFO]   [Zero 3] ASC (ucuz→pahalı) p 33: 192 ilan (toplam= 6336, 94s)
2026-09-15 12:21:02,511 [INFO]   [Zero 3] ASC (ucuz→pahalı) p 34: 192 ilan (toplam= 6528, 96s)
2026-09-15 12:21:03,327 [INFO]   [Zero 3] ASC (ucuz→pahalı) p 35: 192 ilan (toplam= 6720, 96s)
2026-09-15 12:21:04,078 [INFO]   [Zero 3] ASC (ucuz→pahalı) p 36: 192 ilan (toplam= 6912, 97s)
2026-09-15 12:21:05,075 [INFO]   [Zero 3] ASC (ucuz→pahalı) p 37: 192 ilan (toplam= 7104, 98s)
2026-09-15 12:21:06,820 [INFO]   [Zero 3] ASC (ucuz→pahalı) p 38: 192 ilan (toplam= 7296, 100s)
2026-09-15 12:21:07,565 [INFO]   [Zero 3] ASC (ucuz→pahalı) p 39: 192 ilan (toplam= 7488, 101s)
2026-09-15 12:21:09,420 [INFO]   [Zero 3] ASC (ucuz→pahalı) p 40: 192 ilan (toplam= 7680, 103s)
2026-09-15 12:21:10,169 [INFO]   [Zero 3] ASC (ucuz→pahalı) p 41: 192 ilan (toplam= 7872, 103s)
2026-09-15 12:21:11,654 [INFO]   [Zero 3] ASC (ucuz→pahalı) p 42: 192 ilan (toplam= 8064, 105s)
2026-09-15 12:21:12,527 [INFO]   [Zero 3] ASC (ucuz→pahalı) p 43: 192 ilan (toplam= 8256, 106s)
2026-09-15 12:21:13,275 [INFO]   [Zero 3] ASC (ucuz→pahalı) p 44: 192 ilan (toplam= 8448, 106s)
2026-09-15 12:21:14,635 [INFO]   [Zero 3] ASC (ucuz→pahalı) p 45: 192 ilan (toplam= 8640, 108s)
2026-09-15 12:21:16,401 [INFO]   [Zero 3] ASC (ucuz→pahalı) p 46: 192 ilan (toplam= 8832, 110s)
2026-09-15 12:21:17,153 [INFO]   [Zero 3] ASC (ucuz→pahalı) p 47: 192 ilan (toplam= 9024, 110s)
2026-09-15 12:21:18,630 [INFO]   [Zero 3] ASC (ucuz→pahalı) p 48: 192 ilan (toplam= 9216, 112s)
2026-09-15 12:21:19,378 [INFO]   [Zero 3] ASC (ucuz→pahalı) p 49: 192 ilan (toplam= 9408, 112s)
2026-09-15 12:21:20,162 [INFO]   [Zero 3] ASC (ucuz→pahalı) p 50: 192 ilan (toplam= 9600, 113s)
2026-09-15 12:21:21,297 [INFO]   [Zero 3] ASC (ucuz→pahalı) p 51: 192 ilan (toplam= 9792, 114s)
2026-09-15 12:21:22,653 [INFO]   [Zero 3] ASC (ucuz→pahalı) p 52: 192 ilan (toplam= 9984, 116s)
2026-09-15 12:21:23,461 [INFO]   [Zero 3] ASC (ucuz→pahalı) p 53: 192 ilan (toplam=10176, 117s)
2026-09-15 12:21:24,208 [INFO]   [Zero 3] ASC (ucuz→pahalı) p 54: 192 ilan (toplam=10368, 117s)
2026-09-15 12:21:24,973 [INFO]   [Zero 3] ASC (ucuz→pahalı) p 55: 192 ilan (toplam=10560, 118s)
2026-09-15 12:21:25,751 [INFO]   [Zero 3] ASC (ucuz→pahalı) p 56: 192 ilan (toplam=10752, 119s)
2026-09-15 12:21:26,515 [INFO]   [Zero 3] ASC (ucuz→pahalı) p 57: 192 ilan (toplam=10944, 120s)
2026-09-15 12:21:27,796 [INFO]   [Zero 3] ASC (ucuz→pahalı) p 58: 192 ilan (toplam=11136, 121s)
2026-09-15 12:21:28,603 [INFO]   [Zero 3] ASC (ucuz→pahalı) p 59: 192 ilan (toplam=11328, 122s)
2026-09-15 12:21:29,220 [WARNING]   [Zero 3] ASC (ucuz→pahalı) p60 → 429, 60sn bekle
2026-09-15 12:22:29,354 [INFO] Token yenilendi: eyJzaWQiOiJmNWQ1MzNj...
2026-09-15 12:22:29,478 [WARNING]   [Zero 3] p60 → 429 — 60sn bekleniyor
2026-09-15 12:23:29,593 [INFO] Token yenilendi: eyJzaWQiOiJmNWQ1MzNj...
2026-09-15 12:23:29,724 [WARNING]   [Zero 3] p60 → 429 — 120sn bekleniyor
2026-09-15 12:25:29,836 [INFO] Token yenilendi: eyJzaWQiOiJmNWQ1MzNj...
2026-09-15 12:25:29,948 [WARNING]   [Zero 3] p60 → 429 — 180sn bekleniyor
2026-09-15 12:28:30,062 [INFO] Token yenilendi: eyJzaWQiOiJmNWQ1MzNj...
2026-09-15 12:28:30,063 [WARNING]   [Zero 3] ASC (ucuz→pahalı) sayfa 60 alinamadi — bitti
2026-09-15 12:28:30,063 [INFO]   [Zero 3] ASC (ucuz→pahalı) bitti: 11328 ilan
2026-09-15 12:28:30,063 [INFO] [Zero 3] TOPLAM: 11328 ilan
2026-09-15 12:28:51,342 [INFO] [zero3] 11328 ilan yazildi (20966ms)
2026-09-15 12:28:51,342 [INFO] Tamamlandi — 564sn
2026-09-15 12:28:51,342 [INFO] ============================================================
2026-09-15 12:31:24,238 [INFO] ============================================================
2026-09-15 12:31:24,239 [INFO] MSGKO Scraper v4 — 2026-09-15 12:31:24
2026-09-15 12:31:24,239 [INFO] Kanal [0]: Zero 3 (serverType=0) — DESC (pahalı→ucuz)
2026-09-15 12:31:24,687 [INFO] Token alindi: eyJzaWQiOiIxNDY3YWEy...
2026-09-15 12:31:24,688 [INFO] [Zero 3] Baglanti testi...
2026-09-15 12:31:24,884 [INFO] Baglanti OK!
2026-09-15 12:31:24,884 [INFO] [Zero 3] DESC (pahalı→ucuz)
2026-09-15 12:31:25,778 [INFO]   [Zero 3] DESC (pahalı→ucuz) p  1: 192 ilan (toplam=  192, 1s)
2026-09-15 12:31:27,479 [INFO]   [Zero 3] DESC (pahalı→ucuz) p  2: 192 ilan (toplam=  384, 3s)
2026-09-15 12:31:29,244 [INFO]   [Zero 3] DESC (pahalı→ucuz) p  3: 192 ilan (toplam=  576, 5s)
2026-09-15 12:31:30,021 [INFO]   [Zero 3] DESC (pahalı→ucuz) p  4: 192 ilan (toplam=  768, 5s)
2026-09-15 12:31:30,799 [INFO]   [Zero 3] DESC (pahalı→ucuz) p  5: 192 ilan (toplam=  960, 6s)
2026-09-15 12:31:31,566 [INFO]   [Zero 3] DESC (pahalı→ucuz) p  6: 192 ilan (toplam= 1152, 7s)
2026-09-15 12:31:32,758 [INFO]   [Zero 3] DESC (pahalı→ucuz) p  7: 192 ilan (toplam= 1344, 8s)
2026-09-15 12:31:34,335 [INFO]   [Zero 3] DESC (pahalı→ucuz) p  8: 192 ilan (toplam= 1536, 10s)
2026-09-15 12:31:35,083 [INFO]   [Zero 3] DESC (pahalı→ucuz) p  9: 192 ilan (toplam= 1728, 10s)
2026-09-15 12:31:36,562 [INFO]   [Zero 3] DESC (pahalı→ucuz) p 10: 192 ilan (toplam= 1920, 12s)
2026-09-15 12:31:37,895 [INFO]   [Zero 3] DESC (pahalı→ucuz) p 11: 192 ilan (toplam= 2112, 13s)
2026-09-15 12:31:38,628 [INFO]   [Zero 3] DESC (pahalı→ucuz) p 12: 192 ilan (toplam= 2304, 14s)
2026-09-15 12:31:39,372 [INFO]   [Zero 3] DESC (pahalı→ucuz) p 13: 192 ilan (toplam= 2496, 15s)
2026-09-15 12:31:40,167 [INFO]   [Zero 3] DESC (pahalı→ucuz) p 14: 192 ilan (toplam= 2688, 15s)
2026-09-15 12:31:40,986 [INFO]   [Zero 3] DESC (pahalı→ucuz) p 15: 192 ilan (toplam= 2880, 16s)
2026-09-15 12:31:41,726 [INFO]   [Zero 3] DESC (pahalı→ucuz) p 16: 192 ilan (toplam= 3072, 17s)
2026-09-15 12:31:42,474 [INFO]   [Zero 3] DESC (pahalı→ucuz) p 17: 192 ilan (toplam= 3264, 18s)
2026-09-15 12:31:43,274 [INFO]   [Zero 3] DESC (pahalı→ucuz) p 18: 192 ilan (toplam= 3456, 19s)
2026-09-15 12:31:44,803 [INFO]   [Zero 3] DESC (pahalı→ucuz) p 19: 192 ilan (toplam= 3648, 20s)
2026-09-15 12:31:45,675 [INFO]   [Zero 3] DESC (pahalı→ucuz) p 20: 192 ilan (toplam= 3840, 21s)
2026-09-15 12:31:46,449 [INFO]   [Zero 3] DESC (pahalı→ucuz) p 21: 192 ilan (toplam= 4032, 22s)
2026-09-15 12:31:47,181 [INFO]   [Zero 3] DESC (pahalı→ucuz) p 22: 192 ilan (toplam= 4224, 22s)
2026-09-15 12:31:47,938 [INFO]   [Zero 3] DESC (pahalı→ucuz) p 23: 192 ilan (toplam= 4416, 23s)
2026-09-15 12:31:49,319 [INFO]   [Zero 3] DESC (pahalı→ucuz) p 24: 192 ilan (toplam= 4608, 25s)
2026-09-15 12:31:50,125 [INFO]   [Zero 3] DESC (pahalı→ucuz) p 25: 192 ilan (toplam= 4800, 25s)
2026-09-15 12:31:51,817 [INFO]   [Zero 3] DESC (pahalı→ucuz) p 26: 192 ilan (toplam= 4992, 27s)
2026-09-15 12:31:53,460 [INFO]   [Zero 3] DESC (pahalı→ucuz) p 27: 192 ilan (toplam= 5184, 29s)
2026-09-15 12:31:54,225 [INFO]   [Zero 3] DESC (pahalı→ucuz) p 28: 192 ilan (toplam= 5376, 29s)
2026-09-15 12:31:54,967 [INFO]   [Zero 3] DESC (pahalı→ucuz) p 29: 192 ilan (toplam= 5568, 30s)
2026-09-15 12:31:55,572 [WARNING]   [Zero 3] DESC (pahalı→ucuz) p30 → 429, 60sn bekle
2026-09-15 12:32:55,712 [INFO] Token yenilendi: eyJzaWQiOiIxNDY3YWEy...
2026-09-15 12:32:55,820 [WARNING]   [Zero 3] p30 → 429 — 60sn bekleniyor
2026-09-15 12:33:56,520 [INFO] Token yenilendi: eyJzaWQiOiIxNDY3YWEy...
2026-09-15 12:33:56,631 [WARNING]   [Zero 3] p30 → 429 — 120sn bekleniyor
2026-09-15 12:35:57,623 [INFO] Token yenilendi: eyJzaWQiOiIxNDY3YWEy...
2026-09-15 12:35:57,746 [WARNING]   [Zero 3] p30 → 429 — 180sn bekleniyor
2026-09-15 12:38:57,874 [INFO] Token yenilendi: eyJzaWQiOiIxNDY3YWEy...
2026-09-15 12:38:57,874 [WARNING]   [Zero 3] DESC (pahalı→ucuz) sayfa 30 alinamadi — bitti
2026-09-15 12:38:57,874 [INFO]   [Zero 3] DESC (pahalı→ucuz) bitti: 5568 ilan
2026-09-15 12:38:57,874 [INFO] [Zero 3] TOPLAM: 5568 ilan
2026-09-15 12:39:10,427 [INFO] [zero3] 5568 ilan yazildi (12179ms)
2026-09-15 12:39:10,427 [INFO] Tamamlandi — 466sn
2026-09-15 12:39:10,427 [INFO] ============================================================
2026-09-15 12:40:24,308 [INFO] ============================================================
2026-09-15 12:40:24,309 [INFO] MSGKO Scraper v4 — 2026-09-15 12:40:24
2026-09-15 12:40:24,309 [INFO] Kanal [1]: Zero 4 (serverType=5) — ASC (ucuz→pahalı)
2026-09-15 12:40:24,792 [INFO] Token alindi: eyJzaWQiOiIyMzAyYzBk...
2026-09-15 12:40:24,792 [INFO] [Zero 4] Baglanti testi...
2026-09-15 12:40:24,886 [WARNING] Sayfa 1: HTTP 429
2026-09-15 12:40:24,886 [INFO] 60sn bekleniyor...
2026-09-15 12:41:25,013 [INFO] Token yenilendi: eyJzaWQiOiIyMzAyYzBk...
2026-09-15 12:41:25,151 [WARNING] Sayfa 1: HTTP 429
2026-09-15 12:41:25,151 [INFO] 120sn bekleniyor...
2026-09-15 12:43:25,263 [INFO] Token yenilendi: eyJzaWQiOiIyMzAyYzBk...
2026-09-15 12:43:25,354 [WARNING] Sayfa 1: HTTP 429
2026-09-15 12:43:25,354 [WARNING] Site engelliyor — run atlaniyor
2026-09-15 12:46:24,240 [INFO] ============================================================
2026-09-15 12:46:24,240 [INFO] MSGKO Scraper v4 — 2026-09-15 12:46:24
2026-09-15 12:46:24,241 [INFO] Kanal [1]: Zero 4 (serverType=5) — DESC (pahalı→ucuz)
2026-09-15 12:46:24,904 [INFO] Token alindi: eyJzaWQiOiJiNDIyMWE0...
2026-09-15 12:46:24,904 [INFO] [Zero 4] Baglanti testi...
2026-09-15 12:46:25,041 [WARNING] Sayfa 1: HTTP 429
2026-09-15 12:46:25,041 [INFO] 60sn bekleniyor...
2026-09-15 12:47:25,156 [INFO] Token yenilendi: eyJzaWQiOiJiNDIyMWE0...
2026-09-15 12:47:25,286 [WARNING] Sayfa 1: HTTP 429
2026-09-15 12:47:25,286 [INFO] 120sn bekleniyor...
2026-09-15 12:49:25,595 [INFO] Token yenilendi: eyJzaWQiOiJiNDIyMWE0...
2026-09-15 12:49:25,713 [WARNING] Sayfa 1: HTTP 429
2026-09-15 12:49:25,713 [WARNING] Site engelliyor — run atlaniyor
2026-09-15 12:52:24,261 [INFO] ============================================================
2026-09-15 12:52:24,261 [INFO] MSGKO Scraper v4 — 2026-09-15 12:52:24
2026-09-15 12:52:24,261 [INFO] Kanal [2]: Zero 5 (serverType=8) — ASC (ucuz→pahalı)
2026-09-15 12:52:24,800 [INFO] Token alindi: eyJzaWQiOiI5YjY2ODNl...
2026-09-15 12:52:24,800 [INFO] [Zero 5] Baglanti testi...
2026-09-15 12:52:25,887 [WARNING] Sayfa 1: HTTP 429
2026-09-15 12:52:25,887 [INFO] 60sn bekleniyor...
2026-09-15 12:53:26,856 [INFO] Token yenilendi: eyJzaWQiOiI5YjY2ODNl...
2026-09-15 12:53:26,972 [WARNING] Sayfa 1: HTTP 429
2026-09-15 12:53:26,972 [INFO] 120sn bekleniyor...
2026-09-15 12:55:27,119 [INFO] Token yenilendi: eyJzaWQiOiI5YjY2ODNl...
2026-09-15 12:55:27,259 [WARNING] Sayfa 1: HTTP 429
2026-09-15 12:55:27,259 [WARNING] Site engelliyor — run atlaniyor
2026-09-15 12:58:24,360 [INFO] ============================================================
2026-09-15 12:58:24,361 [INFO] MSGKO Scraper v4 — 2026-09-15 12:58:24
2026-09-15 12:58:24,361 [INFO] Kanal [2]: Zero 5 (serverType=8) — DESC (pahalı→ucuz)
2026-09-15 12:58:24,888 [INFO] Token alindi: eyJzaWQiOiJkMTNhNzZh...
2026-09-15 12:58:24,888 [INFO] [Zero 5] Baglanti testi...
2026-09-15 12:58:25,005 [WARNING] Sayfa 1: HTTP 429
2026-09-15 12:58:25,005 [INFO] 60sn bekleniyor...
2026-09-15 12:59:25,965 [INFO] Token yenilendi: eyJzaWQiOiJkMTNhNzZh...
2026-09-15 12:59:26,079 [WARNING] Sayfa 1: HTTP 429
2026-09-15 12:59:26,079 [INFO] 120sn bekleniyor...
2026-09-15 13:01:26,191 [INFO] Token yenilendi: eyJzaWQiOiJkMTNhNzZh...
2026-09-15 13:01:26,298 [WARNING] Sayfa 1: HTTP 429
2026-09-15 13:01:26,298 [WARNING] Site engelliyor — run atlaniyor
2026-09-15 13:04:24,213 [INFO] ============================================================
2026-09-15 13:04:24,213 [INFO] MSGKO Scraper v4 — 2026-09-15 13:04:24
2026-09-15 13:04:24,213 [INFO] Kanal [3]: Zero 8 (serverType=15) — ASC (ucuz→pahalı)
2026-09-15 13:04:24,685 [INFO] Token alindi: eyJzaWQiOiJmNzZkMGFi...
2026-09-15 13:04:24,685 [INFO] [Zero 8] Baglanti testi...
2026-09-15 13:04:24,874 [INFO] Baglanti OK!
2026-09-15 13:04:24,874 [INFO] [Zero 8] ASC (ucuz→pahalı)
2026-09-15 13:04:24,949 [INFO]   [Zero 8] ASC (ucuz→pahalı) p  1: 192 ilan (toplam=  192, 0s)
2026-09-15 13:04:25,690 [INFO]   [Zero 8] ASC (ucuz→pahalı) p  2: 192 ilan (toplam=  384, 1s)
2026-09-15 13:04:26,424 [INFO]   [Zero 8] ASC (ucuz→pahalı) p  3: 192 ilan (toplam=  576, 2s)
2026-09-15 13:04:27,169 [INFO]   [Zero 8] ASC (ucuz→pahalı) p  4: 192 ilan (toplam=  768, 2s)
2026-09-15 13:04:27,983 [INFO]   [Zero 8] ASC (ucuz→pahalı) p  5: 192 ilan (toplam=  960, 3s)
2026-09-15 13:04:29,660 [INFO]   [Zero 8] ASC (ucuz→pahalı) p  6: 192 ilan (toplam= 1152, 5s)
2026-09-15 13:04:30,460 [INFO]   [Zero 8] ASC (ucuz→pahalı) p  7: 192 ilan (toplam= 1344, 6s)
2026-09-15 13:04:31,218 [INFO]   [Zero 8] ASC (ucuz→pahalı) p  8: 192 ilan (toplam= 1536, 7s)
2026-09-15 13:04:31,999 [INFO]   [Zero 8] ASC (ucuz→pahalı) p  9: 192 ilan (toplam= 1728, 7s)
2026-09-15 13:04:32,820 [INFO]   [Zero 8] ASC (ucuz→pahalı) p 10: 192 ilan (toplam= 1920, 8s)
2026-09-15 13:04:33,558 [INFO]   [Zero 8] ASC (ucuz→pahalı) p 11: 192 ilan (toplam= 2112, 9s)
2026-09-15 13:04:34,908 [INFO]   [Zero 8] ASC (ucuz→pahalı) p 12: 192 ilan (toplam= 2304, 10s)
2026-09-15 13:04:35,668 [INFO]   [Zero 8] ASC (ucuz→pahalı) p 13: 192 ilan (toplam= 2496, 11s)
2026-09-15 13:04:37,161 [INFO]   [Zero 8] ASC (ucuz→pahalı) p 14: 192 ilan (toplam= 2688, 12s)
2026-09-15 13:04:37,924 [INFO]   [Zero 8] ASC (ucuz→pahalı) p 15: 192 ilan (toplam= 2880, 13s)
2026-09-15 13:04:38,679 [INFO]   [Zero 8] ASC (ucuz→pahalı) p 16: 192 ilan (toplam= 3072, 14s)
2026-09-15 13:04:40,308 [INFO]   [Zero 8] ASC (ucuz→pahalı) p 17: 192 ilan (toplam= 3264, 16s)
2026-09-15 13:04:41,056 [INFO]   [Zero 8] ASC (ucuz→pahalı) p 18: 192 ilan (toplam= 3456, 16s)
2026-09-15 13:04:41,836 [INFO]   [Zero 8] ASC (ucuz→pahalı) p 19: 192 ilan (toplam= 3648, 17s)
2026-09-15 13:04:42,578 [INFO]   [Zero 8] ASC (ucuz→pahalı) p 20: 192 ilan (toplam= 3840, 18s)
2026-09-15 13:04:43,320 [INFO]   [Zero 8] ASC (ucuz→pahalı) p 21: 192 ilan (toplam= 4032, 19s)
2026-09-15 13:04:45,131 [INFO]   [Zero 8] ASC (ucuz→pahalı) p 22: 192 ilan (toplam= 4224, 20s)
2026-09-15 13:04:45,881 [INFO]   [Zero 8] ASC (ucuz→pahalı) p 23: 192 ilan (toplam= 4416, 21s)
2026-09-15 13:04:46,634 [INFO]   [Zero 8] ASC (ucuz→pahalı) p 24: 192 ilan (toplam= 4608, 22s)
2026-09-15 13:04:47,384 [INFO]   [Zero 8] ASC (ucuz→pahalı) p 25: 192 ilan (toplam= 4800, 23s)
2026-09-15 13:04:48,939 [INFO]   [Zero 8] ASC (ucuz→pahalı) p 26: 192 ilan (toplam= 4992, 24s)
2026-09-15 13:04:49,688 [INFO]   [Zero 8] ASC (ucuz→pahalı) p 27: 192 ilan (toplam= 5184, 25s)
2026-09-15 13:04:50,450 [INFO]   [Zero 8] ASC (ucuz→pahalı) p 28: 192 ilan (toplam= 5376, 26s)
2026-09-15 13:04:51,173 [INFO]   [Zero 8] ASC (ucuz→pahalı) p 29: 192 ilan (toplam= 5568, 26s)
2026-09-15 13:04:52,623 [INFO]   [Zero 8] ASC (ucuz→pahalı) p 30: 192 ilan (toplam= 5760, 28s)
2026-09-15 13:04:53,855 [WARNING]   [Zero 8] ASC (ucuz→pahalı) p31 → 429, 60sn bekle
2026-09-15 13:05:53,981 [INFO] Token yenilendi: eyJzaWQiOiJmNzZkMGFi...
2026-09-15 13:05:54,083 [WARNING]   [Zero 8] p31 → 429 — 60sn bekleniyor
2026-09-15 13:06:54,211 [INFO] Token yenilendi: eyJzaWQiOiJmNzZkMGFi...
2026-09-15 13:06:54,318 [WARNING]   [Zero 8] p31 → 429 — 120sn bekleniyor
2026-09-15 13:08:54,432 [INFO] Token yenilendi: eyJzaWQiOiJmNzZkMGFi...
2026-09-15 13:08:54,546 [WARNING]   [Zero 8] p31 → 429 — 180sn bekleniyor
2026-09-15 13:11:54,949 [INFO] Token yenilendi: eyJzaWQiOiJmNzZkMGFi...
2026-09-15 13:11:54,950 [WARNING]   [Zero 8] ASC (ucuz→pahalı) sayfa 31 alinamadi — bitti
2026-09-15 13:11:54,950 [INFO]   [Zero 8] ASC (ucuz→pahalı) bitti: 5760 ilan
2026-09-15 13:11:54,950 [INFO] [Zero 8] TOPLAM: 5760 ilan
2026-09-15 13:12:05,800 [INFO] [zero8] 5760 ilan yazildi (10560ms)
2026-09-15 13:12:05,800 [INFO] Tamamlandi — 461sn
2026-09-15 13:12:05,800 [INFO] ============================================================
2026-09-15 13:13:24,209 [INFO] ============================================================
2026-09-15 13:13:24,209 [INFO] MSGKO Scraper v4 — 2026-09-15 13:13:24
2026-09-15 13:13:24,209 [INFO] Kanal [3]: Zero 8 (serverType=15) — DESC (pahalı→ucuz)
2026-09-15 13:13:25,664 [INFO] Token alindi: eyJzaWQiOiI3OWE5MzA4...
2026-09-15 13:13:25,664 [INFO] [Zero 8] Baglanti testi...
2026-09-15 13:13:25,758 [WARNING] Sayfa 1: HTTP 429
2026-09-15 13:13:25,758 [INFO] 60sn bekleniyor...
2026-09-15 13:14:25,867 [INFO] Token yenilendi: eyJzaWQiOiI3OWE5MzA4...
2026-09-15 13:14:25,969 [WARNING] Sayfa 1: HTTP 429
2026-09-15 13:14:25,970 [INFO] 120sn bekleniyor...
2026-09-15 13:16:26,131 [INFO] Token yenilendi: eyJzaWQiOiI3OWE5MzA4...
2026-09-15 13:16:26,242 [WARNING] Sayfa 1: HTTP 429
2026-09-15 13:16:26,242 [WARNING] Site engelliyor — run atlaniyor
2026-09-15 13:19:24,213 [INFO] ============================================================
2026-09-15 13:19:24,213 [INFO] MSGKO Scraper v4 — 2026-09-15 13:19:24
2026-09-15 13:19:24,214 [INFO] Kanal [4]: Agartha 3 (serverType=1) — ASC (ucuz→pahalı)
2026-09-15 13:19:24,683 [INFO] Token alindi: eyJzaWQiOiI1MTFmZDk5...
2026-09-15 13:19:24,683 [INFO] [Agartha 3] Baglanti testi...
2026-09-15 13:19:24,797 [WARNING] Sayfa 1: HTTP 429
2026-09-15 13:19:24,797 [INFO] 60sn bekleniyor...
2026-09-15 13:20:24,932 [INFO] Token yenilendi: eyJzaWQiOiI1MTFmZDk5...
2026-09-15 13:20:26,038 [WARNING] Sayfa 1: HTTP 429
2026-09-15 13:20:26,038 [INFO] 120sn bekleniyor...
2026-09-15 13:22:26,861 [INFO] Token yenilendi: eyJzaWQiOiI1MTFmZDk5...
2026-09-15 13:22:26,972 [WARNING] Sayfa 1: HTTP 429
2026-09-15 13:22:26,972 [WARNING] Site engelliyor — run atlaniyor
2026-09-15 13:25:24,212 [INFO] ============================================================
2026-09-15 13:25:24,212 [INFO] MSGKO Scraper v4 — 2026-09-15 13:25:24
2026-09-15 13:25:24,212 [INFO] Kanal [4]: Agartha 3 (serverType=1) — DESC (pahalı→ucuz)
2026-09-15 13:25:25,534 [INFO] Token alindi: eyJzaWQiOiJkNWFiZjIw...
2026-09-15 13:25:25,534 [INFO] [Agartha 3] Baglanti testi...
2026-09-15 13:25:25,645 [WARNING] Sayfa 1: HTTP 429
2026-09-15 13:25:25,645 [INFO] 60sn bekleniyor...
2026-09-15 13:26:25,767 [INFO] Token yenilendi: eyJzaWQiOiJkNWFiZjIw...
2026-09-15 13:26:25,910 [WARNING] Sayfa 1: HTTP 429
2026-09-15 13:26:25,910 [INFO] 120sn bekleniyor...
2026-09-15 13:28:26,024 [INFO] Token yenilendi: eyJzaWQiOiJkNWFiZjIw...
2026-09-15 13:28:26,129 [WARNING] Sayfa 1: HTTP 429
2026-09-15 13:28:26,129 [WARNING] Site engelliyor — run atlaniyor
2026-09-15 13:31:24,208 [INFO] ============================================================
2026-09-15 13:31:24,208 [INFO] MSGKO Scraper v4 — 2026-09-15 13:31:24
2026-09-15 13:31:24,209 [INFO] Kanal [5]: Agartha 4 (serverType=12) — ASC (ucuz→pahalı)
2026-09-15 13:31:25,663 [INFO] Token alindi: eyJzaWQiOiI0OTJmNDdi...
2026-09-15 13:31:25,663 [INFO] [Agartha 4] Baglanti testi...
2026-09-15 13:31:26,772 [WARNING] Sayfa 1: HTTP 429
2026-09-15 13:31:26,772 [INFO] 60sn bekleniyor...
2026-09-15 13:32:26,930 [INFO] Token yenilendi: eyJzaWQiOiI0OTJmNDdi...
2026-09-15 13:32:27,044 [WARNING] Sayfa 1: HTTP 429
2026-09-15 13:32:27,045 [INFO] 120sn bekleniyor...
2026-09-15 13:34:27,158 [INFO] Token yenilendi: eyJzaWQiOiI0OTJmNDdi...
2026-09-15 13:34:27,265 [WARNING] Sayfa 1: HTTP 429
2026-09-15 13:34:27,265 [WARNING] Site engelliyor — run atlaniyor
2026-09-15 13:37:24,217 [INFO] ============================================================
2026-09-15 13:37:24,217 [INFO] MSGKO Scraper v4 — 2026-09-15 13:37:24
2026-09-15 13:37:24,217 [INFO] Kanal [5]: Agartha 4 (serverType=12) — DESC (pahalı→ucuz)
2026-09-15 13:37:24,708 [INFO] Token alindi: eyJzaWQiOiI0YzA3M2Qy...
2026-09-15 13:37:24,708 [INFO] [Agartha 4] Baglanti testi...
2026-09-15 13:37:25,180 [INFO] Baglanti OK!
2026-09-15 13:37:25,180 [INFO] [Agartha 4] DESC (pahalı→ucuz)
2026-09-15 13:37:25,927 [INFO]   [Agartha 4] DESC (pahalı→ucuz) p  1: 192 ilan (toplam=  192, 1s)
2026-09-15 13:37:27,378 [INFO]   [Agartha 4] DESC (pahalı→ucuz) p  2: 192 ilan (toplam=  384, 3s)
2026-09-15 13:37:28,178 [INFO]   [Agartha 4] DESC (pahalı→ucuz) p  3: 192 ilan (toplam=  576, 3s)
2026-09-15 13:37:29,558 [INFO]   [Agartha 4] DESC (pahalı→ucuz) p  4: 192 ilan (toplam=  768, 5s)
2026-09-15 13:37:30,792 [INFO]   [Agartha 4] DESC (pahalı→ucuz) p  5: 192 ilan (toplam=  960, 6s)
2026-09-15 13:37:32,256 [INFO]   [Agartha 4] DESC (pahalı→ucuz) p  6: 192 ilan (toplam= 1152, 8s)
2026-09-15 13:37:33,924 [INFO]   [Agartha 4] DESC (pahalı→ucuz) p  7: 192 ilan (toplam= 1344, 9s)
2026-09-15 13:37:35,665 [INFO]   [Agartha 4] DESC (pahalı→ucuz) p  8: 192 ilan (toplam= 1536, 11s)
2026-09-15 13:37:36,403 [INFO]   [Agartha 4] DESC (pahalı→ucuz) p  9: 192 ilan (toplam= 1728, 12s)
2026-09-15 13:37:37,145 [INFO]   [Agartha 4] DESC (pahalı→ucuz) p 10: 192 ilan (toplam= 1920, 12s)
2026-09-15 13:37:37,937 [INFO]   [Agartha 4] DESC (pahalı→ucuz) p 11: 192 ilan (toplam= 2112, 13s)
2026-09-15 13:37:38,688 [INFO]   [Agartha 4] DESC (pahalı→ucuz) p 12: 192 ilan (toplam= 2304, 14s)
2026-09-15 13:37:39,420 [INFO]   [Agartha 4] DESC (pahalı→ucuz) p 13: 192 ilan (toplam= 2496, 15s)
2026-09-15 13:37:41,066 [INFO]   [Agartha 4] DESC (pahalı→ucuz) p 14: 192 ilan (toplam= 2688, 16s)
2026-09-15 13:37:41,836 [INFO]   [Agartha 4] DESC (pahalı→ucuz) p 15: 192 ilan (toplam= 2880, 17s)
2026-09-15 13:37:42,590 [INFO]   [Agartha 4] DESC (pahalı→ucuz) p 16: 192 ilan (toplam= 3072, 18s)
2026-09-15 13:37:43,347 [INFO]   [Agartha 4] DESC (pahalı→ucuz) p 17: 192 ilan (toplam= 3264, 19s)
2026-09-15 13:37:44,277 [INFO]   [Agartha 4] DESC (pahalı→ucuz) p 18: 192 ilan (toplam= 3456, 20s)
2026-09-15 13:37:45,026 [INFO]   [Agartha 4] DESC (pahalı→ucuz) p 19: 192 ilan (toplam= 3648, 20s)
2026-09-15 13:37:46,768 [INFO]   [Agartha 4] DESC (pahalı→ucuz) p 20: 192 ilan (toplam= 3840, 22s)
2026-09-15 13:37:47,523 [INFO]   [Agartha 4] DESC (pahalı→ucuz) p 21: 192 ilan (toplam= 4032, 23s)
2026-09-15 13:37:49,306 [INFO]   [Agartha 4] DESC (pahalı→ucuz) p 22: 192 ilan (toplam= 4224, 25s)
2026-09-15 13:37:50,165 [INFO]   [Agartha 4] DESC (pahalı→ucuz) p 23: 192 ilan (toplam= 4416, 25s)
2026-09-15 13:37:51,676 [INFO]   [Agartha 4] DESC (pahalı→ucuz) p 24: 192 ilan (toplam= 4608, 27s)
2026-09-15 13:37:52,425 [INFO]   [Agartha 4] DESC (pahalı→ucuz) p 25: 192 ilan (toplam= 4800, 28s)
2026-09-15 13:37:53,168 [INFO]   [Agartha 4] DESC (pahalı→ucuz) p 26: 192 ilan (toplam= 4992, 28s)
2026-09-15 13:37:53,934 [INFO]   [Agartha 4] DESC (pahalı→ucuz) p 27: 192 ilan (toplam= 5184, 29s)
2026-09-15 13:37:54,669 [INFO]   [Agartha 4] DESC (pahalı→ucuz) p 28: 192 ilan (toplam= 5376, 30s)
2026-09-15 13:37:55,925 [INFO]   [Agartha 4] DESC (pahalı→ucuz) p 29: 192 ilan (toplam= 5568, 31s)
2026-09-15 13:37:56,545 [WARNING]   [Agartha 4] DESC (pahalı→ucuz) p30 → 429, 60sn bekle
2026-09-15 13:38:56,668 [INFO] Token yenilendi: eyJzaWQiOiI0YzA3M2Qy...
2026-09-15 13:38:56,775 [WARNING]   [Agartha 4] p30 → 429 — 60sn bekleniyor
2026-09-15 13:39:57,484 [INFO] Token yenilendi: eyJzaWQiOiI0YzA3M2Qy...
2026-09-15 13:39:57,600 [WARNING]   [Agartha 4] p30 → 429 — 120sn bekleniyor
2026-09-15 13:41:57,732 [INFO] Token yenilendi: eyJzaWQiOiI0YzA3M2Qy...
2026-09-15 13:41:58,878 [WARNING]   [Agartha 4] p30 → 429 — 180sn bekleniyor
2026-09-15 13:44:59,052 [INFO] Token yenilendi: eyJzaWQiOiI0YzA3M2Qy...
2026-09-15 13:44:59,052 [WARNING]   [Agartha 4] DESC (pahalı→ucuz) sayfa 30 alinamadi — bitti
2026-09-15 13:44:59,052 [INFO]   [Agartha 4] DESC (pahalı→ucuz) bitti: 5568 ilan
2026-09-15 13:44:59,052 [INFO] [Agartha 4] TOPLAM: 5568 ilan
2026-09-15 13:45:10,861 [INFO] [agartha4] 5568 ilan yazildi (11529ms)
2026-09-15 13:45:10,861 [INFO] Tamamlandi — 466sn
2026-09-15 13:45:10,861 [INFO] ============================================================
2026-09-15 13:46:24,217 [INFO] ============================================================
2026-09-15 13:46:24,217 [INFO] MSGKO Scraper v4 — 2026-09-15 13:46:24
2026-09-15 13:46:24,218 [INFO] Kanal [6]: Pandora 3 (serverType=2) — ASC (ucuz→pahalı)
2026-09-15 13:46:24,782 [INFO] Token alindi: eyJzaWQiOiIxNDdkNzJl...
2026-09-15 13:46:24,782 [INFO] [Pandora 3] Baglanti testi...
2026-09-15 13:46:24,907 [WARNING] Sayfa 1: HTTP 429
2026-09-15 13:46:24,907 [INFO] 60sn bekleniyor...
2026-09-15 13:47:25,639 [INFO] Token yenilendi: eyJzaWQiOiIxNDdkNzJl...
2026-09-15 13:47:25,762 [WARNING] Sayfa 1: HTTP 429
2026-09-15 13:47:25,762 [INFO] 120sn bekleniyor...
2026-09-15 13:49:25,901 [INFO] Token yenilendi: eyJzaWQiOiIxNDdkNzJl...
2026-09-15 13:49:26,021 [WARNING] Sayfa 1: HTTP 429
2026-09-15 13:49:26,021 [WARNING] Site engelliyor — run atlaniyor
2026-09-15 13:52:24,216 [INFO] ============================================================
2026-09-15 13:52:24,217 [INFO] MSGKO Scraper v4 — 2026-09-15 13:52:24
2026-09-15 13:52:24,217 [INFO] Kanal [6]: Pandora 3 (serverType=2) — DESC (pahalı→ucuz)
2026-09-15 13:52:25,713 [INFO] Token alindi: eyJzaWQiOiIxZmIwYWQz...
2026-09-15 13:52:25,713 [INFO] [Pandora 3] Baglanti testi...
2026-09-15 13:52:25,824 [WARNING] Sayfa 1: HTTP 429
2026-09-15 13:52:25,824 [INFO] 60sn bekleniyor...
2026-09-15 13:53:25,988 [INFO] Token yenilendi: eyJzaWQiOiIxZmIwYWQz...
2026-09-15 13:53:26,107 [WARNING] Sayfa 1: HTTP 429
2026-09-15 13:53:26,107 [INFO] 120sn bekleniyor...
2026-09-15 13:55:26,468 [INFO] Token yenilendi: eyJzaWQiOiIxZmIwYWQz...
2026-09-15 13:55:26,594 [WARNING] Sayfa 1: HTTP 429
2026-09-15 13:55:26,594 [WARNING] Site engelliyor — run atlaniyor
2026-09-15 13:58:24,214 [INFO] ============================================================
2026-09-15 13:58:24,214 [INFO] MSGKO Scraper v4 — 2026-09-15 13:58:24
2026-09-15 13:58:24,214 [INFO] Kanal [7]: Pandora 4 (serverType=11) — ASC (ucuz→pahalı)
2026-09-15 13:58:24,648 [INFO] Token alindi: eyJzaWQiOiIxZDgwZjEy...
2026-09-15 13:58:24,648 [INFO] [Pandora 4] Baglanti testi...
2026-09-15 13:58:24,773 [WARNING] Sayfa 1: HTTP 429
2026-09-15 13:58:24,773 [INFO] 60sn bekleniyor...
2026-09-15 13:59:24,880 [INFO] Token yenilendi: eyJzaWQiOiIxZDgwZjEy...
2026-09-15 13:59:24,997 [WARNING] Sayfa 1: HTTP 429
2026-09-15 13:59:24,997 [INFO] 120sn bekleniyor...
2026-09-15 14:01:25,358 [INFO] Token yenilendi: eyJzaWQiOiIxZDgwZjEy...
2026-09-15 14:01:25,495 [WARNING] Sayfa 1: HTTP 429
2026-09-15 14:01:25,496 [WARNING] Site engelliyor — run atlaniyor
2026-09-15 14:04:24,220 [INFO] ============================================================
2026-09-15 14:04:24,220 [INFO] MSGKO Scraper v4 — 2026-09-15 14:04:24
2026-09-15 14:04:24,221 [INFO] Kanal [7]: Pandora 4 (serverType=11) — DESC (pahalı→ucuz)
2026-09-15 14:04:24,671 [INFO] Token alindi: eyJzaWQiOiI3NTBlOThm...
2026-09-15 14:04:24,671 [INFO] [Pandora 4] Baglanti testi...
2026-09-15 14:04:24,776 [WARNING] Sayfa 1: HTTP 429
2026-09-15 14:04:24,776 [INFO] 60sn bekleniyor...
2026-09-15 14:05:24,902 [INFO] Token yenilendi: eyJzaWQiOiI3NTBlOThm...
2026-09-15 14:05:26,126 [WARNING] Sayfa 1: HTTP 429
2026-09-15 14:05:26,126 [INFO] 120sn bekleniyor...
2026-09-15 14:07:26,265 [INFO] Token yenilendi: eyJzaWQiOiI3NTBlOThm...
2026-09-15 14:07:26,373 [WARNING] Sayfa 1: HTTP 429
2026-09-15 14:07:26,373 [WARNING] Site engelliyor — run atlaniyor
2026-09-15 14:10:24,216 [INFO] ============================================================
2026-09-15 14:10:24,216 [INFO] MSGKO Scraper v4 — 2026-09-15 14:10:24
2026-09-15 14:10:24,217 [INFO] Kanal [8]: Destan 2 (serverType=4) — ASC (ucuz→pahalı)
2026-09-15 14:10:24,674 [INFO] Token alindi: eyJzaWQiOiJmMjhlNTY2...
2026-09-15 14:10:24,674 [INFO] [Destan 2] Baglanti testi...
2026-09-15 14:10:24,959 [INFO] Baglanti OK!
2026-09-15 14:10:24,959 [INFO] [Destan 2] ASC (ucuz→pahalı)
2026-09-15 14:10:25,029 [INFO]   [Destan 2] ASC (ucuz→pahalı) p  1: 192 ilan (toplam=  192, 0s)
2026-09-15 14:10:25,792 [INFO]   [Destan 2] ASC (ucuz→pahalı) p  2: 192 ilan (toplam=  384, 1s)
2026-09-15 14:10:26,997 [INFO]   [Destan 2] ASC (ucuz→pahalı) p  3: 192 ilan (toplam=  576, 2s)
2026-09-15 14:10:28,773 [INFO]   [Destan 2] ASC (ucuz→pahalı) p  4: 192 ilan (toplam=  768, 4s)
2026-09-15 14:10:30,505 [INFO]   [Destan 2] ASC (ucuz→pahalı) p  5: 192 ilan (toplam=  960, 6s)
2026-09-15 14:10:31,234 [INFO]   [Destan 2] ASC (ucuz→pahalı) p  6: 192 ilan (toplam= 1152, 7s)
2026-09-15 14:10:32,974 [INFO]   [Destan 2] ASC (ucuz→pahalı) p  7: 192 ilan (toplam= 1344, 8s)
2026-09-15 14:10:33,704 [INFO]   [Destan 2] ASC (ucuz→pahalı) p  8: 192 ilan (toplam= 1536, 9s)
2026-09-15 14:10:34,458 [INFO]   [Destan 2] ASC (ucuz→pahalı) p  9: 192 ilan (toplam= 1728, 10s)
2026-09-15 14:10:36,232 [INFO]   [Destan 2] ASC (ucuz→pahalı) p 10: 192 ilan (toplam= 1920, 12s)
2026-09-15 14:10:36,995 [INFO]   [Destan 2] ASC (ucuz→pahalı) p 11: 192 ilan (toplam= 2112, 12s)
2026-09-15 14:10:38,578 [INFO]   [Destan 2] ASC (ucuz→pahalı) p 12: 192 ilan (toplam= 2304, 14s)
2026-09-15 14:10:39,311 [INFO]   [Destan 2] ASC (ucuz→pahalı) p 13: 192 ilan (toplam= 2496, 15s)
2026-09-15 14:10:40,041 [INFO]   [Destan 2] ASC (ucuz→pahalı) p 14: 192 ilan (toplam= 2688, 15s)
2026-09-15 14:10:41,485 [INFO]   [Destan 2] ASC (ucuz→pahalı) p 15: 192 ilan (toplam= 2880, 17s)
2026-09-15 14:10:42,270 [INFO]   [Destan 2] ASC (ucuz→pahalı) p 16: 192 ilan (toplam= 3072, 18s)
2026-09-15 14:10:43,633 [INFO]   [Destan 2] ASC (ucuz→pahalı) p 17: 192 ilan (toplam= 3264, 19s)
2026-09-15 14:10:44,391 [INFO]   [Destan 2] ASC (ucuz→pahalı) p 18: 192 ilan (toplam= 3456, 20s)
2026-09-15 14:10:45,706 [INFO]   [Destan 2] ASC (ucuz→pahalı) p 19: 192 ilan (toplam= 3648, 21s)
2026-09-15 14:10:46,447 [INFO]   [Destan 2] ASC (ucuz→pahalı) p 20: 192 ilan (toplam= 3840, 22s)
2026-09-15 14:10:47,185 [INFO]   [Destan 2] ASC (ucuz→pahalı) p 21: 192 ilan (toplam= 4032, 22s)
2026-09-15 14:10:48,622 [INFO]   [Destan 2] ASC (ucuz→pahalı) p 22: 192 ilan (toplam= 4224, 24s)
2026-09-15 14:10:49,398 [INFO]   [Destan 2] ASC (ucuz→pahalı) p 23: 192 ilan (toplam= 4416, 25s)
2026-09-15 14:10:50,151 [INFO]   [Destan 2] ASC (ucuz→pahalı) p 24: 192 ilan (toplam= 4608, 25s)
2026-09-15 14:10:51,440 [INFO]   [Destan 2] ASC (ucuz→pahalı) p 25: 192 ilan (toplam= 4800, 27s)
2026-09-15 14:10:52,177 [INFO]   [Destan 2] ASC (ucuz→pahalı) p 26: 192 ilan (toplam= 4992, 27s)
2026-09-15 14:10:52,906 [INFO]   [Destan 2] ASC (ucuz→pahalı) p 27: 192 ilan (toplam= 5184, 28s)
2026-09-15 14:10:53,683 [INFO]   [Destan 2] ASC (ucuz→pahalı) p 28: 192 ilan (toplam= 5376, 29s)
2026-09-15 14:10:55,115 [INFO]   [Destan 2] ASC (ucuz→pahalı) p 29: 192 ilan (toplam= 5568, 30s)
2026-09-15 14:10:56,508 [INFO]   [Destan 2] ASC (ucuz→pahalı) p 30: 192 ilan (toplam= 5760, 32s)
2026-09-15 14:10:57,123 [WARNING]   [Destan 2] ASC (ucuz→pahalı) p31 → 429, 60sn bekle
2026-09-15 14:11:57,239 [INFO] Token yenilendi: eyJzaWQiOiJmMjhlNTY2...
2026-09-15 14:11:57,358 [WARNING]   [Destan 2] p31 → 429 — 60sn bekleniyor
2026-09-15 14:12:57,475 [INFO] Token yenilendi: eyJzaWQiOiJmMjhlNTY2...
2026-09-15 14:12:57,610 [WARNING]   [Destan 2] p31 → 429 — 120sn bekleniyor
2026-09-15 14:14:57,735 [INFO] Token yenilendi: eyJzaWQiOiJmMjhlNTY2...
2026-09-15 14:14:57,853 [WARNING]   [Destan 2] p31 → 429 — 180sn bekleniyor
2026-09-15 14:17:58,992 [INFO] Token yenilendi: eyJzaWQiOiJmMjhlNTY2...
2026-09-15 14:17:58,992 [WARNING]   [Destan 2] ASC (ucuz→pahalı) sayfa 31 alinamadi — bitti
2026-09-15 14:17:58,992 [INFO]   [Destan 2] ASC (ucuz→pahalı) bitti: 5760 ilan
2026-09-15 14:17:58,992 [INFO] [Destan 2] TOPLAM: 5760 ilan
2026-09-15 14:18:10,372 [INFO] [destan2] 5760 ilan yazildi (11089ms)
2026-09-15 14:18:10,372 [INFO] Tamamlandi — 466sn
2026-09-15 14:18:10,372 [INFO] ============================================================
2026-09-15 14:19:24,225 [INFO] ============================================================
2026-09-15 14:19:24,225 [INFO] MSGKO Scraper v4 — 2026-09-15 14:19:24
2026-09-15 14:19:24,226 [INFO] Kanal [8]: Destan 2 (serverType=4) — DESC (pahalı→ucuz)
2026-09-15 14:19:25,704 [INFO] Token alindi: eyJzaWQiOiJlNjcyYjNm...
2026-09-15 14:19:25,705 [INFO] [Destan 2] Baglanti testi...
2026-09-15 14:19:25,813 [WARNING] Sayfa 1: HTTP 429
2026-09-15 14:19:25,814 [INFO] 60sn bekleniyor...
2026-09-15 14:20:26,140 [INFO] Token yenilendi: eyJzaWQiOiJlNjcyYjNm...
2026-09-15 14:20:26,249 [WARNING] Sayfa 1: HTTP 429
2026-09-15 14:20:26,249 [INFO] 120sn bekleniyor...
2026-09-15 14:22:26,357 [INFO] Token yenilendi: eyJzaWQiOiJlNjcyYjNm...
2026-09-15 14:22:26,462 [WARNING] Sayfa 1: HTTP 429
2026-09-15 14:22:26,463 [WARNING] Site engelliyor — run atlaniyor
2026-09-15 14:25:24,222 [INFO] ============================================================
2026-09-15 14:25:24,222 [INFO] MSGKO Scraper v4 — 2026-09-15 14:25:24
2026-09-15 14:25:24,222 [INFO] Kanal [9]: Destan 3 (serverType=13) — ASC (ucuz→pahalı)
2026-09-15 14:25:24,754 [INFO] Token alindi: eyJzaWQiOiI1OWM2ZDUy...
2026-09-15 14:25:24,754 [INFO] [Destan 3] Baglanti testi...
2026-09-15 14:25:24,871 [WARNING] Sayfa 1: HTTP 429
2026-09-15 14:25:24,871 [INFO] 60sn bekleniyor...
2026-09-15 14:26:24,993 [INFO] Token yenilendi: eyJzaWQiOiI1OWM2ZDUy...
2026-09-15 14:26:25,094 [WARNING] Sayfa 1: HTTP 429
2026-09-15 14:26:25,094 [INFO] 120sn bekleniyor...
2026-09-15 14:28:25,943 [INFO] Token yenilendi: eyJzaWQiOiI1OWM2ZDUy...
2026-09-15 14:28:26,055 [WARNING] Sayfa 1: HTTP 429
2026-09-15 14:28:26,055 [WARNING] Site engelliyor — run atlaniyor
2026-09-15 14:31:24,221 [INFO] ============================================================
2026-09-15 14:31:24,221 [INFO] MSGKO Scraper v4 — 2026-09-15 14:31:24
2026-09-15 14:31:24,221 [INFO] Kanal [9]: Destan 3 (serverType=13) — DESC (pahalı→ucuz)
2026-09-15 14:31:24,762 [INFO] Token alindi: eyJzaWQiOiI0OWJkOTFk...
2026-09-15 14:31:24,762 [INFO] [Destan 3] Baglanti testi...
2026-09-15 14:31:24,905 [WARNING] Sayfa 1: HTTP 429
2026-09-15 14:31:24,905 [INFO] 60sn bekleniyor...
2026-09-15 14:32:25,129 [INFO] Token yenilendi: eyJzaWQiOiI0OWJkOTFk...
2026-09-15 14:32:25,239 [WARNING] Sayfa 1: HTTP 429
2026-09-15 14:32:25,239 [INFO] 120sn bekleniyor...
2026-09-15 14:34:25,950 [INFO] Token yenilendi: eyJzaWQiOiI0OWJkOTFk...
2026-09-15 14:34:26,075 [WARNING] Sayfa 1: HTTP 429
2026-09-15 14:34:26,075 [WARNING] Site engelliyor — run atlaniyor
2026-09-15 14:37:24,227 [INFO] ============================================================
2026-09-15 14:37:24,227 [INFO] MSGKO Scraper v4 — 2026-09-15 14:37:24
2026-09-15 14:37:24,228 [INFO] Kanal [0]: Zero 3 (serverType=0) — ASC (ucuz→pahalı)
2026-09-15 14:37:24,708 [INFO] Token alindi: eyJzaWQiOiJiNDY1M2Vk...
2026-09-15 14:37:24,708 [INFO] [Zero 3] Baglanti testi...
2026-09-15 14:37:24,942 [WARNING] Sayfa 1: HTTP 429
2026-09-15 14:37:24,942 [INFO] 60sn bekleniyor...
2026-09-15 14:38:25,616 [INFO] Token yenilendi: eyJzaWQiOiJiNDY1M2Vk...
2026-09-15 14:38:25,732 [WARNING] Sayfa 1: HTTP 429
2026-09-15 14:38:25,733 [INFO] 120sn bekleniyor...
2026-09-15 14:40:26,093 [INFO] Token yenilendi: eyJzaWQiOiJiNDY1M2Vk...
2026-09-15 14:40:26,214 [WARNING] Sayfa 1: HTTP 429
2026-09-15 14:40:26,214 [WARNING] Site engelliyor — run atlaniyor
2026-09-15 14:43:24,221 [INFO] ============================================================
2026-09-15 14:43:24,221 [INFO] MSGKO Scraper v4 — 2026-09-15 14:43:24
2026-09-15 14:43:24,222 [INFO] Kanal [0]: Zero 3 (serverType=0) — DESC (pahalı→ucuz)
2026-09-15 14:43:24,668 [INFO] Token alindi: eyJzaWQiOiJiZDk4M2I4...
2026-09-15 14:43:24,668 [INFO] [Zero 3] Baglanti testi...
2026-09-15 14:43:24,836 [INFO] Baglanti OK!
2026-09-15 14:43:24,836 [INFO] [Zero 3] DESC (pahalı→ucuz)
2026-09-15 14:43:26,049 [INFO]   [Zero 3] DESC (pahalı→ucuz) p  1: 192 ilan (toplam=  192, 1s)
2026-09-15 14:43:26,796 [INFO]   [Zero 3] DESC (pahalı→ucuz) p  2: 192 ilan (toplam=  384, 2s)
2026-09-15 14:43:28,517 [INFO]   [Zero 3] DESC (pahalı→ucuz) p  3: 192 ilan (toplam=  576, 4s)
2026-09-15 14:43:29,271 [INFO]   [Zero 3] DESC (pahalı→ucuz) p  4: 192 ilan (toplam=  768, 5s)
2026-09-15 14:43:31,016 [INFO]   [Zero 3] DESC (pahalı→ucuz) p  5: 192 ilan (toplam=  960, 6s)
2026-09-15 14:43:31,763 [INFO]   [Zero 3] DESC (pahalı→ucuz) p  6: 192 ilan (toplam= 1152, 7s)
2026-09-15 14:43:32,506 [INFO]   [Zero 3] DESC (pahalı→ucuz) p  7: 192 ilan (toplam= 1344, 8s)
2026-09-15 14:43:34,307 [INFO]   [Zero 3] DESC (pahalı→ucuz) p  8: 192 ilan (toplam= 1536, 10s)
2026-09-15 14:43:35,037 [INFO]   [Zero 3] DESC (pahalı→ucuz) p  9: 192 ilan (toplam= 1728, 10s)
2026-09-15 14:43:36,456 [INFO]   [Zero 3] DESC (pahalı→ucuz) p 10: 192 ilan (toplam= 1920, 12s)
2026-09-15 14:43:38,209 [INFO]   [Zero 3] DESC (pahalı→ucuz) p 11: 192 ilan (toplam= 2112, 13s)
2026-09-15 14:43:39,720 [INFO]   [Zero 3] DESC (pahalı→ucuz) p 12: 192 ilan (toplam= 2304, 15s)
2026-09-15 14:43:41,029 [INFO]   [Zero 3] DESC (pahalı→ucuz) p 13: 192 ilan (toplam= 2496, 16s)
2026-09-15 14:43:41,788 [INFO]   [Zero 3] DESC (pahalı→ucuz) p 14: 192 ilan (toplam= 2688, 17s)
2026-09-15 14:43:43,434 [INFO]   [Zero 3] DESC (pahalı→ucuz) p 15: 192 ilan (toplam= 2880, 19s)
2026-09-15 14:43:45,138 [INFO]   [Zero 3] DESC (pahalı→ucuz) p 16: 192 ilan (toplam= 3072, 20s)
2026-09-15 14:43:45,907 [INFO]   [Zero 3] DESC (pahalı→ucuz) p 17: 192 ilan (toplam= 3264, 21s)
2026-09-15 14:43:46,677 [INFO]   [Zero 3] DESC (pahalı→ucuz) p 18: 192 ilan (toplam= 3456, 22s)
2026-09-15 14:43:47,422 [INFO]   [Zero 3] DESC (pahalı→ucuz) p 19: 192 ilan (toplam= 3648, 23s)
2026-09-15 14:43:48,210 [INFO]   [Zero 3] DESC (pahalı→ucuz) p 20: 192 ilan (toplam= 3840, 23s)
2026-09-15 14:43:49,580 [INFO]   [Zero 3] DESC (pahalı→ucuz) p 21: 192 ilan (toplam= 4032, 25s)
2026-09-15 14:43:51,368 [INFO]   [Zero 3] DESC (pahalı→ucuz) p 22: 192 ilan (toplam= 4224, 27s)
2026-09-15 14:43:52,114 [INFO]   [Zero 3] DESC (pahalı→ucuz) p 23: 192 ilan (toplam= 4416, 27s)
2026-09-15 14:43:54,978 [INFO]   [Zero 3] DESC (pahalı→ucuz) p 24: 192 ilan (toplam= 4608, 30s)
2026-09-15 14:43:55,724 [INFO]   [Zero 3] DESC (pahalı→ucuz) p 25: 192 ilan (toplam= 4800, 31s)
2026-09-15 14:43:57,187 [INFO]   [Zero 3] DESC (pahalı→ucuz) p 26: 192 ilan (toplam= 4992, 32s)
2026-09-15 14:43:58,897 [INFO]   [Zero 3] DESC (pahalı→ucuz) p 27: 192 ilan (toplam= 5184, 34s)
2026-09-15 14:44:00,582 [INFO]   [Zero 3] DESC (pahalı→ucuz) p 28: 192 ilan (toplam= 5376, 36s)
2026-09-15 14:44:01,407 [INFO]   [Zero 3] DESC (pahalı→ucuz) p 29: 192 ilan (toplam= 5568, 37s)
2026-09-15 14:44:02,024 [WARNING]   [Zero 3] DESC (pahalı→ucuz) p30 → 429, 60sn bekle
2026-09-15 14:45:02,163 [INFO] Token yenilendi: eyJzaWQiOiJiZDk4M2I4...
2026-09-15 14:45:02,290 [WARNING]   [Zero 3] p30 → 429 — 60sn bekleniyor
2026-09-15 14:46:02,439 [INFO] Token yenilendi: eyJzaWQiOiJiZDk4M2I4...
2026-09-15 14:46:03,622 [WARNING]   [Zero 3] p30 → 429 — 120sn bekleniyor
2026-09-15 14:48:03,746 [INFO] Token yenilendi: eyJzaWQiOiJiZDk4M2I4...
2026-09-15 14:48:03,858 [WARNING]   [Zero 3] p30 → 429 — 180sn bekleniyor
2026-09-15 14:51:03,992 [INFO] Token yenilendi: eyJzaWQiOiJiZDk4M2I4...
2026-09-15 14:51:03,993 [WARNING]   [Zero 3] DESC (pahalı→ucuz) sayfa 30 alinamadi — bitti
2026-09-15 14:51:03,993 [INFO]   [Zero 3] DESC (pahalı→ucuz) bitti: 5568 ilan
2026-09-15 14:51:03,993 [INFO] [Zero 3] TOPLAM: 5568 ilan
2026-09-15 14:51:15,343 [INFO] [zero3] 5568 ilan yazildi (11066ms)
2026-09-15 14:51:15,343 [INFO] Tamamlandi — 471sn
2026-09-15 14:51:15,343 [INFO] ============================================================
2026-09-15 14:52:24,226 [INFO] ============================================================
2026-09-15 14:52:24,226 [INFO] MSGKO Scraper v4 — 2026-09-15 14:52:24
2026-09-15 14:52:24,226 [INFO] Kanal [1]: Zero 4 (serverType=5) — ASC (ucuz→pahalı)
2026-09-15 14:52:24,715 [INFO] Token alindi: eyJzaWQiOiIzZDI5ZDcw...
2026-09-15 14:52:24,716 [INFO] [Zero 4] Baglanti testi...
2026-09-15 14:52:24,843 [WARNING] Sayfa 1: HTTP 429
2026-09-15 14:52:24,843 [INFO] 60sn bekleniyor...
2026-09-15 14:53:24,994 [INFO] Token yenilendi: eyJzaWQiOiIzZDI5ZDcw...
2026-09-15 14:53:25,115 [WARNING] Sayfa 1: HTTP 429
2026-09-15 14:53:25,115 [INFO] 120sn bekleniyor...
2026-09-15 14:55:25,233 [INFO] Token yenilendi: eyJzaWQiOiIzZDI5ZDcw...
2026-09-15 14:55:25,344 [WARNING] Sayfa 1: HTTP 429
2026-09-15 14:55:25,344 [WARNING] Site engelliyor — run atlaniyor
2026-09-15 14:58:24,223 [INFO] ============================================================
2026-09-15 14:58:24,223 [INFO] MSGKO Scraper v4 — 2026-09-15 14:58:24
2026-09-15 14:58:24,224 [INFO] Kanal [1]: Zero 4 (serverType=5) — DESC (pahalı→ucuz)
2026-09-15 14:58:24,722 [INFO] Token alindi: eyJzaWQiOiIxNzlmZTk5...
2026-09-15 14:58:24,722 [INFO] [Zero 4] Baglanti testi...
2026-09-15 14:58:24,844 [WARNING] Sayfa 1: HTTP 429
2026-09-15 14:58:24,844 [INFO] 60sn bekleniyor...
2026-09-15 14:59:24,973 [INFO] Token yenilendi: eyJzaWQiOiIxNzlmZTk5...
2026-09-15 14:59:25,103 [WARNING] Sayfa 1: HTTP 429
2026-09-15 14:59:25,104 [INFO] 120sn bekleniyor...
2026-09-15 15:01:25,220 [INFO] Token yenilendi: eyJzaWQiOiIxNzlmZTk5...
2026-09-15 15:01:25,382 [WARNING] Sayfa 1: HTTP 429
2026-09-15 15:01:25,382 [WARNING] Site engelliyor — run atlaniyor
2026-09-15 15:04:24,229 [INFO] ============================================================
2026-09-15 15:04:24,229 [INFO] MSGKO Scraper v4 — 2026-09-15 15:04:24
2026-09-15 15:04:24,229 [INFO] Kanal [2]: Zero 5 (serverType=8) — ASC (ucuz→pahalı)
2026-09-15 15:04:24,710 [INFO] Token alindi: eyJzaWQiOiJmYzJmOTdk...
2026-09-15 15:04:24,710 [INFO] [Zero 5] Baglanti testi...
2026-09-15 15:04:24,827 [WARNING] Sayfa 1: HTTP 429
2026-09-15 15:04:24,827 [INFO] 60sn bekleniyor...
2026-09-15 15:05:24,964 [INFO] Token yenilendi: eyJzaWQiOiJmYzJmOTdk...
2026-09-15 15:05:25,088 [WARNING] Sayfa 1: HTTP 429
2026-09-15 15:05:25,088 [INFO] 120sn bekleniyor...
2026-09-15 15:07:25,226 [INFO] Token yenilendi: eyJzaWQiOiJmYzJmOTdk...
2026-09-15 15:07:25,337 [WARNING] Sayfa 1: HTTP 429
2026-09-15 15:07:25,337 [WARNING] Site engelliyor — run atlaniyor
2026-09-15 15:10:24,227 [INFO] ============================================================
2026-09-15 15:10:24,227 [INFO] MSGKO Scraper v4 — 2026-09-15 15:10:24
2026-09-15 15:10:24,227 [INFO] Kanal [2]: Zero 5 (serverType=8) — DESC (pahalı→ucuz)
2026-09-15 15:10:24,690 [INFO] Token alindi: eyJzaWQiOiI3NzUyYjhi...
2026-09-15 15:10:24,691 [INFO] [Zero 5] Baglanti testi...
2026-09-15 15:10:24,830 [WARNING] Sayfa 1: HTTP 429
2026-09-15 15:10:24,830 [INFO] 60sn bekleniyor...
2026-09-15 15:11:25,094 [INFO] Token yenilendi: eyJzaWQiOiI3NzUyYjhi...
2026-09-15 15:11:25,213 [WARNING] Sayfa 1: HTTP 429
2026-09-15 15:11:25,213 [INFO] 120sn bekleniyor...
2026-09-15 15:13:25,330 [INFO] Token yenilendi: eyJzaWQiOiI3NzUyYjhi...
2026-09-15 15:13:25,445 [WARNING] Sayfa 1: HTTP 429
2026-09-15 15:13:25,445 [WARNING] Site engelliyor — run atlaniyor
2026-09-15 15:16:24,225 [INFO] ============================================================
2026-09-15 15:16:24,225 [INFO] MSGKO Scraper v4 — 2026-09-15 15:16:24
2026-09-15 15:16:24,225 [INFO] Kanal [3]: Zero 8 (serverType=15) — ASC (ucuz→pahalı)
2026-09-15 15:16:24,820 [INFO] Token alindi: eyJzaWQiOiIxYjlkY2Fm...
2026-09-15 15:16:24,820 [INFO] [Zero 8] Baglanti testi...
2026-09-15 15:16:25,080 [INFO] Baglanti OK!
2026-09-15 15:16:25,080 [INFO] [Zero 8] ASC (ucuz→pahalı)
2026-09-15 15:16:25,151 [INFO]   [Zero 8] ASC (ucuz→pahalı) p  1: 192 ilan (toplam=  192, 0s)
2026-09-15 15:16:25,937 [INFO]   [Zero 8] ASC (ucuz→pahalı) p  2: 192 ilan (toplam=  384, 1s)
2026-09-15 15:16:26,726 [INFO]   [Zero 8] ASC (ucuz→pahalı) p  3: 192 ilan (toplam=  576, 2s)
2026-09-15 15:16:27,487 [INFO]   [Zero 8] ASC (ucuz→pahalı) p  4: 192 ilan (toplam=  768, 3s)
2026-09-15 15:16:28,262 [INFO]   [Zero 8] ASC (ucuz→pahalı) p  5: 192 ilan (toplam=  960, 4s)
2026-09-15 15:16:29,026 [INFO]   [Zero 8] ASC (ucuz→pahalı) p  6: 192 ilan (toplam= 1152, 4s)
2026-09-15 15:16:29,756 [INFO]   [Zero 8] ASC (ucuz→pahalı) p  7: 192 ilan (toplam= 1344, 5s)
2026-09-15 15:16:30,505 [INFO]   [Zero 8] ASC (ucuz→pahalı) p  8: 192 ilan (toplam= 1536, 6s)
2026-09-15 15:16:31,346 [INFO]   [Zero 8] ASC (ucuz→pahalı) p  9: 192 ilan (toplam= 1728, 7s)
2026-09-15 15:16:32,098 [INFO]   [Zero 8] ASC (ucuz→pahalı) p 10: 192 ilan (toplam= 1920, 7s)
2026-09-15 15:16:32,891 [INFO]   [Zero 8] ASC (ucuz→pahalı) p 11: 192 ilan (toplam= 2112, 8s)
2026-09-15 15:16:33,653 [INFO]   [Zero 8] ASC (ucuz→pahalı) p 12: 192 ilan (toplam= 2304, 9s)
2026-09-15 15:16:35,139 [INFO]   [Zero 8] ASC (ucuz→pahalı) p 13: 192 ilan (toplam= 2496, 10s)
2026-09-15 15:16:35,910 [INFO]   [Zero 8] ASC (ucuz→pahalı) p 14: 192 ilan (toplam= 2688, 11s)
2026-09-15 15:16:36,670 [INFO]   [Zero 8] ASC (ucuz→pahalı) p 15: 192 ilan (toplam= 2880, 12s)
2026-09-15 15:16:38,267 [INFO]   [Zero 8] ASC (ucuz→pahalı) p 16: 192 ilan (toplam= 3072, 14s)
2026-09-15 15:16:39,005 [INFO]   [Zero 8] ASC (ucuz→pahalı) p 17: 192 ilan (toplam= 3264, 14s)
2026-09-15 15:16:39,770 [INFO]   [Zero 8] ASC (ucuz→pahalı) p 18: 192 ilan (toplam= 3456, 15s)
2026-09-15 15:16:41,839 [INFO]   [Zero 8] ASC (ucuz→pahalı) p 19: 192 ilan (toplam= 3648, 17s)
2026-09-15 15:16:43,680 [INFO]   [Zero 8] ASC (ucuz→pahalı) p 20: 192 ilan (toplam= 3840, 19s)
2026-09-15 15:16:44,428 [INFO]   [Zero 8] ASC (ucuz→pahalı) p 21: 192 ilan (toplam= 4032, 20s)
2026-09-15 15:16:45,152 [INFO]   [Zero 8] ASC (ucuz→pahalı) p 22: 192 ilan (toplam= 4224, 20s)
2026-09-15 15:16:45,892 [INFO]   [Zero 8] ASC (ucuz→pahalı) p 23: 192 ilan (toplam= 4416, 21s)
2026-09-15 15:16:46,639 [INFO]   [Zero 8] ASC (ucuz→pahalı) p 24: 192 ilan (toplam= 4608, 22s)
2026-09-15 15:16:47,393 [INFO]   [Zero 8] ASC (ucuz→pahalı) p 25: 192 ilan (toplam= 4800, 23s)
2026-09-15 15:16:48,191 [INFO]   [Zero 8] ASC (ucuz→pahalı) p 26: 192 ilan (toplam= 4992, 23s)
2026-09-15 15:16:48,923 [INFO]   [Zero 8] ASC (ucuz→pahalı) p 27: 192 ilan (toplam= 5184, 24s)
2026-09-15 15:16:49,699 [INFO]   [Zero 8] ASC (ucuz→pahalı) p 28: 192 ilan (toplam= 5376, 25s)
2026-09-15 15:16:50,494 [INFO]   [Zero 8] ASC (ucuz→pahalı) p 29: 192 ilan (toplam= 5568, 26s)
2026-09-15 15:16:51,235 [INFO]   [Zero 8] ASC (ucuz→pahalı) p 30: 192 ilan (toplam= 5760, 27s)
2026-09-15 15:16:52,778 [WARNING]   [Zero 8] ASC (ucuz→pahalı) p31 → 429, 60sn bekle
2026-09-15 15:17:52,887 [INFO] Token yenilendi: eyJzaWQiOiIxYjlkY2Fm...
2026-09-15 15:17:53,007 [WARNING]   [Zero 8] p31 → 429 — 60sn bekleniyor
2026-09-15 15:18:53,119 [INFO] Token yenilendi: eyJzaWQiOiIxYjlkY2Fm...
2026-09-15 15:18:53,244 [WARNING]   [Zero 8] p31 → 429 — 120sn bekleniyor
2026-09-15 15:20:53,387 [INFO] Token yenilendi: eyJzaWQiOiIxYjlkY2Fm...
2026-09-15 15:20:53,514 [WARNING]   [Zero 8] p31 → 429 — 180sn bekleniyor
2026-09-15 15:23:53,640 [INFO] Token yenilendi: eyJzaWQiOiIxYjlkY2Fm...
2026-09-15 15:23:53,640 [WARNING]   [Zero 8] ASC (ucuz→pahalı) sayfa 31 alinamadi — bitti
2026-09-15 15:23:53,640 [INFO]   [Zero 8] ASC (ucuz→pahalı) bitti: 5760 ilan
2026-09-15 15:23:53,640 [INFO] [Zero 8] TOPLAM: 5760 ilan
2026-09-15 15:24:05,001 [INFO] [zero8] 5760 ilan yazildi (10985ms)
2026-09-15 15:24:05,001 [INFO] Tamamlandi — 460sn
2026-09-15 15:24:05,001 [INFO] ============================================================
2026-09-15 15:25:24,236 [INFO] ============================================================
2026-09-15 15:25:24,236 [INFO] MSGKO Scraper v4 — 2026-09-15 15:25:24
2026-09-15 15:25:24,237 [INFO] Kanal [3]: Zero 8 (serverType=15) — DESC (pahalı→ucuz)
2026-09-15 15:25:25,476 [INFO] Token alindi: eyJzaWQiOiJmN2UwN2Vk...
2026-09-15 15:25:25,476 [INFO] [Zero 8] Baglanti testi...
2026-09-15 15:25:25,594 [WARNING] Sayfa 1: HTTP 429
2026-09-15 15:25:25,594 [INFO] 60sn bekleniyor...
2026-09-15 15:26:25,992 [INFO] Token yenilendi: eyJzaWQiOiJmN2UwN2Vk...
2026-09-15 15:26:26,143 [WARNING] Sayfa 1: HTTP 429
2026-09-15 15:26:26,143 [INFO] 120sn bekleniyor...
2026-09-15 15:28:26,457 [INFO] Token yenilendi: eyJzaWQiOiJmN2UwN2Vk...
2026-09-15 15:28:26,568 [WARNING] Sayfa 1: HTTP 429
2026-09-15 15:28:26,568 [WARNING] Site engelliyor — run atlaniyor
2026-09-15 15:31:24,245 [INFO] ============================================================
2026-09-15 15:31:24,245 [INFO] MSGKO Scraper v4 — 2026-09-15 15:31:24
2026-09-15 15:31:24,245 [INFO] Kanal [4]: Agartha 3 (serverType=1) — ASC (ucuz→pahalı)
2026-09-15 15:31:24,669 [INFO] Token alindi: eyJzaWQiOiI2MGZlNWE5...
2026-09-15 15:31:24,669 [INFO] [Agartha 3] Baglanti testi...
2026-09-15 15:31:24,788 [WARNING] Sayfa 1: HTTP 429
2026-09-15 15:31:24,788 [INFO] 60sn bekleniyor...
2026-09-15 15:32:24,907 [INFO] Token yenilendi: eyJzaWQiOiI2MGZlNWE5...
2026-09-15 15:32:25,025 [WARNING] Sayfa 1: HTTP 429
2026-09-15 15:32:25,025 [INFO] 120sn bekleniyor...
2026-09-15 15:34:25,137 [INFO] Token yenilendi: eyJzaWQiOiI2MGZlNWE5...
2026-09-15 15:34:25,275 [WARNING] Sayfa 1: HTTP 429
2026-09-15 15:34:25,276 [WARNING] Site engelliyor — run atlaniyor
2026-09-15 15:37:24,249 [INFO] ============================================================
2026-09-15 15:37:24,249 [INFO] MSGKO Scraper v4 — 2026-09-15 15:37:24
2026-09-15 15:37:24,250 [INFO] Kanal [4]: Agartha 3 (serverType=1) — DESC (pahalı→ucuz)
2026-09-15 15:37:24,747 [INFO] Token alindi: eyJzaWQiOiIwOWFlMjI4...
2026-09-15 15:37:24,747 [INFO] [Agartha 3] Baglanti testi...
2026-09-15 15:37:24,877 [WARNING] Sayfa 1: HTTP 429
2026-09-15 15:37:24,877 [INFO] 60sn bekleniyor...
2026-09-15 15:38:25,483 [INFO] Token yenilendi: eyJzaWQiOiIwOWFlMjI4...
2026-09-15 15:38:25,600 [WARNING] Sayfa 1: HTTP 429
2026-09-15 15:38:25,600 [INFO] 120sn bekleniyor...
2026-09-15 15:40:25,727 [INFO] Token yenilendi: eyJzaWQiOiIwOWFlMjI4...
2026-09-15 15:40:25,868 [WARNING] Sayfa 1: HTTP 429
2026-09-15 15:40:25,868 [WARNING] Site engelliyor — run atlaniyor
2026-09-15 15:43:24,250 [INFO] ============================================================
2026-09-15 15:43:24,250 [INFO] MSGKO Scraper v4 — 2026-09-15 15:43:24
2026-09-15 15:43:24,251 [INFO] Kanal [5]: Agartha 4 (serverType=12) — ASC (ucuz→pahalı)
2026-09-15 15:43:25,552 [INFO] Token alindi: eyJzaWQiOiJiZjYwMDhi...
2026-09-15 15:43:25,552 [INFO] [Agartha 4] Baglanti testi...
2026-09-15 15:43:25,660 [WARNING] Sayfa 1: HTTP 429
2026-09-15 15:43:25,660 [INFO] 60sn bekleniyor...
2026-09-15 15:44:25,829 [INFO] Token yenilendi: eyJzaWQiOiJiZjYwMDhi...
2026-09-15 15:44:26,058 [WARNING] Sayfa 1: HTTP 429
2026-09-15 15:44:26,058 [INFO] 120sn bekleniyor...
2026-09-15 15:46:26,186 [INFO] Token yenilendi: eyJzaWQiOiJiZjYwMDhi...
2026-09-15 15:46:26,305 [WARNING] Sayfa 1: HTTP 429
2026-09-15 15:46:26,305 [WARNING] Site engelliyor — run atlaniyor
2026-09-15 15:49:24,239 [INFO] ============================================================
2026-09-15 15:49:24,240 [INFO] MSGKO Scraper v4 — 2026-09-15 15:49:24
2026-09-15 15:49:24,240 [INFO] Kanal [5]: Agartha 4 (serverType=12) — DESC (pahalı→ucuz)
2026-09-15 15:49:24,724 [INFO] Token alindi: eyJzaWQiOiIyNTlkNDll...
2026-09-15 15:49:24,724 [INFO] [Agartha 4] Baglanti testi...
2026-09-15 15:49:25,226 [INFO] Baglanti OK!
2026-09-15 15:49:25,226 [INFO] [Agartha 4] DESC (pahalı→ucuz)
2026-09-15 15:49:26,487 [INFO]   [Agartha 4] DESC (pahalı→ucuz) p  1: 192 ilan (toplam=  192, 2s)
2026-09-15 15:49:27,293 [INFO]   [Agartha 4] DESC (pahalı→ucuz) p  2: 192 ilan (toplam=  384, 3s)
2026-09-15 15:49:28,084 [INFO]   [Agartha 4] DESC (pahalı→ucuz) p  3: 192 ilan (toplam=  576, 3s)
2026-09-15 15:49:28,866 [INFO]   [Agartha 4] DESC (pahalı→ucuz) p  4: 192 ilan (toplam=  768, 4s)
2026-09-15 15:49:30,466 [INFO]   [Agartha 4] DESC (pahalı→ucuz) p  5: 192 ilan (toplam=  960, 6s)
2026-09-15 15:49:31,203 [INFO]   [Agartha 4] DESC (pahalı→ucuz) p  6: 192 ilan (toplam= 1152, 6s)
2026-09-15 15:49:31,935 [INFO]   [Agartha 4] DESC (pahalı→ucuz) p  7: 192 ilan (toplam= 1344, 7s)
2026-09-15 15:49:33,444 [INFO]   [Agartha 4] DESC (pahalı→ucuz) p  8: 192 ilan (toplam= 1536, 9s)
2026-09-15 15:49:34,872 [INFO]   [Agartha 4] DESC (pahalı→ucuz) p  9: 192 ilan (toplam= 1728, 10s)
2026-09-15 15:49:35,634 [INFO]   [Agartha 4] DESC (pahalı→ucuz) p 10: 192 ilan (toplam= 1920, 11s)
2026-09-15 15:49:36,410 [INFO]   [Agartha 4] DESC (pahalı→ucuz) p 11: 192 ilan (toplam= 2112, 12s)
2026-09-15 15:49:37,664 [INFO]   [Agartha 4] DESC (pahalı→ucuz) p 12: 192 ilan (toplam= 2304, 13s)
2026-09-15 15:49:38,412 [INFO]   [Agartha 4] DESC (pahalı→ucuz) p 13: 192 ilan (toplam= 2496, 14s)
2026-09-15 15:49:39,166 [INFO]   [Agartha 4] DESC (pahalı→ucuz) p 14: 192 ilan (toplam= 2688, 14s)
2026-09-15 15:49:39,929 [INFO]   [Agartha 4] DESC (pahalı→ucuz) p 15: 192 ilan (toplam= 2880, 15s)
2026-09-15 15:49:41,440 [INFO]   [Agartha 4] DESC (pahalı→ucuz) p 16: 192 ilan (toplam= 3072, 17s)
2026-09-15 15:49:42,179 [INFO]   [Agartha 4] DESC (pahalı→ucuz) p 17: 192 ilan (toplam= 3264, 17s)
2026-09-15 15:49:42,934 [INFO]   [Agartha 4] DESC (pahalı→ucuz) p 18: 192 ilan (toplam= 3456, 18s)
2026-09-15 15:49:43,689 [INFO]   [Agartha 4] DESC (pahalı→ucuz) p 19: 192 ilan (toplam= 3648, 19s)
2026-09-15 15:49:44,444 [INFO]   [Agartha 4] DESC (pahalı→ucuz) p 20: 192 ilan (toplam= 3840, 20s)
2026-09-15 15:49:45,234 [INFO]   [Agartha 4] DESC (pahalı→ucuz) p 21: 192 ilan (toplam= 4032, 20s)
2026-09-15 15:49:45,985 [INFO]   [Agartha 4] DESC (pahalı→ucuz) p 22: 192 ilan (toplam= 4224, 21s)
2026-09-15 15:49:47,871 [INFO]   [Agartha 4] DESC (pahalı→ucuz) p 23: 192 ilan (toplam= 4416, 23s)
2026-09-15 15:49:49,797 [INFO]   [Agartha 4] DESC (pahalı→ucuz) p 24: 192 ilan (toplam= 4608, 25s)
2026-09-15 15:49:50,583 [INFO]   [Agartha 4] DESC (pahalı→ucuz) p 25: 192 ilan (toplam= 4800, 26s)
2026-09-15 15:49:51,348 [INFO]   [Agartha 4] DESC (pahalı→ucuz) p 26: 192 ilan (toplam= 4992, 27s)
2026-09-15 15:49:52,116 [INFO]   [Agartha 4] DESC (pahalı→ucuz) p 27: 192 ilan (toplam= 5184, 27s)
2026-09-15 15:49:52,869 [INFO]   [Agartha 4] DESC (pahalı→ucuz) p 28: 192 ilan (toplam= 5376, 28s)
2026-09-15 15:49:54,762 [INFO]   [Agartha 4] DESC (pahalı→ucuz) p 29: 192 ilan (toplam= 5568, 30s)
2026-09-15 15:49:55,426 [WARNING]   [Agartha 4] DESC (pahalı→ucuz) p30 → 429, 60sn bekle
2026-09-15 15:50:55,551 [INFO] Token yenilendi: eyJzaWQiOiIyNTlkNDll...
2026-09-15 15:50:55,661 [WARNING]   [Agartha 4] p30 → 429 — 60sn bekleniyor
2026-09-15 15:51:55,827 [INFO] Token yenilendi: eyJzaWQiOiIyNTlkNDll...
2026-09-15 15:51:55,938 [WARNING]   [Agartha 4] p30 → 429 — 120sn bekleniyor
2026-09-15 15:53:56,070 [INFO] Token yenilendi: eyJzaWQiOiIyNTlkNDll...
2026-09-15 15:53:56,189 [WARNING]   [Agartha 4] p30 → 429 — 180sn bekleniyor
2026-09-15 15:56:56,330 [INFO] Token yenilendi: eyJzaWQiOiIyNTlkNDll...
2026-09-15 15:56:56,331 [WARNING]   [Agartha 4] DESC (pahalı→ucuz) sayfa 30 alinamadi — bitti
2026-09-15 15:56:56,331 [INFO]   [Agartha 4] DESC (pahalı→ucuz) bitti: 5568 ilan
2026-09-15 15:56:56,331 [INFO] [Agartha 4] TOPLAM: 5568 ilan
2026-09-15 15:57:08,085 [INFO] [agartha4] 5568 ilan yazildi (11479ms)
2026-09-15 15:57:08,085 [INFO] Tamamlandi — 463sn
2026-09-15 15:57:08,086 [INFO] ============================================================
2026-09-15 15:57:57,398 [INFO] ============================================================
2026-09-15 15:57:57,399 [INFO] MSGKO Scraper v4 — 2026-09-15 15:57:57
2026-09-15 15:57:57,399 [INFO] Kanal [0]: Zero 3 (serverType=0)
2026-09-15 15:57:57,862 [INFO] Token alindi: eyJzaWQiOiI0MzQ1ZGEx...
2026-09-15 15:57:57,862 [INFO] [Zero 3] Baglanti testi...
2026-09-15 15:57:57,976 [WARNING] Sayfa 1: HTTP 429
2026-09-15 15:57:57,976 [INFO] 60sn bekleniyor...
2026-09-15 15:58:58,716 [INFO] Token yenilendi: eyJzaWQiOiI0MzQ1ZGEx...
2026-09-15 15:58:58,834 [WARNING] Sayfa 1: HTTP 429
2026-09-15 15:58:58,834 [INFO] 120sn bekleniyor...
2026-09-15 16:00:58,955 [INFO] Token yenilendi: eyJzaWQiOiI0MzQ1ZGEx...
2026-09-15 16:00:59,084 [WARNING] Sayfa 1: HTTP 429
2026-09-15 16:00:59,084 [WARNING] Site engelliyor — run atlaniyor
2026-09-15 16:01:24,234 [INFO] ============================================================
2026-09-15 16:01:24,234 [INFO] MSGKO Scraper v4 — 2026-09-15 16:01:24
2026-09-15 16:01:24,235 [INFO] Kanal [1]: Zero 4 (serverType=5)
2026-09-15 16:01:24,691 [INFO] Token alindi: eyJzaWQiOiIzMzg0NmM4...
2026-09-15 16:01:24,692 [INFO] [Zero 4] Baglanti testi...
2026-09-15 16:01:24,820 [WARNING] Sayfa 1: HTTP 429
2026-09-15 16:01:24,820 [INFO] 60sn bekleniyor...
2026-09-15 16:02:26,003 [INFO] Token yenilendi: eyJzaWQiOiIzMzg0NmM4...
2026-09-15 16:02:26,129 [WARNING] Sayfa 1: HTTP 429
2026-09-15 16:02:26,129 [INFO] 120sn bekleniyor...
2026-09-15 16:04:26,817 [INFO] Token yenilendi: eyJzaWQiOiIzMzg0NmM4...
2026-09-15 16:04:26,935 [WARNING] Sayfa 1: HTTP 429
2026-09-15 16:04:26,935 [WARNING] Site engelliyor — run atlaniyor
2026-09-15 16:07:24,238 [INFO] ============================================================
2026-09-15 16:07:24,238 [INFO] MSGKO Scraper v4 — 2026-09-15 16:07:24
2026-09-15 16:07:24,239 [INFO] Kanal [2]: Zero 5 (serverType=8)
2026-09-15 16:07:25,549 [INFO] Token alindi: eyJzaWQiOiI1ZTNiMzgy...
2026-09-15 16:07:25,549 [INFO] [Zero 5] Baglanti testi...
2026-09-15 16:07:25,682 [WARNING] Sayfa 1: HTTP 429
2026-09-15 16:07:25,682 [INFO] 60sn bekleniyor...
2026-09-15 16:08:25,792 [INFO] Token yenilendi: eyJzaWQiOiI1ZTNiMzgy...
2026-09-15 16:08:25,909 [WARNING] Sayfa 1: HTTP 429
2026-09-15 16:08:25,909 [INFO] 120sn bekleniyor...
2026-09-15 16:10:26,047 [INFO] Token yenilendi: eyJzaWQiOiI1ZTNiMzgy...
2026-09-15 16:10:26,164 [WARNING] Sayfa 1: HTTP 429
2026-09-15 16:10:26,164 [WARNING] Site engelliyor — run atlaniyor
2026-09-15 16:13:24,236 [INFO] ============================================================
2026-09-15 16:13:24,236 [INFO] MSGKO Scraper v4 — 2026-09-15 16:13:24
2026-09-15 16:13:24,237 [INFO] Kanal [3]: Zero 8 (serverType=15)
2026-09-15 16:13:24,725 [INFO] Token alindi: eyJzaWQiOiI4MGQ2NGU3...
2026-09-15 16:13:24,725 [INFO] [Zero 8] Baglanti testi...
2026-09-15 16:13:24,849 [WARNING] Sayfa 1: HTTP 429
2026-09-15 16:13:24,849 [INFO] 60sn bekleniyor...
2026-09-15 16:14:24,972 [INFO] Token yenilendi: eyJzaWQiOiI4MGQ2NGU3...
2026-09-15 16:14:25,087 [WARNING] Sayfa 1: HTTP 429
2026-09-15 16:14:25,087 [INFO] 120sn bekleniyor...
2026-09-15 16:16:25,204 [INFO] Token yenilendi: eyJzaWQiOiI4MGQ2NGU3...
2026-09-15 16:16:25,311 [WARNING] Sayfa 1: HTTP 429
2026-09-15 16:16:25,311 [WARNING] Site engelliyor — run atlaniyor
2026-09-15 16:17:25,716 [INFO] ============================================================
2026-09-15 16:17:25,716 [INFO] MSGKO Scraper v4 — 2026-09-15 16:17:25
2026-09-15 16:17:25,716 [INFO] Kanal [4]: Agartha 3 (serverType=1)
2026-09-15 16:17:27,588 [INFO] Token alindi: eyJzaWQiOiI5Mjk3Yzgw...
2026-09-15 16:17:27,589 [INFO] [Agartha 3] Baglanti testi...
2026-09-15 16:17:27,875 [WARNING] Sayfa 1: HTTP 429
2026-09-15 16:17:27,875 [INFO] 60sn bekleniyor...
2026-09-15 16:18:28,145 [INFO] Token yenilendi: eyJzaWQiOiI5Mjk3Yzgw...
2026-09-15 16:18:28,524 [WARNING] Sayfa 1: HTTP 429
2026-09-15 16:18:28,524 [INFO] 120sn bekleniyor...
2026-09-15 16:20:28,897 [INFO] Token yenilendi: eyJzaWQiOiI5Mjk3Yzgw...
2026-09-15 16:20:29,350 [INFO] Baglanti OK!
2026-09-15 16:20:29,438 [INFO]   [Agartha 3] p  1: 192 ilan (toplam=  192, 183s)
2026-09-15 16:20:30,393 [INFO]   [Agartha 3] p  2: 192 ilan (toplam=  384, 184s)
2026-09-15 16:20:31,159 [INFO]   [Agartha 3] p  3: 192 ilan (toplam=  576, 185s)
2026-09-15 16:20:31,880 [INFO]   [Agartha 3] p  4: 192 ilan (toplam=  768, 186s)
2026-09-15 16:20:32,635 [INFO]   [Agartha 3] p  5: 192 ilan (toplam=  960, 186s)
2026-09-15 16:20:33,362 [INFO]   [Agartha 3] p  6: 192 ilan (toplam= 1152, 187s)
2026-09-15 16:20:34,126 [INFO]   [Agartha 3] p  7: 192 ilan (toplam= 1344, 188s)
2026-09-15 16:20:35,426 [INFO]   [Agartha 3] p  8: 192 ilan (toplam= 1536, 189s)
2026-09-15 16:20:36,146 [INFO]   [Agartha 3] p  9: 192 ilan (toplam= 1728, 190s)
2026-09-15 16:20:36,869 [INFO]   [Agartha 3] p 10: 192 ilan (toplam= 1920, 191s)
2026-09-15 16:20:37,576 [INFO]   [Agartha 3] p 11: 192 ilan (toplam= 2112, 191s)
2026-09-15 16:20:38,340 [INFO]   [Agartha 3] p 12: 192 ilan (toplam= 2304, 192s)
2026-09-15 16:20:39,051 [INFO]   [Agartha 3] p 13: 192 ilan (toplam= 2496, 193s)
2026-09-15 16:20:39,768 [INFO]   [Agartha 3] p 14: 192 ilan (toplam= 2688, 194s)
2026-09-15 16:20:41,536 [INFO]   [Agartha 3] p 15: 192 ilan (toplam= 2880, 195s)
2026-09-15 16:20:42,269 [INFO]   [Agartha 3] p 16: 192 ilan (toplam= 3072, 196s)
2026-09-15 16:20:42,983 [INFO]   [Agartha 3] p 17: 192 ilan (toplam= 3264, 197s)
2026-09-15 16:20:43,729 [INFO]   [Agartha 3] p 18: 192 ilan (toplam= 3456, 198s)
2026-09-15 16:20:44,492 [INFO]   [Agartha 3] p 19: 192 ilan (toplam= 3648, 198s)
2026-09-15 16:20:45,215 [INFO]   [Agartha 3] p 20: 192 ilan (toplam= 3840, 199s)
2026-09-15 16:20:45,959 [INFO]   [Agartha 3] p 21: 192 ilan (toplam= 4032, 200s)
2026-09-15 16:20:46,689 [INFO]   [Agartha 3] p 22: 192 ilan (toplam= 4224, 200s)
2026-09-15 16:20:47,416 [INFO]   [Agartha 3] p 23: 192 ilan (toplam= 4416, 201s)
2026-09-15 16:20:49,174 [INFO]   [Agartha 3] p 24: 192 ilan (toplam= 4608, 203s)
2026-09-15 16:20:49,900 [INFO]   [Agartha 3] p 25: 192 ilan (toplam= 4800, 204s)
2026-09-15 16:20:51,607 [INFO]   [Agartha 3] p 26: 192 ilan (toplam= 4992, 205s)
2026-09-15 16:20:52,362 [INFO]   [Agartha 3] p 27: 192 ilan (toplam= 5184, 206s)
2026-09-15 16:20:53,844 [INFO]   [Agartha 3] p 28: 192 ilan (toplam= 5376, 208s)
2026-09-15 16:20:54,573 [INFO]   [Agartha 3] p 29: 192 ilan (toplam= 5568, 208s)
2026-09-15 16:20:56,582 [INFO]   [Agartha 3] p 30: 192 ilan (toplam= 5760, 210s)
2026-09-15 16:20:57,172 [WARNING]   [Agartha 3] p31 → 429, 90sn bekleniyor...
2026-09-15 16:22:27,305 [INFO] Token yenilendi: eyJzaWQiOiI5Mjk3Yzgw...
2026-09-15 16:22:28,174 [INFO]   [Agartha 3] p 31: 192 ilan (toplam= 5952, 302s)
2026-09-15 16:22:28,966 [INFO]   [Agartha 3] p 32: 192 ilan (toplam= 6144, 303s)
2026-09-15 16:22:29,716 [INFO]   [Agartha 3] p 33: 192 ilan (toplam= 6336, 303s)
2026-09-15 16:22:30,484 [INFO]   [Agartha 3] p 34: 192 ilan (toplam= 6528, 304s)
2026-09-15 16:22:31,208 [INFO]   [Agartha 3] p 35: 192 ilan (toplam= 6720, 305s)
2026-09-15 16:22:31,931 [INFO]   [Agartha 3] p 36: 192 ilan (toplam= 6912, 306s)
2026-09-15 16:22:32,694 [INFO]   [Agartha 3] p 37: 192 ilan (toplam= 7104, 306s)
2026-09-15 16:22:33,421 [INFO]   [Agartha 3] p 38: 192 ilan (toplam= 7296, 307s)
2026-09-15 16:22:34,194 [INFO]   [Agartha 3] p 39: 192 ilan (toplam= 7488, 308s)
2026-09-15 16:22:34,969 [INFO]   [Agartha 3] p 40: 192 ilan (toplam= 7680, 309s)
2026-09-15 16:22:35,757 [INFO]   [Agartha 3] p 41: 192 ilan (toplam= 7872, 310s)
2026-09-15 16:22:36,525 [INFO]   [Agartha 3] p 42: 192 ilan (toplam= 8064, 310s)
2026-09-15 16:22:37,309 [INFO]   [Agartha 3] p 43: 192 ilan (toplam= 8256, 311s)
2026-09-15 16:22:38,046 [INFO]   [Agartha 3] p 44: 192 ilan (toplam= 8448, 312s)
2026-09-15 16:22:38,812 [INFO]   [Agartha 3] p 45: 192 ilan (toplam= 8640, 313s)
2026-09-15 16:22:39,611 [INFO]   [Agartha 3] p 46: 192 ilan (toplam= 8832, 313s)
2026-09-15 16:22:40,383 [INFO]   [Agartha 3] p 47: 192 ilan (toplam= 9024, 314s)
2026-09-15 16:22:41,164 [INFO]   [Agartha 3] p 48: 192 ilan (toplam= 9216, 315s)
2026-09-15 16:22:42,911 [INFO]   [Agartha 3] p 49: 192 ilan (toplam= 9408, 317s)
2026-09-15 16:22:43,661 [INFO]   [Agartha 3] p 50: 192 ilan (toplam= 9600, 317s)
2026-09-15 16:22:45,433 [INFO]   [Agartha 3] p 51: 192 ilan (toplam= 9792, 319s)
2026-09-15 16:22:46,178 [INFO]   [Agartha 3] p 52: 192 ilan (toplam= 9984, 320s)
2026-09-15 16:22:46,966 [INFO]   [Agartha 3] p 53: 192 ilan (toplam=10176, 321s)
2026-09-15 16:22:47,739 [INFO]   [Agartha 3] p 54: 192 ilan (toplam=10368, 322s)
2026-09-15 16:22:48,957 [INFO]   [Agartha 3] p 55: 192 ilan (toplam=10560, 323s)
2026-09-15 16:22:49,756 [INFO]   [Agartha 3] p 56: 192 ilan (toplam=10752, 324s)
2026-09-15 16:22:50,544 [INFO]   [Agartha 3] p 57: 192 ilan (toplam=10944, 324s)
2026-09-15 16:22:52,382 [INFO]   [Agartha 3] p 58: 192 ilan (toplam=11136, 326s)
2026-09-15 16:22:53,147 [INFO]   [Agartha 3] p 59: 192 ilan (toplam=11328, 327s)
2026-09-15 16:22:54,484 [INFO]   [Agartha 3] p 60: 192 ilan (toplam=11520, 328s)
2026-09-15 16:22:55,087 [WARNING]   [Agartha 3] p61 → 429, 90sn bekleniyor...
2026-09-15 16:24:25,300 [INFO] Token yenilendi: eyJzaWQiOiI5Mjk3Yzgw...
2026-09-15 16:24:25,391 [WARNING]   [Agartha 3] p61 hâlâ 429 — kanal bitti
2026-09-15 16:24:25,391 [INFO] [Agartha 3] TOPLAM: 11520 ilan
2026-09-15 16:24:41,377 [INFO] [agartha3] 11520 ilan yazildi (15724ms)
2026-09-15 16:24:41,377 [INFO] Tamamlandi — 435sn
2026-09-15 16:24:41,377 [INFO] ============================================================
2026-09-15 16:25:24,280 [INFO] ============================================================
2026-09-15 16:25:24,280 [INFO] MSGKO Scraper v4 — 2026-09-15 16:25:24
2026-09-15 16:25:24,280 [INFO] Kanal [5]: Agartha 4 (serverType=12)
2026-09-15 16:25:24,767 [INFO] Token alindi: eyJzaWQiOiI2OTRhYWYx...
2026-09-15 16:25:24,767 [INFO] [Agartha 4] Baglanti testi...
2026-09-15 16:25:24,865 [WARNING] Sayfa 1: HTTP 429
2026-09-15 16:25:24,865 [INFO] 60sn bekleniyor...
2026-09-15 16:26:25,999 [INFO] Token yenilendi: eyJzaWQiOiI2OTRhYWYx...
2026-09-15 16:26:26,092 [WARNING] Sayfa 1: HTTP 429
2026-09-15 16:26:26,092 [INFO] 120sn bekleniyor...
2026-09-15 16:28:26,230 [INFO] Token yenilendi: eyJzaWQiOiI2OTRhYWYx...
2026-09-15 16:28:26,925 [INFO] Baglanti OK!
2026-09-15 16:28:27,008 [INFO]   [Agartha 4] p  1: 192 ilan (toplam=  192, 182s)
2026-09-15 16:28:27,793 [INFO]   [Agartha 4] p  2: 192 ilan (toplam=  384, 183s)
2026-09-15 16:28:28,979 [INFO]   [Agartha 4] p  3: 192 ilan (toplam=  576, 184s)
2026-09-15 16:28:29,694 [INFO]   [Agartha 4] p  4: 192 ilan (toplam=  768, 185s)
2026-09-15 16:28:30,484 [INFO]   [Agartha 4] p  5: 192 ilan (toplam=  960, 186s)
2026-09-15 16:28:31,203 [INFO]   [Agartha 4] p  6: 192 ilan (toplam= 1152, 186s)
2026-09-15 16:28:32,902 [INFO]   [Agartha 4] p  7: 192 ilan (toplam= 1344, 188s)
2026-09-15 16:28:33,641 [INFO]   [Agartha 4] p  8: 192 ilan (toplam= 1536, 189s)
2026-09-15 16:28:35,236 [INFO]   [Agartha 4] p  9: 192 ilan (toplam= 1728, 190s)
2026-09-15 16:28:35,949 [INFO]   [Agartha 4] p 10: 192 ilan (toplam= 1920, 191s)
2026-09-15 16:28:36,676 [INFO]   [Agartha 4] p 11: 192 ilan (toplam= 2112, 192s)
2026-09-15 16:28:37,432 [INFO]   [Agartha 4] p 12: 192 ilan (toplam= 2304, 193s)
2026-09-15 16:28:38,192 [INFO]   [Agartha 4] p 13: 192 ilan (toplam= 2496, 193s)
2026-09-15 16:28:38,906 [INFO]   [Agartha 4] p 14: 192 ilan (toplam= 2688, 194s)
2026-09-15 16:28:39,655 [INFO]   [Agartha 4] p 15: 192 ilan (toplam= 2880, 195s)
2026-09-15 16:28:41,359 [INFO]   [Agartha 4] p 16: 192 ilan (toplam= 3072, 197s)
2026-09-15 16:28:42,103 [INFO]   [Agartha 4] p 17: 192 ilan (toplam= 3264, 197s)
2026-09-15 16:28:42,833 [INFO]   [Agartha 4] p 18: 192 ilan (toplam= 3456, 198s)
2026-09-15 16:28:43,570 [INFO]   [Agartha 4] p 19: 192 ilan (toplam= 3648, 199s)
2026-09-15 16:28:45,375 [INFO]   [Agartha 4] p 20: 192 ilan (toplam= 3840, 201s)
2026-09-15 16:28:46,123 [INFO]   [Agartha 4] p 21: 192 ilan (toplam= 4032, 201s)
2026-09-15 16:28:46,840 [INFO]   [Agartha 4] p 22: 192 ilan (toplam= 4224, 202s)
2026-09-15 16:28:47,544 [INFO]   [Agartha 4] p 23: 192 ilan (toplam= 4416, 203s)
2026-09-15 16:28:48,270 [INFO]   [Agartha 4] p 24: 192 ilan (toplam= 4608, 203s)
2026-09-15 16:28:49,032 [INFO]   [Agartha 4] p 25: 192 ilan (toplam= 4800, 204s)
2026-09-15 16:28:50,362 [INFO]   [Agartha 4] p 26: 192 ilan (toplam= 4992, 206s)
2026-09-15 16:28:51,099 [INFO]   [Agartha 4] p 27: 192 ilan (toplam= 5184, 206s)
2026-09-15 16:28:51,805 [INFO]   [Agartha 4] p 28: 192 ilan (toplam= 5376, 207s)
2026-09-15 16:28:52,516 [INFO]   [Agartha 4] p 29: 192 ilan (toplam= 5568, 208s)
2026-09-15 16:28:53,270 [INFO]   [Agartha 4] p 30: 192 ilan (toplam= 5760, 208s)
2026-09-15 16:28:54,513 [WARNING]   [Agartha 4] p31 → 429, 90sn bekleniyor...
2026-09-15 16:30:24,652 [INFO] Token yenilendi: eyJzaWQiOiI2OTRhYWYx...
2026-09-15 16:30:24,777 [WARNING]   [Agartha 4] p31 hâlâ 429 — kanal bitti
2026-09-15 16:30:24,777 [INFO] [Agartha 4] TOPLAM: 5760 ilan
2026-09-15 16:30:33,583 [INFO] [agartha4] 5760 ilan yazildi (8542ms)
2026-09-15 16:30:33,583 [INFO] Tamamlandi — 309sn
2026-09-15 16:30:33,583 [INFO] ============================================================
2026-09-15 16:31:24,251 [INFO] ============================================================
2026-09-15 16:31:24,251 [INFO] MSGKO Scraper v4 — 2026-09-15 16:31:24
2026-09-15 16:31:24,251 [INFO] Kanal [6]: Pandora 3 (serverType=2)
2026-09-15 16:31:25,167 [INFO] Token alindi: eyJzaWQiOiJhYWIwZWMz...
2026-09-15 16:31:25,167 [INFO] [Pandora 3] Baglanti testi...
2026-09-15 16:31:25,257 [WARNING] Sayfa 1: HTTP 429
2026-09-15 16:31:25,257 [INFO] 60sn bekleniyor...
2026-09-15 16:32:25,790 [INFO] Token yenilendi: eyJzaWQiOiJhYWIwZWMz...
2026-09-15 16:32:25,878 [WARNING] Sayfa 1: HTTP 429
2026-09-15 16:32:25,879 [INFO] 120sn bekleniyor...
2026-09-15 16:34:26,015 [INFO] Token yenilendi: eyJzaWQiOiJhYWIwZWMz...
2026-09-15 16:34:26,099 [WARNING] Sayfa 1: HTTP 429
2026-09-15 16:34:26,099 [WARNING] Site engelliyor — run atlaniyor
2026-09-15 16:37:24,253 [INFO] ============================================================
2026-09-15 16:37:24,254 [INFO] MSGKO Scraper v4 — 2026-09-15 16:37:24
2026-09-15 16:37:24,254 [INFO] Kanal [7]: Pandora 4 (serverType=11)
2026-09-15 16:37:24,994 [INFO] Token alindi: eyJzaWQiOiJmYjhkMjli...
2026-09-15 16:37:24,994 [INFO] [Pandora 4] Baglanti testi...
2026-09-15 16:37:25,099 [WARNING] Sayfa 1: HTTP 429
2026-09-15 16:37:25,099 [INFO] 60sn bekleniyor...
2026-09-15 16:38:26,255 [INFO] Token yenilendi: eyJzaWQiOiJmYjhkMjli...
2026-09-15 16:38:26,367 [WARNING] Sayfa 1: HTTP 429
2026-09-15 16:38:26,367 [INFO] 120sn bekleniyor...
2026-09-15 16:40:26,506 [INFO] Token yenilendi: eyJzaWQiOiJmYjhkMjli...
2026-09-15 16:40:26,603 [WARNING] Sayfa 1: HTTP 429
2026-09-15 16:40:26,604 [WARNING] Site engelliyor — run atlaniyor
2026-09-15 16:43:24,254 [INFO] ============================================================
2026-09-15 16:43:24,254 [INFO] MSGKO Scraper v4 — 2026-09-15 16:43:24
2026-09-15 16:43:24,254 [INFO] Kanal [8]: Destan 2 (serverType=4)
2026-09-15 16:43:25,881 [INFO] Token alindi: eyJzaWQiOiJlN2M0NGEx...
2026-09-15 16:43:25,881 [INFO] [Destan 2] Baglanti testi...
2026-09-15 16:43:25,985 [WARNING] Sayfa 1: HTTP 429
2026-09-15 16:43:25,985 [INFO] 60sn bekleniyor...
2026-09-15 16:44:26,122 [INFO] Token yenilendi: eyJzaWQiOiJlN2M0NGEx...
2026-09-15 16:44:26,218 [WARNING] Sayfa 1: HTTP 429
2026-09-15 16:44:26,218 [INFO] 120sn bekleniyor...
2026-09-15 16:46:26,900 [INFO] Token yenilendi: eyJzaWQiOiJlN2M0NGEx...
2026-09-15 16:46:26,986 [WARNING] Sayfa 1: HTTP 429
2026-09-15 16:46:26,986 [WARNING] Site engelliyor — run atlaniyor
2026-09-15 16:49:24,265 [INFO] ============================================================
2026-09-15 16:49:24,265 [INFO] MSGKO Scraper v4 — 2026-09-15 16:49:24
2026-09-15 16:49:24,266 [INFO] Kanal [9]: Destan 3 (serverType=13)
2026-09-15 16:49:24,799 [INFO] Token alindi: eyJzaWQiOiJiOWI1NDI1...
2026-09-15 16:49:24,799 [INFO] [Destan 3] Baglanti testi...
2026-09-15 16:49:25,912 [WARNING] Sayfa 1: HTTP 429
2026-09-15 16:49:25,913 [INFO] 60sn bekleniyor...
2026-09-15 16:50:26,317 [INFO] Token yenilendi: eyJzaWQiOiJiOWI1NDI1...
2026-09-15 16:50:26,482 [WARNING] Sayfa 1: HTTP 429
2026-09-15 16:50:26,483 [INFO] 120sn bekleniyor...
2026-09-15 16:52:26,630 [INFO] Token yenilendi: eyJzaWQiOiJiOWI1NDI1...
2026-09-15 16:52:26,721 [WARNING] Sayfa 1: HTTP 429
2026-09-15 16:52:26,721 [WARNING] Site engelliyor — run atlaniyor
2026-09-15 16:55:24,259 [INFO] ============================================================
2026-09-15 16:55:24,259 [INFO] MSGKO Scraper v4 — 2026-09-15 16:55:24
2026-09-15 16:55:24,260 [INFO] Kanal [0]: Zero 3 (serverType=0)
2026-09-15 16:55:24,789 [INFO] Token alindi: eyJzaWQiOiJiMTk2MDc2...
2026-09-15 16:55:24,789 [INFO] [Zero 3] Baglanti testi...
2026-09-15 16:55:24,902 [WARNING] Sayfa 1: HTTP 429
2026-09-15 16:55:24,902 [INFO] 60sn bekleniyor...
2026-09-15 16:56:25,044 [INFO] Token yenilendi: eyJzaWQiOiJiMTk2MDc2...
2026-09-15 16:56:25,164 [WARNING] Sayfa 1: HTTP 429
2026-09-15 16:56:25,164 [INFO] 120sn bekleniyor...
2026-09-15 16:58:25,296 [INFO] Token yenilendi: eyJzaWQiOiJiMTk2MDc2...
2026-09-15 16:58:25,390 [WARNING] Sayfa 1: HTTP 429
2026-09-15 16:58:25,390 [WARNING] Site engelliyor — run atlaniyor
2026-09-15 17:01:24,254 [INFO] ============================================================
2026-09-15 17:01:24,254 [INFO] MSGKO Scraper v4 — 2026-09-15 17:01:24
2026-09-15 17:01:24,255 [INFO] Kanal [1]: Zero 4 (serverType=5)
2026-09-15 17:01:24,814 [INFO] Token alindi: eyJzaWQiOiI0YmM4YzQ4...
2026-09-15 17:01:24,814 [INFO] [Zero 4] Baglanti testi...
2026-09-15 17:01:25,081 [INFO] Baglanti OK!
2026-09-15 17:01:25,162 [INFO]   [Zero 4] p  1: 192 ilan (toplam=  192, 0s)
2026-09-15 17:01:26,312 [INFO]   [Zero 4] p  2: 192 ilan (toplam=  384, 2s)
2026-09-15 17:01:28,110 [INFO]   [Zero 4] p  3: 192 ilan (toplam=  576, 3s)
2026-09-15 17:01:28,855 [INFO]   [Zero 4] p  4: 192 ilan (toplam=  768, 4s)
2026-09-15 17:01:29,595 [INFO]   [Zero 4] p  5: 192 ilan (toplam=  960, 5s)
2026-09-15 17:01:30,307 [INFO]   [Zero 4] p  6: 192 ilan (toplam= 1152, 6s)
2026-09-15 17:01:31,515 [INFO]   [Zero 4] p  7: 192 ilan (toplam= 1344, 7s)
2026-09-15 17:01:32,249 [INFO]   [Zero 4] p  8: 192 ilan (toplam= 1536, 7s)
2026-09-15 17:01:33,020 [INFO]   [Zero 4] p  9: 192 ilan (toplam= 1728, 8s)
2026-09-15 17:01:33,759 [INFO]   [Zero 4] p 10: 192 ilan (toplam= 1920, 9s)
2026-09-15 17:01:34,465 [INFO]   [Zero 4] p 11: 192 ilan (toplam= 2112, 10s)
2026-09-15 17:01:35,206 [INFO]   [Zero 4] p 12: 192 ilan (toplam= 2304, 10s)
2026-09-15 17:01:35,981 [INFO]   [Zero 4] p 13: 192 ilan (toplam= 2496, 11s)
2026-09-15 17:01:36,699 [INFO]   [Zero 4] p 14: 192 ilan (toplam= 2688, 12s)
2026-09-15 17:01:37,448 [INFO]   [Zero 4] p 15: 192 ilan (toplam= 2880, 13s)
2026-09-15 17:01:38,164 [INFO]   [Zero 4] p 16: 192 ilan (toplam= 3072, 13s)
2026-09-15 17:01:38,867 [INFO]   [Zero 4] p 17: 192 ilan (toplam= 3264, 14s)
2026-09-15 17:01:39,609 [INFO]   [Zero 4] p 18: 192 ilan (toplam= 3456, 15s)
2026-09-15 17:01:40,353 [INFO]   [Zero 4] p 19: 192 ilan (toplam= 3648, 16s)
2026-09-15 17:01:41,078 [INFO]   [Zero 4] p 20: 192 ilan (toplam= 3840, 16s)
2026-09-15 17:01:41,843 [INFO]   [Zero 4] p 21: 192 ilan (toplam= 4032, 17s)
2026-09-15 17:01:43,286 [INFO]   [Zero 4] p 22: 192 ilan (toplam= 4224, 19s)
2026-09-15 17:01:45,029 [INFO]   [Zero 4] p 23: 192 ilan (toplam= 4416, 20s)
2026-09-15 17:01:45,770 [INFO]   [Zero 4] p 24: 192 ilan (toplam= 4608, 21s)
2026-09-15 17:01:46,535 [INFO]   [Zero 4] p 25: 192 ilan (toplam= 4800, 22s)
2026-09-15 17:01:47,805 [INFO]   [Zero 4] p 26: 192 ilan (toplam= 4992, 23s)
2026-09-15 17:01:48,548 [INFO]   [Zero 4] p 27: 192 ilan (toplam= 5184, 24s)
2026-09-15 17:01:50,013 [INFO]   [Zero 4] p 28: 192 ilan (toplam= 5376, 25s)
2026-09-15 17:01:51,708 [INFO]   [Zero 4] p 29: 192 ilan (toplam= 5568, 27s)
2026-09-15 17:01:52,418 [INFO]   [Zero 4] p 30: 192 ilan (toplam= 5760, 28s)
2026-09-15 17:01:53,008 [WARNING]   [Zero 4] p31 → 429, 90sn bekleniyor...
2026-09-15 17:03:23,155 [INFO] Token yenilendi: eyJzaWQiOiI0YmM4YzQ4...
2026-09-15 17:03:23,252 [WARNING]   [Zero 4] p31 hâlâ 429 — kanal bitti
2026-09-15 17:03:23,252 [INFO] [Zero 4] TOPLAM: 5760 ilan
2026-09-15 17:03:32,826 [INFO] [zero4] 5760 ilan yazildi (9289ms)
2026-09-15 17:03:32,826 [INFO] Tamamlandi — 128sn
2026-09-15 17:03:32,826 [INFO] ============================================================
2026-09-15 17:04:24,258 [INFO] ============================================================
2026-09-15 17:04:24,258 [INFO] MSGKO Scraper v4 — 2026-09-15 17:04:24
2026-09-15 17:04:24,258 [INFO] Kanal [2]: Zero 5 (serverType=8)
2026-09-15 17:04:25,838 [INFO] Token alindi: eyJzaWQiOiI0OGVjZTdm...
2026-09-15 17:04:25,838 [INFO] [Zero 5] Baglanti testi...
2026-09-15 17:04:25,929 [WARNING] Sayfa 1: HTTP 429
2026-09-15 17:04:25,929 [INFO] 60sn bekleniyor...
2026-09-15 17:05:26,062 [INFO] Token yenilendi: eyJzaWQiOiI0OGVjZTdm...
2026-09-15 17:05:27,186 [WARNING] Sayfa 1: HTTP 429
2026-09-15 17:05:27,186 [INFO] 120sn bekleniyor...
2026-09-15 17:07:27,331 [INFO] Token yenilendi: eyJzaWQiOiI0OGVjZTdm...
2026-09-15 17:07:27,429 [WARNING] Sayfa 1: HTTP 429
2026-09-15 17:07:27,429 [WARNING] Site engelliyor — run atlaniyor
2026-09-15 17:10:24,255 [INFO] ============================================================
2026-09-15 17:10:24,256 [INFO] MSGKO Scraper v4 — 2026-09-15 17:10:24
2026-09-15 17:10:24,256 [INFO] Kanal [3]: Zero 8 (serverType=15)
2026-09-15 17:10:25,521 [INFO] Token alindi: eyJzaWQiOiIwYWRlYTk0...
2026-09-15 17:10:25,521 [INFO] [Zero 8] Baglanti testi...
2026-09-15 17:10:25,635 [WARNING] Sayfa 1: HTTP 429
2026-09-15 17:10:25,635 [INFO] 60sn bekleniyor...
2026-09-15 17:11:25,785 [INFO] Token yenilendi: eyJzaWQiOiIwYWRlYTk0...
2026-09-15 17:11:25,988 [WARNING] Sayfa 1: HTTP 429
2026-09-15 17:11:25,988 [INFO] 120sn bekleniyor...
2026-09-15 17:13:26,481 [INFO] Token yenilendi: eyJzaWQiOiIwYWRlYTk0...
2026-09-15 17:13:26,564 [WARNING] Sayfa 1: HTTP 429
2026-09-15 17:13:26,565 [WARNING] Site engelliyor — run atlaniyor
2026-09-15 17:16:24,265 [INFO] ============================================================
2026-09-15 17:16:24,265 [INFO] MSGKO Scraper v4 — 2026-09-15 17:16:24
2026-09-15 17:16:24,265 [INFO] Kanal [4]: Agartha 3 (serverType=1)
2026-09-15 17:16:25,322 [INFO] Token alindi: eyJzaWQiOiJkMzA3N2U1...
2026-09-15 17:16:25,322 [INFO] [Agartha 3] Baglanti testi...
2026-09-15 17:16:25,411 [WARNING] Sayfa 1: HTTP 429
2026-09-15 17:16:25,411 [INFO] 60sn bekleniyor...
2026-09-15 17:17:25,556 [INFO] Token yenilendi: eyJzaWQiOiJkMzA3N2U1...
2026-09-15 17:17:25,681 [WARNING] Sayfa 1: HTTP 429
2026-09-15 17:17:25,681 [INFO] 120sn bekleniyor...
2026-09-15 17:19:26,537 [INFO] Token yenilendi: eyJzaWQiOiJkMzA3N2U1...
2026-09-15 17:19:27,238 [INFO] Baglanti OK!
2026-09-15 17:19:27,331 [INFO]   [Agartha 3] p  1: 192 ilan (toplam=  192, 183s)
2026-09-15 17:19:28,246 [INFO]   [Agartha 3] p  2: 192 ilan (toplam=  384, 183s)
2026-09-15 17:19:29,828 [INFO]   [Agartha 3] p  3: 192 ilan (toplam=  576, 185s)
2026-09-15 17:19:31,234 [INFO]   [Agartha 3] p  4: 192 ilan (toplam=  768, 186s)
2026-09-15 17:19:32,000 [INFO]   [Agartha 3] p  5: 192 ilan (toplam=  960, 187s)
2026-09-15 17:19:33,715 [INFO]   [Agartha 3] p  6: 192 ilan (toplam= 1152, 189s)
2026-09-15 17:19:34,469 [INFO]   [Agartha 3] p  7: 192 ilan (toplam= 1344, 190s)
2026-09-15 17:19:36,326 [INFO]   [Agartha 3] p  8: 192 ilan (toplam= 1536, 192s)
2026-09-15 17:19:37,186 [INFO]   [Agartha 3] p  9: 192 ilan (toplam= 1728, 192s)
2026-09-15 17:19:38,599 [INFO]   [Agartha 3] p 10: 192 ilan (toplam= 1920, 194s)
2026-09-15 17:19:39,359 [INFO]   [Agartha 3] p 11: 192 ilan (toplam= 2112, 195s)
2026-09-15 17:19:40,222 [INFO]   [Agartha 3] p 12: 192 ilan (toplam= 2304, 195s)
2026-09-15 17:19:41,075 [INFO]   [Agartha 3] p 13: 192 ilan (toplam= 2496, 196s)
2026-09-15 17:19:41,882 [INFO]   [Agartha 3] p 14: 192 ilan (toplam= 2688, 197s)
2026-09-15 17:19:42,696 [INFO]   [Agartha 3] p 15: 192 ilan (toplam= 2880, 198s)
2026-09-15 17:19:43,501 [INFO]   [Agartha 3] p 16: 192 ilan (toplam= 3072, 199s)
2026-09-15 17:19:44,283 [INFO]   [Agartha 3] p 17: 192 ilan (toplam= 3264, 200s)
2026-09-15 17:19:46,199 [INFO]   [Agartha 3] p 18: 192 ilan (toplam= 3456, 201s)
2026-09-15 17:19:46,945 [INFO]   [Agartha 3] p 19: 192 ilan (toplam= 3648, 202s)
2026-09-15 17:19:48,160 [INFO]   [Agartha 3] p 20: 192 ilan (toplam= 3840, 203s)
2026-09-15 17:19:48,953 [INFO]   [Agartha 3] p 21: 192 ilan (toplam= 4032, 204s)
2026-09-15 17:19:50,553 [INFO]   [Agartha 3] p 22: 192 ilan (toplam= 4224, 206s)
2026-09-15 17:19:51,334 [INFO]   [Agartha 3] p 23: 192 ilan (toplam= 4416, 207s)
2026-09-15 17:19:52,142 [INFO]   [Agartha 3] p 24: 192 ilan (toplam= 4608, 207s)
2026-09-15 17:19:53,000 [INFO]   [Agartha 3] p 25: 192 ilan (toplam= 4800, 208s)
2026-09-15 17:19:54,750 [INFO]   [Agartha 3] p 26: 192 ilan (toplam= 4992, 210s)
2026-09-15 17:19:55,569 [INFO]   [Agartha 3] p 27: 192 ilan (toplam= 5184, 211s)
2026-09-15 17:19:56,390 [INFO]   [Agartha 3] p 28: 192 ilan (toplam= 5376, 212s)
2026-09-15 17:19:57,191 [INFO]   [Agartha 3] p 29: 192 ilan (toplam= 5568, 212s)
2026-09-15 17:19:58,768 [INFO]   [Agartha 3] p 30: 192 ilan (toplam= 5760, 214s)
2026-09-15 17:19:59,394 [WARNING]   [Agartha 3] p31 → 429, 90sn bekleniyor...
2026-09-15 17:21:29,535 [INFO] Token yenilendi: eyJzaWQiOiJkMzA3N2U1...
2026-09-15 17:21:30,801 [INFO]   [Agartha 3] p 31: 192 ilan (toplam= 5952, 306s)
2026-09-15 17:21:31,554 [INFO]   [Agartha 3] p 32: 192 ilan (toplam= 6144, 307s)
2026-09-15 17:21:32,843 [INFO]   [Agartha 3] p 33: 192 ilan (toplam= 6336, 308s)
2026-09-15 17:21:33,653 [INFO]   [Agartha 3] p 34: 192 ilan (toplam= 6528, 309s)
2026-09-15 17:21:35,264 [INFO]   [Agartha 3] p 35: 192 ilan (toplam= 6720, 310s)
2026-09-15 17:21:36,101 [INFO]   [Agartha 3] p 36: 192 ilan (toplam= 6912, 311s)
2026-09-15 17:21:36,889 [INFO]   [Agartha 3] p 37: 192 ilan (toplam= 7104, 312s)
2026-09-15 17:21:37,653 [INFO]   [Agartha 3] p 38: 192 ilan (toplam= 7296, 313s)
2026-09-15 17:21:38,432 [INFO]   [Agartha 3] p 39: 192 ilan (toplam= 7488, 314s)
2026-09-15 17:21:39,240 [INFO]   [Agartha 3] p 40: 192 ilan (toplam= 7680, 314s)
2026-09-15 17:21:39,992 [INFO]   [Agartha 3] p 41: 192 ilan (toplam= 7872, 315s)
2026-09-15 17:21:40,776 [INFO]   [Agartha 3] p 42: 192 ilan (toplam= 8064, 316s)
2026-09-15 17:21:42,545 [INFO]   [Agartha 3] p 43: 192 ilan (toplam= 8256, 318s)
2026-09-15 17:21:43,306 [INFO]   [Agartha 3] p 44: 192 ilan (toplam= 8448, 319s)
2026-09-15 17:21:45,018 [INFO]   [Agartha 3] p 45: 192 ilan (toplam= 8640, 320s)
2026-09-15 17:21:45,846 [INFO]   [Agartha 3] p 46: 192 ilan (toplam= 8832, 321s)
2026-09-15 17:21:46,608 [INFO]   [Agartha 3] p 47: 192 ilan (toplam= 9024, 322s)
2026-09-15 17:21:47,372 [INFO]   [Agartha 3] p 48: 192 ilan (toplam= 9216, 323s)
2026-09-15 17:21:48,789 [INFO]   [Agartha 3] p 49: 192 ilan (toplam= 9408, 324s)
2026-09-15 17:21:50,197 [INFO]   [Agartha 3] p 50: 192 ilan (toplam= 9600, 325s)
2026-09-15 17:21:50,963 [INFO]   [Agartha 3] p 51: 192 ilan (toplam= 9792, 326s)
2026-09-15 17:21:52,748 [INFO]   [Agartha 3] p 52: 192 ilan (toplam= 9984, 328s)
2026-09-15 17:21:53,544 [INFO]   [Agartha 3] p 53: 192 ilan (toplam=10176, 329s)
2026-09-15 17:21:54,362 [INFO]   [Agartha 3] p 54: 192 ilan (toplam=10368, 330s)
2026-09-15 17:21:55,622 [INFO]   [Agartha 3] p 55: 192 ilan (toplam=10560, 331s)
2026-09-15 17:21:56,424 [INFO]   [Agartha 3] p 56: 192 ilan (toplam=10752, 332s)
2026-09-15 17:21:57,182 [INFO]   [Agartha 3] p 57: 192 ilan (toplam=10944, 332s)
2026-09-15 17:21:57,932 [INFO]   [Agartha 3] p 58: 192 ilan (toplam=11136, 333s)
2026-09-15 17:21:58,726 [INFO]   [Agartha 3] p 59: 192 ilan (toplam=11328, 334s)
2026-09-15 17:21:59,474 [INFO]   [Agartha 3] p 60: 192 ilan (toplam=11520, 335s)
2026-09-15 17:22:00,681 [WARNING]   [Agartha 3] p61 → 429, 90sn bekleniyor...
2026-09-15 17:23:30,796 [INFO] Token yenilendi: eyJzaWQiOiJkMzA3N2U1...
2026-09-15 17:23:30,917 [WARNING]   [Agartha 3] p61 hâlâ 429 — kanal bitti
2026-09-15 17:23:30,917 [INFO] [Agartha 3] TOPLAM: 11520 ilan
2026-09-15 17:23:51,986 [INFO] [agartha3] 11520 ilan yazildi (20768ms)
2026-09-15 17:23:51,986 [INFO] Tamamlandi — 447sn
2026-09-15 17:23:51,986 [INFO] ============================================================
2026-09-15 17:25:24,297 [INFO] ============================================================
2026-09-15 17:25:24,297 [INFO] MSGKO Scraper v4 — 2026-09-15 17:25:24
2026-09-15 17:25:24,297 [INFO] Kanal [5]: Agartha 4 (serverType=12)
2026-09-15 17:25:24,812 [INFO] Token alindi: eyJzaWQiOiI3NTNlMjJm...
2026-09-15 17:25:24,812 [INFO] [Agartha 4] Baglanti testi...
2026-09-15 17:25:24,932 [WARNING] Sayfa 1: HTTP 429
2026-09-15 17:25:24,932 [INFO] 60sn bekleniyor...
2026-09-15 17:26:25,070 [INFO] Token yenilendi: eyJzaWQiOiI3NTNlMjJm...
2026-09-15 17:26:25,188 [WARNING] Sayfa 1: HTTP 429
2026-09-15 17:26:25,188 [INFO] 120sn bekleniyor...
2026-09-15 17:28:25,332 [INFO] Token yenilendi: eyJzaWQiOiI3NTNlMjJm...
2026-09-15 17:28:25,701 [INFO] Baglanti OK!
2026-09-15 17:28:25,797 [INFO]   [Agartha 4] p  1: 192 ilan (toplam=  192, 181s)
2026-09-15 17:28:26,598 [INFO]   [Agartha 4] p  2: 192 ilan (toplam=  384, 182s)
2026-09-15 17:28:27,356 [INFO]   [Agartha 4] p  3: 192 ilan (toplam=  576, 183s)
2026-09-15 17:28:28,151 [INFO]   [Agartha 4] p  4: 192 ilan (toplam=  768, 183s)
2026-09-15 17:28:28,926 [INFO]   [Agartha 4] p  5: 192 ilan (toplam=  960, 184s)
2026-09-15 17:28:29,681 [INFO]   [Agartha 4] p  6: 192 ilan (toplam= 1152, 185s)
2026-09-15 17:28:30,471 [INFO]   [Agartha 4] p  7: 192 ilan (toplam= 1344, 186s)
2026-09-15 17:28:31,251 [INFO]   [Agartha 4] p  8: 192 ilan (toplam= 1536, 186s)
2026-09-15 17:28:32,002 [INFO]   [Agartha 4] p  9: 192 ilan (toplam= 1728, 187s)
2026-09-15 17:28:33,268 [INFO]   [Agartha 4] p 10: 192 ilan (toplam= 1920, 188s)
2026-09-15 17:28:34,029 [INFO]   [Agartha 4] p 11: 192 ilan (toplam= 2112, 189s)
2026-09-15 17:28:34,822 [INFO]   [Agartha 4] p 12: 192 ilan (toplam= 2304, 190s)
2026-09-15 17:28:35,570 [INFO]   [Agartha 4] p 13: 192 ilan (toplam= 2496, 191s)
2026-09-15 17:28:36,335 [INFO]   [Agartha 4] p 14: 192 ilan (toplam= 2688, 192s)
2026-09-15 17:28:38,222 [INFO]   [Agartha 4] p 15: 192 ilan (toplam= 2880, 193s)
2026-09-15 17:28:39,018 [INFO]   [Agartha 4] p 16: 192 ilan (toplam= 3072, 194s)
2026-09-15 17:28:40,635 [INFO]   [Agartha 4] p 17: 192 ilan (toplam= 3264, 196s)
2026-09-15 17:28:41,429 [INFO]   [Agartha 4] p 18: 192 ilan (toplam= 3456, 197s)
2026-09-15 17:28:43,274 [INFO]   [Agartha 4] p 19: 192 ilan (toplam= 3648, 198s)
2026-09-15 17:28:44,081 [INFO]   [Agartha 4] p 20: 192 ilan (toplam= 3840, 199s)
2026-09-15 17:28:45,936 [INFO]   [Agartha 4] p 21: 192 ilan (toplam= 4032, 201s)
2026-09-15 17:28:46,684 [INFO]   [Agartha 4] p 22: 192 ilan (toplam= 4224, 202s)
2026-09-15 17:28:47,434 [INFO]   [Agartha 4] p 23: 192 ilan (toplam= 4416, 203s)
2026-09-15 17:28:48,269 [INFO]   [Agartha 4] p 24: 192 ilan (toplam= 4608, 203s)
2026-09-15 17:28:49,031 [INFO]   [Agartha 4] p 25: 192 ilan (toplam= 4800, 204s)
2026-09-15 17:28:49,786 [INFO]   [Agartha 4] p 26: 192 ilan (toplam= 4992, 205s)
2026-09-15 17:28:50,575 [INFO]   [Agartha 4] p 27: 192 ilan (toplam= 5184, 206s)
2026-09-15 17:28:51,326 [INFO]   [Agartha 4] p 28: 192 ilan (toplam= 5376, 207s)
2026-09-15 17:28:52,071 [INFO]   [Agartha 4] p 29: 192 ilan (toplam= 5568, 207s)
2026-09-15 17:28:52,856 [INFO]   [Agartha 4] p 30: 192 ilan (toplam= 5760, 208s)
2026-09-15 17:28:53,494 [WARNING]   [Agartha 4] p31 → 429, 90sn bekleniyor...
2026-09-15 17:30:23,627 [INFO] Token yenilendi: eyJzaWQiOiI3NTNlMjJm...
2026-09-15 17:30:23,754 [WARNING]   [Agartha 4] p31 hâlâ 429 — kanal bitti
2026-09-15 17:30:23,754 [INFO] [Agartha 4] TOPLAM: 5760 ilan
2026-09-15 17:30:36,399 [INFO] [agartha4] 5760 ilan yazildi (12355ms)
2026-09-15 17:30:36,399 [INFO] Tamamlandi — 312sn
2026-09-15 17:30:36,399 [INFO] ============================================================
2026-09-15 17:31:24,268 [INFO] ============================================================
2026-09-15 17:31:24,269 [INFO] MSGKO Scraper v4 — 2026-09-15 17:31:24
2026-09-15 17:31:24,269 [INFO] Kanal [6]: Pandora 3 (serverType=2)
2026-09-15 17:31:24,731 [INFO] Token alindi: eyJzaWQiOiIyODY3Yzg4...
2026-09-15 17:31:24,731 [INFO] [Pandora 3] Baglanti testi...
2026-09-15 17:31:24,848 [WARNING] Sayfa 1: HTTP 429
2026-09-15 17:31:24,848 [INFO] 60sn bekleniyor...
2026-09-15 17:32:24,960 [INFO] Token yenilendi: eyJzaWQiOiIyODY3Yzg4...
2026-09-15 17:32:25,085 [WARNING] Sayfa 1: HTTP 429
2026-09-15 17:32:25,085 [INFO] 120sn bekleniyor...
2026-09-15 17:34:25,344 [INFO] Token yenilendi: eyJzaWQiOiIyODY3Yzg4...
2026-09-15 17:34:25,463 [WARNING] Sayfa 1: HTTP 429
2026-09-15 17:34:25,463 [WARNING] Site engelliyor — run atlaniyor
2026-09-15 17:37:24,306 [INFO] ============================================================
2026-09-15 17:37:24,306 [INFO] MSGKO Scraper v4 — 2026-09-15 17:37:24
2026-09-15 17:37:24,307 [INFO] Kanal [7]: Pandora 4 (serverType=11)
2026-09-15 17:37:24,781 [INFO] Token alindi: eyJzaWQiOiIxNDljN2Qx...
2026-09-15 17:37:24,781 [INFO] [Pandora 4] Baglanti testi...
2026-09-15 17:37:24,884 [WARNING] Sayfa 1: HTTP 429
2026-09-15 17:37:24,885 [INFO] 60sn bekleniyor...
2026-09-15 17:38:25,094 [INFO] Token yenilendi: eyJzaWQiOiIxNDljN2Qx...
2026-09-15 17:38:25,264 [WARNING] Sayfa 1: HTTP 429
2026-09-15 17:38:25,264 [INFO] 120sn bekleniyor...
2026-09-15 17:40:25,480 [INFO] Token yenilendi: eyJzaWQiOiIxNDljN2Qx...
2026-09-15 17:40:25,579 [WARNING] Sayfa 1: HTTP 429
2026-09-15 17:40:25,579 [WARNING] Site engelliyor — run atlaniyor
2026-09-15 17:43:24,266 [INFO] ============================================================
2026-09-15 17:43:24,266 [INFO] MSGKO Scraper v4 — 2026-09-15 17:43:24
2026-09-15 17:43:24,267 [INFO] Kanal [8]: Destan 2 (serverType=4)
2026-09-15 17:43:24,745 [INFO] Token alindi: eyJzaWQiOiI2NzBiNGI5...
2026-09-15 17:43:24,745 [INFO] [Destan 2] Baglanti testi...
2026-09-15 17:43:24,871 [WARNING] Sayfa 1: HTTP 429
2026-09-15 17:43:24,871 [INFO] 60sn bekleniyor...
2026-09-15 17:44:24,993 [INFO] Token yenilendi: eyJzaWQiOiI2NzBiNGI5...
2026-09-15 17:44:25,132 [WARNING] Sayfa 1: HTTP 429
2026-09-15 17:44:25,132 [INFO] 120sn bekleniyor...
2026-09-15 17:46:25,332 [INFO] Token yenilendi: eyJzaWQiOiI2NzBiNGI5...
2026-09-15 17:46:25,466 [WARNING] Sayfa 1: HTTP 429
2026-09-15 17:46:25,466 [WARNING] Site engelliyor — run atlaniyor
2026-09-15 17:49:24,290 [INFO] ============================================================
2026-09-15 17:49:24,290 [INFO] MSGKO Scraper v4 — 2026-09-15 17:49:24
2026-09-15 17:49:24,291 [INFO] Kanal [9]: Destan 3 (serverType=13)
2026-09-15 17:49:24,764 [INFO] Token alindi: eyJzaWQiOiI1OGJkMTFi...
2026-09-15 17:49:24,764 [INFO] [Destan 3] Baglanti testi...
2026-09-15 17:49:24,887 [WARNING] Sayfa 1: HTTP 429
2026-09-15 17:49:24,887 [INFO] 60sn bekleniyor...
2026-09-15 17:50:24,996 [INFO] Token yenilendi: eyJzaWQiOiI1OGJkMTFi...
2026-09-15 17:50:25,105 [WARNING] Sayfa 1: HTTP 429
2026-09-15 17:50:25,105 [INFO] 120sn bekleniyor...
2026-09-15 17:52:25,244 [INFO] Token yenilendi: eyJzaWQiOiI1OGJkMTFi...
2026-09-15 17:52:25,473 [WARNING] Sayfa 1: HTTP 429
2026-09-15 17:52:25,473 [WARNING] Site engelliyor — run atlaniyor
2026-09-15 17:55:24,270 [INFO] ============================================================
2026-09-15 17:55:24,270 [INFO] MSGKO Scraper v4 — 2026-09-15 17:55:24
2026-09-15 17:55:24,270 [INFO] Kanal [0]: Zero 3 (serverType=0)
2026-09-15 17:55:24,739 [INFO] Token alindi: eyJzaWQiOiJiMTA2ZjEx...
2026-09-15 17:55:24,739 [INFO] [Zero 3] Baglanti testi...
2026-09-15 17:55:25,887 [WARNING] Sayfa 1: HTTP 429
2026-09-15 17:55:25,887 [INFO] 60sn bekleniyor...
2026-09-15 17:56:27,100 [INFO] Token yenilendi: eyJzaWQiOiJiMTA2ZjEx...
2026-09-15 17:56:27,239 [WARNING] Sayfa 1: HTTP 429
2026-09-15 17:56:27,239 [INFO] 120sn bekleniyor...
2026-09-15 17:58:27,405 [INFO] Token yenilendi: eyJzaWQiOiJiMTA2ZjEx...
2026-09-15 17:58:27,536 [WARNING] Sayfa 1: HTTP 429
2026-09-15 17:58:27,536 [WARNING] Site engelliyor — run atlaniyor
2026-09-15 18:01:24,271 [INFO] ============================================================
2026-09-15 18:01:24,271 [INFO] MSGKO Scraper v4 — 2026-09-15 18:01:24
2026-09-15 18:01:24,271 [INFO] Kanal [1]: Zero 4 (serverType=5)
2026-09-15 18:01:24,784 [INFO] Token alindi: eyJzaWQiOiJlMGZlODY2...
2026-09-15 18:01:24,784 [INFO] [Zero 4] Baglanti testi...
2026-09-15 18:01:25,090 [INFO] Baglanti OK!
2026-09-15 18:01:25,177 [INFO]   [Zero 4] p  1: 192 ilan (toplam=  192, 0s)
2026-09-15 18:01:26,967 [INFO]   [Zero 4] p  2: 192 ilan (toplam=  384, 2s)
2026-09-15 18:01:27,710 [INFO]   [Zero 4] p  3: 192 ilan (toplam=  576, 3s)
2026-09-15 18:01:28,470 [INFO]   [Zero 4] p  4: 192 ilan (toplam=  768, 4s)
2026-09-15 18:01:29,735 [INFO]   [Zero 4] p  5: 192 ilan (toplam=  960, 5s)
2026-09-15 18:01:30,504 [INFO]   [Zero 4] p  6: 192 ilan (toplam= 1152, 6s)
2026-09-15 18:01:31,721 [INFO]   [Zero 4] p  7: 192 ilan (toplam= 1344, 7s)
2026-09-15 18:01:32,482 [INFO]   [Zero 4] p  8: 192 ilan (toplam= 1536, 8s)
2026-09-15 18:01:33,282 [INFO]   [Zero 4] p  9: 192 ilan (toplam= 1728, 9s)
2026-09-15 18:01:34,072 [INFO]   [Zero 4] p 10: 192 ilan (toplam= 1920, 9s)
2026-09-15 18:01:34,802 [INFO]   [Zero 4] p 11: 192 ilan (toplam= 2112, 10s)
2026-09-15 18:01:36,358 [INFO]   [Zero 4] p 12: 192 ilan (toplam= 2304, 12s)
2026-09-15 18:01:37,107 [INFO]   [Zero 4] p 13: 192 ilan (toplam= 2496, 12s)
2026-09-15 18:01:37,847 [INFO]   [Zero 4] p 14: 192 ilan (toplam= 2688, 13s)
2026-09-15 18:01:39,594 [INFO]   [Zero 4] p 15: 192 ilan (toplam= 2880, 15s)
2026-09-15 18:01:41,323 [INFO]   [Zero 4] p 16: 192 ilan (toplam= 3072, 17s)
2026-09-15 18:01:42,131 [INFO]   [Zero 4] p 17: 192 ilan (toplam= 3264, 17s)
2026-09-15 18:01:43,897 [INFO]   [Zero 4] p 18: 192 ilan (toplam= 3456, 19s)
2026-09-15 18:01:45,465 [INFO]   [Zero 4] p 19: 192 ilan (toplam= 3648, 21s)
2026-09-15 18:01:46,232 [INFO]   [Zero 4] p 20: 192 ilan (toplam= 3840, 21s)
2026-09-15 18:01:48,053 [INFO]   [Zero 4] p 21: 192 ilan (toplam= 4032, 23s)
2026-09-15 18:01:48,790 [INFO]   [Zero 4] p 22: 192 ilan (toplam= 4224, 24s)
2026-09-15 18:01:49,541 [INFO]   [Zero 4] p 23: 192 ilan (toplam= 4416, 25s)
2026-09-15 18:01:50,314 [INFO]   [Zero 4] p 24: 192 ilan (toplam= 4608, 26s)
2026-09-15 18:01:51,080 [INFO]   [Zero 4] p 25: 192 ilan (toplam= 4800, 26s)
2026-09-15 18:01:52,711 [INFO]   [Zero 4] p 26: 192 ilan (toplam= 4992, 28s)
2026-09-15 18:01:54,043 [INFO]   [Zero 4] p 27: 192 ilan (toplam= 5184, 29s)
2026-09-15 18:01:54,822 [INFO]   [Zero 4] p 28: 192 ilan (toplam= 5376, 30s)
2026-09-15 18:01:55,574 [INFO]   [Zero 4] p 29: 192 ilan (toplam= 5568, 31s)
2026-09-15 18:01:56,327 [INFO]   [Zero 4] p 30: 192 ilan (toplam= 5760, 32s)
2026-09-15 18:01:56,944 [WARNING]   [Zero 4] p31 → 429, 90sn bekleniyor...
2026-09-15 18:03:27,088 [INFO] Token yenilendi: eyJzaWQiOiJlMGZlODY2...
2026-09-15 18:03:27,207 [WARNING]   [Zero 4] p31 hâlâ 429 — kanal bitti
2026-09-15 18:03:27,207 [INFO] [Zero 4] TOPLAM: 5760 ilan
2026-09-15 18:03:39,659 [INFO] [zero4] 5760 ilan yazildi (12165ms)
2026-09-15 18:03:39,659 [INFO] Tamamlandi — 135sn
2026-09-15 18:03:39,659 [INFO] ============================================================
2026-09-15 18:04:24,278 [INFO] ============================================================
2026-09-15 18:04:24,278 [INFO] MSGKO Scraper v4 — 2026-09-15 18:04:24
2026-09-15 18:04:24,279 [INFO] Kanal [2]: Zero 5 (serverType=8)
2026-09-15 18:04:25,399 [INFO] Token alindi: eyJzaWQiOiIzMGQwNDFl...
2026-09-15 18:04:25,400 [INFO] [Zero 5] Baglanti testi...
2026-09-15 18:04:25,524 [WARNING] Sayfa 1: HTTP 429
2026-09-15 18:04:25,524 [INFO] 60sn bekleniyor...
2026-09-15 18:05:25,646 [INFO] Token yenilendi: eyJzaWQiOiIzMGQwNDFl...
2026-09-15 18:05:25,761 [WARNING] Sayfa 1: HTTP 429
2026-09-15 18:05:25,761 [INFO] 120sn bekleniyor...
2026-09-15 18:07:25,879 [INFO] Token yenilendi: eyJzaWQiOiIzMGQwNDFl...
2026-09-15 18:07:26,014 [WARNING] Sayfa 1: HTTP 429
2026-09-15 18:07:26,014 [WARNING] Site engelliyor — run atlaniyor
2026-09-15 18:10:24,273 [INFO] ============================================================
2026-09-15 18:10:24,274 [INFO] MSGKO Scraper v4 — 2026-09-15 18:10:24
2026-09-15 18:10:24,274 [INFO] Kanal [3]: Zero 8 (serverType=15)
2026-09-15 18:10:24,780 [INFO] Token alindi: eyJzaWQiOiJkOWRjNWY1...
2026-09-15 18:10:24,780 [INFO] [Zero 8] Baglanti testi...
2026-09-15 18:10:24,892 [WARNING] Sayfa 1: HTTP 429
2026-09-15 18:10:24,892 [INFO] 60sn bekleniyor...
2026-09-15 18:11:25,049 [INFO] Token yenilendi: eyJzaWQiOiJkOWRjNWY1...
2026-09-15 18:11:25,161 [WARNING] Sayfa 1: HTTP 429
2026-09-15 18:11:25,161 [INFO] 120sn bekleniyor...
2026-09-15 18:13:25,308 [INFO] Token yenilendi: eyJzaWQiOiJkOWRjNWY1...
2026-09-15 18:13:25,428 [WARNING] Sayfa 1: HTTP 429
2026-09-15 18:13:25,429 [WARNING] Site engelliyor — run atlaniyor
2026-09-15 18:16:24,278 [INFO] ============================================================
2026-09-15 18:16:24,278 [INFO] MSGKO Scraper v4 — 2026-09-15 18:16:24
2026-09-15 18:16:24,278 [INFO] Kanal [4]: Agartha 3 (serverType=1)
2026-09-15 18:16:25,380 [INFO] Token alindi: eyJzaWQiOiJkMDU1NTBl...
2026-09-15 18:16:25,381 [INFO] [Agartha 3] Baglanti testi...
2026-09-15 18:16:25,493 [WARNING] Sayfa 1: HTTP 429
2026-09-15 18:16:25,493 [INFO] 60sn bekleniyor...
2026-09-15 18:17:25,616 [INFO] Token yenilendi: eyJzaWQiOiJkMDU1NTBl...
2026-09-15 18:17:25,742 [WARNING] Sayfa 1: HTTP 429
2026-09-15 18:17:25,742 [INFO] 120sn bekleniyor...
2026-09-15 18:19:25,848 [INFO] Token yenilendi: eyJzaWQiOiJkMDU1NTBl...
2026-09-15 18:19:25,955 [WARNING] Sayfa 1: HTTP 429
2026-09-15 18:19:25,955 [WARNING] Site engelliyor — run atlaniyor
2026-09-15 18:22:24,284 [INFO] ============================================================
2026-09-15 18:22:24,284 [INFO] MSGKO Scraper v4 — 2026-09-15 18:22:24
2026-09-15 18:22:24,285 [INFO] Kanal [5]: Agartha 4 (serverType=12)
2026-09-15 18:22:25,155 [INFO] Token alindi: eyJzaWQiOiJkZDQ4YjQ2...
2026-09-15 18:22:25,155 [INFO] [Agartha 4] Baglanti testi...
2026-09-15 18:22:25,267 [WARNING] Sayfa 1: HTTP 429
2026-09-15 18:22:25,267 [INFO] 60sn bekleniyor...
2026-09-15 18:23:25,577 [INFO] Token yenilendi: eyJzaWQiOiJkZDQ4YjQ2...
2026-09-15 18:23:25,704 [WARNING] Sayfa 1: HTTP 429
2026-09-15 18:23:25,704 [INFO] 120sn bekleniyor...
2026-09-15 18:25:26,191 [INFO] Token yenilendi: eyJzaWQiOiJkZDQ4YjQ2...
2026-09-15 18:25:26,320 [WARNING] Sayfa 1: HTTP 429
2026-09-15 18:25:26,320 [WARNING] Site engelliyor — run atlaniyor
